PlayerId,mlbamid,Name,season,Age,g,gs,ip,tbf,h,er,hr,so,bb,ibb,hbp,babip_cur,lob_percent_cur,fip_cur,x_fip,hr_fb_cur,f_bv,c_tv,s_fv,o_swing_percent_cur,csw_percent_cur,x_era,position,ev90,barrels,barrel_percent_cur,xera_cur,k_percent_cur,bb_percent_cur,k_minus_bb_percent_cur,era_cur,xera_gap,fip_era_gap,era_l3,k_percent_l3,bb_percent_l3,k_minus_bb_percent_l3,xera_l3,era_xera_gap,fip_l3,era_fip_gap,barrel_percent_l3,o_swing_percent_l3,babip_l3,lob_percent_l3,csw_percent_l3,hr_fb_l3,era_diff,k_percent_diff,bb_percent_diff,k_minus_bb_percent_diff,xera_diff,o_swing_percent_diff,csw_percent_diff,barrel_percent_diff,lob_percent_diff,babip_diff,player_type,era_lg_adj_diff,k_percent_lg_adj_diff,bb_percent_lg_adj_diff,k_minus_bb_percent_lg_adj_diff,xera_lg_adj_diff,o_swing_percent_lg_adj_diff,csw_percent_lg_adj_diff,barrel_percent_lg_adj_diff,lob_percent_lg_adj_diff,babip_lg_adj_diff
31623,694819,Jacob Misiorowski,2026,24,29,29,169.333,646,94,35,14,247,42,0,9,0.24,81.34,2.163,2.229,0.109,100.63,95.934,NA,38.026,33.94,2.063,SP,102.3,13,3.736,2.063,38.235,6.502,31.734,1.86,-0.203,-0.303,NA,NA,NA,NA,NA,NA,NA,NA,NA,NA,NA,NA,NA,NA,NA,NA,NA,NA,NA,NA,NA,NA,NA,NA,pitcher,NA,NA,NA,NA,NA,NA,NA,NA,NA,NA
20778,650911,Cristopher Sanchez,2026,29,33,33,207,857,204,67,19,231,45,0,6,0.336,79.685,2.803,2.652,0.133,95.128,NA,NA,38.229,30.621,3.39,SP,105.3,43,7.478,3.39,26.954,5.251,21.704,2.913,-0.477,0.11,3.347,20.88,5.568,15.312,3.587,-0.24,3.144,0.203,5.803,39.046,0.307,71.708,28.022,0.112,-0.434,6.074,-0.317,6.391,-0.196,-0.817,2.599,1.675,7.977,0.029,pitcher,-0.777,7.431,-1.332,8.763,-0.508,-1.41,3.399,1.54,8.27,0.028
32095,693645,Cameron Schlittler,2026,25,33,33,193.667,761,129,42,16,239,49,0,6,0.254,81.683,2.56,2.858,0.091,98.013,NA,NA,37.706,28.811,2.849,SP,102.9,34,7.281,2.849,31.406,6.439,24.967,1.952,-0.897,-0.608,NA,NA,NA,NA,NA,NA,NA,NA,NA,NA,NA,NA,NA,NA,NA,NA,NA,NA,NA,NA,NA,NA,NA,NA,pitcher,NA,NA,NA,NA,NA,NA,NA,NA,NA,NA
10603,519242,Chris Sale,2026,37,27,27,162.667,648,129,39,10,200,31,0,15,0.304,81.366,2.291,2.818,0.07,96.105,NA,NA,38.764,31.301,2.967,SP,103,25,6.219,2.967,30.864,4.784,26.08,2.158,-0.809,-0.133,2.698,31.608,5.768,25.84,2.939,-0.241,2.374,0.324,6.049,36.849,0.31,78.153,31.972,0.075,-0.54,-0.744,-0.985,0.241,0.028,1.916,-0.671,0.17,3.214,-0.005,pitcher,-0.884,0.613,-2,2.612,-0.284,1.323,0.13,0.035,3.507,-0.006
19959,666200,Jesus Luzardo,2026,28,29,29,178.667,727,141,57,15,221,52,0,11,0.297,75.956,2.778,2.936,0.101,96.454,NA,NA,34.895,32.028,2.847,SP,102.8,26,5.869,2.847,30.399,7.153,23.246,2.871,0.024,0.094,4.347,24.44,7.742,16.699,4.291,0.056,3.925,0.422,9.624,33.589,0.297,70.387,29.296,0.117,-1.476,5.959,-0.589,6.548,-1.444,1.306,2.732,-3.755,5.57,0,pitcher,-1.819,7.315,-1.604,8.919,-1.756,0.713,3.532,-3.89,5.863,-0
18525,656302,Dylan Cease,2026,30,29,29,169,685,108,45,11,239,78,0,3,0.275,77.765,2.558,2.926,0.081,96.686,NA,NA,33.569,29.765,2.921,SP,104,20,5.479,2.921,34.891,11.387,23.504,2.396,-0.524,-0.161,3.736,28.86,8.925,19.935,3.512,0.225,3.258,0.479,7.913,33.043,0.28,69.366,29.227,0.094,-1.34,6.031,2.462,3.569,-0.591,0.527,0.538,-2.434,8.399,-0.005,pitcher,-1.683,7.387,1.447,5.94,-0.903,-0.066,1.338,-2.569,8.692,-0.006
22267,669373,Tarik Skubal,2026,29,26,26,158.667,620,126,48,14,186,27,0,5,0.293,76.59,2.51,2.704,0.099,96.819,NA,NA,39.686,30.59,2.936,SP,104.5,27,6.716,2.936,30,4.355,25.645,2.723,-0.213,0.213,2.442,30.596,4.632,25.963,2.669,-0.228,2.435,0.007,6.355,35.562,0.274,78.519,31.979,0.085,0.281,-0.596,-0.277,-0.318,0.266,4.124,-1.389,0.361,-1.929,0.019,pitcher,-0.062,0.761,-1.292,2.053,-0.045,3.531,-0.589,0.226,-1.636,0.018
25385,656876,Drew Rasmussen,2026,30,30,30,172,669,125,51,14,174,32,0,7,0.251,76.87,2.817,3.216,0.084,95.634,90.004,NA,35.657,28.008,3.048,SP,103.9,27,5.921,3.048,26.009,4.783,21.226,2.669,-0.38,-0.149,2.647,26.554,6.215,20.339,2.91,-0.263,2.539,0.108,4.237,34.104,0.293,77.434,29.247,0.065,0.022,-0.545,-1.431,0.887,0.138,1.553,-1.239,1.684,-0.564,-0.042,pitcher,-0.322,0.812,-2.446,3.258,-0.173,0.96,-0.439,1.549,-0.271,-0.043
27468,672282,Reid Detmers,2026,26,32,32,185,740,144,69,19,211,48,0,5,0.275,73.357,3.016,3.369,0.092,94.084,NA,NA,35.68,29.358,3.287,SP,104.5,37,7.773,3.287,28.514,6.486,22.027,3.357,0.07,0.341,5.912,27.243,9.576,17.666,4.285,1.627,4.513,1.399,9.135,31.975,0.343,65.789,28.76,0.152,-2.555,1.271,-3.09,4.361,-0.998,3.705,0.598,-1.361,7.568,-0.068,pitcher,-2.899,2.627,-4.105,6.732,-1.31,3.112,1.398,-1.496,7.861,-0.069
31986,800048,Parker Messick,2026,25,31,31,183.333,731,143,52,17,191,48,2,4,0.269,81.192,3.075,3.343,0.095,94.002,90.68,NA,33.55,26.794,3.081,SP,103.7,24,4.918,3.081,26.129,6.566,19.562,2.553,-0.528,-0.522,NA,NA,NA,NA,NA,NA,NA,NA,NA,NA,NA,NA,NA,NA,NA,NA,NA,NA,NA,NA,NA,NA,NA,NA,pitcher,NA,NA,NA,NA,NA,NA,NA,NA,NA,NA
33825,808967,Yoshinobu Yamamoto,2026,27,28,28,185,708,119,52,20,182,42,1,7,0.217,80.714,3.335,3.283,0.12,95.927,91.667,91.551,35.777,28.801,2.943,SP,104.2,31,6.499,2.943,25.706,5.932,19.774,2.53,-0.413,-0.805,3,28.533,5.978,22.554,3.44,-0.44,2.611,0.389,8.333,34.296,0.305,75.658,30.393,0.093,-0.47,-2.826,-0.046,-2.78,-0.497,1.481,-1.592,-1.834,5.056,-0.088,pitcher,-0.814,-1.47,-1.061,-0.409,-0.809,0.889,-0.792,-1.969,5.35,-0.089
10954,594798,Jacob deGrom,2026,38,31,31,162.667,668,139,76,20,201,46,3,2,0.301,69.811,3.115,3.14,0.114,97.327,NA,NA,37.763,29.276,3.465,SP,104.1,33,7.876,3.465,30.09,6.886,23.204,4.205,0.74,1.09,2.224,35.223,2.834,32.389,2.212,0.012,1.959,0.265,9.958,37.389,0.322,78.336,34.434,0.076,1.981,-5.133,4.052,-9.185,1.253,0.374,-5.158,-2.083,-8.524,-0.021,pitcher,1.637,-3.776,3.037,-6.814,0.942,-0.219,-4.357,-2.217,-8.231,-0.022
35333,695505,Chase Burns,2026,23,29,29,154.333,630,124,49,17,185,56,0,1,0.289,80.789,3.245,3.446,0.102,97.699,NA,NA,37.134,28.533,3.236,SP,103.7,31,7.99,3.236,29.365,8.889,20.476,2.857,-0.379,-0.387,NA,NA,NA,NA,NA,NA,NA,NA,NA,NA,NA,NA,NA,NA,NA,NA,NA,NA,NA,NA,NA,NA,NA,NA,pitcher,NA,NA,NA,NA,NA,NA,NA,NA,NA,NA
33677,694973,Paul Skenes,2026,24,32,32,174.333,712,146,74,20,200,49,0,11,0.294,69.663,3.332,3.407,0.11,96.819,NA,93.289,35.991,26.713,3.282,SP,104.6,33,7.301,3.282,28.09,6.882,21.208,3.82,0.538,0.489,1.962,33.074,6.226,26.848,2.53,-0.568,2.445,-0.482,5.229,34.483,0.284,85.593,29.384,0.106,1.858,-4.984,0.656,-5.64,0.752,1.508,-2.671,2.072,-15.93,0.011,pitcher,1.514,-3.628,-0.359,-3.269,0.44,0.915,-1.871,1.937,-15.637,0.01
35466,801139,Payton Tolle,2026,23,26,26,148.667,603,123,50,15,171,40,1,6,0.292,77.703,3.042,3.547,0.084,95.715,88.721,NA,40.959,27.651,2.693,SP,104,23,5.959,2.693,28.358,6.633,21.725,3.027,0.334,-0.015,NA,NA,NA,NA,NA,NA,NA,NA,NA,NA,NA,NA,NA,NA,NA,NA,NA,NA,NA,NA,NA,NA,NA,NA,pitcher,NA,NA,NA,NA,NA,NA,NA,NA,NA,NA
30279,693433,Bryan Woo,2026,26,30,30,173,710,152,77,18,175,39,1,8,0.285,66.168,3.247,3.639,0.09,96.066,NA,NA,36.636,25.937,3.666,SP,104.9,34,6.967,3.666,24.648,5.493,19.155,4.006,0.34,0.759,3.156,22.16,3.917,18.243,2.872,0.285,3.597,-0.441,5.092,33.668,0.247,75.998,28.859,0.102,0.849,2.488,1.576,0.912,0.794,2.967,-2.921,1.875,-9.83,0.038,pitcher,0.506,3.844,0.561,3.284,0.483,2.375,-2.121,1.74,-9.537,0.037
22286,669432,Trevor Rogers,2026,28,30,30,169.667,699,162,76,19,157,39,0,3,0.297,69.335,3.45,3.924,0.088,93.807,83.142,NA,38.701,27.77,3.596,SP,104.3,34,6.8,3.596,22.461,5.579,16.881,4.031,0.435,0.581,4.889,17.564,9.858,7.705,5.128,-0.239,4.498,0.39,8.37,31.725,0.321,69.944,24.642,0.104,-0.857,4.897,-4.279,9.176,-1.531,6.976,3.128,-1.57,-0.61,-0.023,pitcher,-1.2,6.253,-5.294,11.547,-1.843,6.383,3.928,-1.705,-0.317,-0.024
27473,676917,Cade Cavalli,2026,27,32,32,169.667,706,148,57,18,200,48,0,16,0.307,77.088,3.256,3.13,0.128,96.637,93.448,NA,33.757,29.619,3.669,SP,104.2,31,7.014,3.669,28.329,6.799,21.53,3.024,-0.645,-0.232,NA,NA,NA,NA,NA,NA,NA,NA,NA,NA,NA,NA,NA,NA,NA,NA,NA,NA,NA,NA,NA,NA,NA,NA,pitcher,NA,NA,NA,NA,NA,NA,NA,NA,NA,NA
10310,554430,Zack Wheeler,2026,36,27,27,156,622,118,53,20,188,47,0,4,0.27,81.56,3.339,3.027,0.143,95.128,90.956,87.457,38.424,28.017,2.906,SP,104.1,23,6.005,2.906,30.225,7.556,22.669,3.058,0.152,-0.282,2.818,28.081,6.194,21.887,2.895,-0.077,3.133,-0.314,7.543,36.496,0.258,77.907,27.359,0.102,0.24,2.144,1.362,0.782,0.011,1.928,0.658,-1.538,3.653,0.012,pitcher,-0.104,3.5,0.347,3.153,-0.301,1.335,1.458,-1.673,3.947,0.012
17277,624133,Ranger Suarez,2026,30,28,28,148.333,612,130,53,10,140,46,0,7,0.294,75.148,3.163,3.69,0.072,90.918,88.072,NA,32.377,27.189,3.607,SP,103.5,22,5.251,3.607,22.876,7.516,15.359,3.216,-0.392,0.053,3.628,22.911,7.072,15.84,3.824,-0.197,3.486,0.142,5.613,33.691,0.305,74.077,26.956,0.125,-0.412,-0.036,0.444,-0.48,-0.217,-1.314,0.233,-0.363,1.071,-0.011,pitcher,-0.755,1.321,-0.571,1.891,-0.528,-1.907,1.033,-0.498,1.365,-0.011
31757,695243,Mason Miller,2026,27,66,0,70,272,37,13,3,129,26,1,2,0.304,80.592,1.174,1.544,0.07,101.374,NA,NA,38.85,38.348,1.697,RP,101.3,8,6.957,1.697,47.426,9.559,37.868,1.671,-0.025,0.498,2.492,41.767,8.434,33.333,1.77,0.722,2.182,0.31,5.691,40.306,0.256,70.565,34.927,0.113,-0.821,5.659,1.125,4.534,-0.073,-1.456,3.421,1.265,10.028,0.047,pitcher,-1.164,7.016,0.11,6.906,-0.385,-2.049,4.221,1.131,10.321,0.046
23793,677952,Braxton Ashcraft,2026,26,28,28,165.333,667,145,67,22,173,35,0,7,0.287,72.983,3.501,3.177,0.143,97.245,NA,91.81,39.045,29.88,3.426,SP,104.7,28,6.195,3.426,25.937,5.247,20.69,3.647,0.221,0.146,NA,NA,NA,NA,NA,NA,NA,NA,NA,NA,NA,NA,NA,NA,NA,NA,NA,NA,NA,NA,NA,NA,NA,NA,pitcher,NA,NA,NA,NA,NA,NA,NA,NA,NA,NA
30122,668909,Gavin Williams,2026,26,32,32,184.333,746,144,77,28,248,61,0,6,0.291,75.669,3.477,2.853,0.17,97.425,92.343,NA,36.327,32.364,3.819,SP,105.4,49,11.369,3.819,33.244,8.177,25.067,3.759,-0.059,0.283,4.442,23.714,9.918,13.796,4.217,0.225,3.765,0.677,6.495,32.364,0.298,69.809,26.09,0.086,-0.682,9.53,-1.741,11.271,-0.399,3.963,6.274,4.874,5.86,-0.007,pitcher,-1.026,10.887,-2.756,13.643,-0.71,3.371,7.075,4.739,6.153,-0.008
13743,608331,Max Fried,2026,32,20,20,112.667,434,79,35,4,104,33,0,2,0.26,72.878,2.65,3.594,0.038,93.926,91.89,NA,32.653,27.535,2.516,SP,102.2,7,2.373,2.516,23.963,7.604,16.359,2.796,0.28,0.146,3.168,23.563,7.705,15.858,3.594,-0.427,3.308,-0.141,4.811,32.135,0.286,73.717,27.906,0.119,-0.372,0.4,-0.101,0.501,-1.079,0.518,-0.371,-2.438,-0.838,-0.026,pitcher,-0.715,1.757,-1.116,2.873,-1.39,-0.075,0.43,-2.573,-0.545,-0.027
33703,690997,Nolan McLean,2026,24,31,31,179.667,747,140,63,17,194,70,0,15,0.276,74.553,3.592,3.689,0.108,95.46,92.19,NA,30.099,28.302,3.612,SP,104,30,6.41,3.612,25.971,9.371,16.6,3.156,-0.456,-0.436,NA,NA,NA,NA,NA,NA,NA,NA,NA,NA,NA,NA,NA,NA,NA,NA,NA,NA,NA,NA,NA,NA,NA,NA,pitcher,NA,NA,NA,NA,NA,NA,NA,NA,NA,NA
12768,543243,Sonny Gray,2026,36,29,29,169,683,148,51,16,149,46,0,5,0.284,83.239,3.475,3.682,0.099,91.803,88.325,NA,33.906,26.667,3.848,SP,103.8,33,6.832,3.848,21.816,6.735,15.081,2.716,-1.132,-0.759,3.561,28.623,6.216,22.407,3.645,-0.084,3.043,0.518,8.36,33.318,0.298,70.331,30.294,0.118,-0.846,-6.808,0.519,-7.326,0.202,0.589,-3.628,-1.527,12.908,-0.014,pitcher,-1.189,-5.451,-0.496,-4.955,-0.109,-0.004,-2.827,-1.662,13.202,-0.014
22264,669358,Shane Baz,2026,27,31,31,179.667,769,179,82,15,154,63,1,6,0.31,68.722,3.625,4.312,0.071,95.751,89.611,NA,32.585,25.129,4.258,SP,104.5,37,6.777,4.258,20.026,8.192,11.834,4.108,-0.15,0.482,3.072,21.63,8.464,13.166,3.62,-0.548,4.074,-1.002,7.306,28.659,0.229,79.576,26.015,0.096,1.036,-1.604,-0.271,-1.333,0.638,3.926,-0.886,-0.529,-10.853,0.081,pitcher,0.692,-0.248,-1.287,1.039,0.327,3.334,-0.086,-0.664,-10.56,0.081
29878,680732,Sean Burke,2026,26,32,27,172.333,716,144,64,19,185,62,0,9,0.285,78.556,3.625,4.004,0.092,94.797,90.059,NA,34.937,28.194,3.784,SP,104.4,38,8.261,3.784,25.838,8.659,17.179,3.342,-0.442,-0.282,1.421,28.947,9.211,19.737,3.8,-2.379,3.324,-1.903,8.511,33.149,0.222,92.593,26.214,0.105,1.921,-3.109,-0.551,-2.558,-0.016,1.788,1.981,-0.25,-14.036,0.063,pitcher,1.578,-1.753,-1.566,-0.187,-0.328,1.195,2.781,-0.385,-13.743,0.062
18684,645261,Sandy Alcantara,2026,30,35,33,213,890,204,92,24,152,59,0,9,0.28,73.406,4.098,4.418,0.095,97.412,90.002,NA,33.517,25.038,3.84,SP,104.3,37,5.522,3.84,17.079,6.629,10.449,3.887,0.047,-0.21,4.153,19.816,6.299,13.517,4.33,-0.177,4.029,0.124,6.989,38.003,0.287,69.627,27.036,0.129,-0.266,-2.738,0.33,-3.068,-0.49,-4.485,-1.998,-1.467,3.779,-0.008,pitcher,-0.609,-1.381,-0.685,-0.696,-0.801,-5.078,-1.197,-1.602,4.073,-0.008
13164,593958,Eduardo Rodriguez,2026,33,32,32,189.667,788,173,61,19,143,62,0,1,0.275,80.229,3.893,4.437,0.082,92.01,88.936,NA,34.783,24.511,4.275,SP,104,44,7.56,4.275,18.147,7.868,10.279,2.895,-1.38,-0.999,4.169,21.964,8.121,13.844,4.814,-0.645,4.132,0.038,9.227,31.02,0.299,74.173,26.934,0.118,-1.275,-3.817,-0.253,-3.565,-0.54,3.763,-2.423,-1.667,6.057,-0.024,pitcher,-1.618,-2.461,-1.268,-1.193,-0.851,3.17,-1.623,-1.802,6.35,-0.024
14107,592332,Kevin Gausman,2026,35,32,32,177.667,750,179,89,26,184,47,1,1,0.315,68.73,3.744,3.583,0.127,93.881,NA,84.068,37.711,28.605,4.017,SP,105.3,40,7.722,4.017,24.533,6.267,18.267,4.508,0.492,0.764,3.659,23.854,7.357,16.496,4.494,-0.834,3.571,0.088,9.734,33.392,0.291,71.865,26.746,0.094,0.849,0.68,-1.091,1.77,-0.477,4.319,1.859,-2.012,-3.135,0.024,pitcher,0.506,2.036,-2.106,4.142,-0.788,3.727,2.659,-2.147,-2.841,0.023
17995,657277,Logan Webb,2026,29,27,27,160.667,668,147,77,13,134,41,0,11,0.288,65.819,3.457,3.739,0.092,92.172,89.864,NA,34.326,26.838,4.079,SP,104.2,28,5.809,4.079,20.06,6.138,13.922,4.313,0.235,0.856,3.421,21.05,5.366,15.683,4.139,-0.717,3.001,0.42,6.961,34.6,0.312,72.176,28.627,0.098,0.892,-0.99,0.772,-1.761,-0.06,-0.274,-1.789,-1.152,-6.358,-0.024,pitcher,0.548,0.367,-0.243,0.61,-0.371,-0.866,-0.988,-1.287,-6.064,-0.025
27691,686973,Louie Varland,2026,28,71,0,78,307,55,11,2,97,23,1,0,0.288,77.128,1.833,2.39,0.043,98.741,NA,NA,38.167,28.641,2.369,RP,103.2,7,3.743,2.369,31.596,7.492,24.104,1.269,-1.1,-0.564,NA,NA,NA,NA,NA,NA,NA,NA,NA,NA,NA,NA,NA,NA,NA,NA,NA,NA,NA,NA,NA,NA,NA,NA,pitcher,NA,NA,NA,NA,NA,NA,NA,NA,NA,NA
19755,660271,Shohei Ohtani,2026,31,14,14,85.667,340,55,17,4,95,26,0,6,0.245,81.081,2.612,3.238,0.057,97.952,93.222,89.114,33.198,30.562,2.731,SP,103.6,8,3.756,2.731,27.941,7.647,20.294,1.786,-0.945,-0.826,3.136,31.45,10.358,21.092,3.82,-0.684,3.997,-0.861,10.067,29.2,0.239,80.286,30.043,0.167,-1.35,-3.509,-2.711,-0.798,-1.089,3.999,0.519,-6.311,0.795,0.006,pitcher,-1.694,-2.152,-3.726,1.573,-1.4,3.406,1.319,-6.446,1.088,0.005
12730,607259,Nick Martinez,2026,35,30,30,177.333,706,164,58,22,108,25,0,3,0.26,83.127,3.971,4.434,0.09,92.533,89.199,NA,34.467,25.535,3.909,SP,103.4,38,6.667,3.909,15.297,3.541,11.756,2.944,-0.966,-1.027,NA,NA,NA,NA,NA,NA,NA,NA,NA,NA,NA,NA,NA,NA,NA,NA,NA,NA,NA,NA,NA,NA,NA,NA,pitcher,NA,NA,NA,NA,NA,NA,NA,NA,NA,NA
21029,661395,Jhoan Duran,2026,28,60,0,58.333,233,49,12,2,82,10,1,4,0.348,81.395,1.457,1.787,0.067,98.739,NA,88.791,37.004,29.733,2.076,RP,104.7,5,3.65,2.076,35.193,4.292,30.901,1.851,-0.225,0.395,3.329,30.032,7.455,22.577,2.717,0.612,2.95,0.379,4.496,32.033,0.314,65.197,30.397,0.155,-1.477,5.161,-3.163,8.324,-0.64,4.971,-0.664,-0.846,16.198,0.034,pitcher,-1.821,6.518,-4.178,10.696,-0.952,4.378,0.136,-0.981,16.492,0.034
20039,670970,Adrian Morejon,2026,27,76,0,86,352,65,27,4,107,28,7,5,0.293,71.429,2.37,2.642,0.08,99.485,NA,92.122,41.284,32.373,2.334,RP,104.6,6,2.83,2.334,30.398,7.955,22.443,2.826,0.492,0.456,2.848,26.103,7.721,18.382,3.31,-0.462,2.79,0.059,8.38,36.17,0.337,76.826,28.195,0.07,-0.023,4.295,0.234,4.061,-0.976,5.114,4.178,-5.55,-5.398,-0.044,pitcher,-0.366,5.651,-0.781,6.432,-1.288,4.521,4.978,-5.685,-5.104,-0.045
22201,669022,MacKenzie Gore,2026,27,33,33,170.667,741,159,87,19,174,70,2,7,0.299,70.678,3.864,4.141,0.097,95.2,89.856,NA,33.142,25.391,4.09,SP,105.3,42,8.571,4.09,23.482,9.447,14.035,4.588,0.498,0.724,4.015,25.009,9.081,15.928,4.41,-0.395,3.818,0.197,7.865,31.627,0.333,70.308,26.239,0.11,0.573,-1.527,0.366,-1.893,-0.32,1.515,-0.848,0.706,0.37,-0.035,pitcher,0.23,-0.171,-0.649,0.479,-0.631,0.922,-0.048,0.571,0.664,-0.036
22543,671737,Taj Bradley,2026,25,31,31,178.333,748,142,74,23,205,76,0,4,0.272,77.977,3.826,3.799,0.118,97.225,89.779,91.543,30.585,27.418,3.973,SP,105.2,42,9.071,3.973,27.406,10.16,17.246,3.735,-0.239,-0.091,4.411,26.937,8.204,18.733,4.205,0.206,4.241,0.171,10.264,32.748,0.289,72.398,26.452,0.159,-0.677,0.469,1.956,-1.487,-0.232,-2.163,0.966,-1.192,5.579,-0.018,pitcher,-1.02,1.826,0.941,0.885,-0.543,-2.756,1.767,-1.327,5.872,-0.018
19716,669160,Dustin May,2026,28,31,31,145.667,621,142,76,14,144,50,0,11,0.32,67.612,3.631,3.967,0.092,96.817,93.368,NA,33.428,27.375,4.433,SP,104.9,32,7.692,4.433,23.188,8.052,15.137,4.696,0.263,1.065,2.625,18.182,8.556,9.626,3.4,-0.775,3.234,-0.609,5.185,28.643,0.209,72.368,22.962,0.021,2.071,5.007,-0.505,5.511,1.033,4.785,4.413,2.507,-4.757,0.111,pitcher,1.727,6.363,-1.52,7.883,0.721,4.192,5.213,2.372,-4.464,0.11
30184,702070,Noah Cameron,2026,26,31,30,177.333,746,160,81,21,158,58,1,5,0.278,70.248,3.926,4.165,0.1,92.407,89.86,NA,32.061,25.959,4.114,SP,104.5,43,8.19,4.114,21.18,7.775,13.405,4.111,-0.003,0.185,NA,NA,NA,NA,NA,NA,NA,NA,NA,NA,NA,NA,NA,NA,NA,NA,NA,NA,NA,NA,NA,NA,NA,NA,pitcher,NA,NA,NA,NA,NA,NA,NA,NA,NA,NA
18383,647336,Michael Soroka,2026,28,21,20,111.333,454,94,41,9,110,27,1,7,0.283,74.523,3.093,3.628,0.077,93.534,89.042,NA,37.173,25.88,4.074,SP,103.4,25,8.065,4.074,24.229,5.947,18.282,3.314,-0.759,0.221,NA,NA,NA,NA,NA,NA,NA,NA,NA,NA,NA,NA,NA,NA,NA,NA,NA,NA,NA,NA,NA,NA,NA,NA,pitcher,NA,NA,NA,NA,NA,NA,NA,NA,NA,NA
26108,669467,Andre Pallante,2026,27,28,28,157,654,146,63,11,106,49,0,6,0.282,72.198,3.714,3.995,0.089,95.365,NA,88.92,28.837,25.99,4.037,SP,103.7,23,4.665,4.037,16.208,7.492,8.716,3.611,-0.425,-0.102,3.79,18.468,9.43,9.037,3.46,0.33,3.71,0.08,3.288,28.559,0.286,70.565,23.877,0.096,-0.179,-2.26,-1.938,-0.322,0.577,0.278,2.113,1.378,1.634,-0.004,pitcher,-0.522,-0.903,-2.953,2.05,0.265,-0.315,2.913,1.243,1.927,-0.005
19853,650633,Michael King,2026,31,32,32,185,757,148,66,20,159,70,0,13,0.26,80.296,4.135,4.336,0.102,93.689,85.467,NA,32.258,27.004,4.397,SP,103.1,42,8.155,4.397,21.004,9.247,11.757,3.211,-1.187,-0.924,2.962,27.686,8.678,19.008,3.56,-0.598,3.333,-0.372,6.154,32.369,0.29,75.184,31.295,0.103,0.249,-6.682,0.569,-7.251,0.837,-0.111,-4.291,2.001,5.112,-0.03,pitcher,-0.094,-5.326,-0.446,-4.88,0.526,-0.703,-3.491,1.867,5.405,-0.03
22250,669302,Logan Gilbert,2026,29,31,31,182,737,153,77,29,197,48,2,7,0.275,78.256,3.915,3.527,0.143,96.392,91.233,81.97,33.898,28.508,3.693,SP,105.2,49,10.103,3.693,26.73,6.513,20.217,3.808,0.115,-0.108,3.358,26.707,4.624,22.082,3.273,0.085,3.408,-0.05,7.638,34.197,0.245,70.833,29.346,0.13,0.45,0.023,1.889,-1.865,0.42,-0.299,-0.838,2.465,7.423,0.03,pitcher,0.106,1.38,0.874,0.506,0.108,-0.892,-0.037,2.33,7.716,0.029
16432,656492,Foster Griffin,2026,30,31,31,172.667,721,164,69,23,158,45,0,10,0.292,76.552,3.959,3.766,0.131,91.531,88.574,81.406,33.436,27.443,4.349,SP,104.5,42,8.268,4.349,21.914,6.241,15.673,3.597,-0.753,-0.363,NA,NA,NA,NA,NA,NA,NA,NA,NA,NA,NA,NA,NA,NA,NA,NA,NA,NA,NA,NA,NA,NA,NA,NA,pitcher,NA,NA,NA,NA,NA,NA,NA,NA,NA,NA
21448,663436,Davis Martin,2026,29,29,28,146,617,146,64,14,122,46,0,10,0.311,73.465,3.828,4.142,0.093,93.443,89.697,NA,33.235,25.67,4.687,SP,104.4,27,6.15,4.687,19.773,7.455,12.318,3.945,-0.742,0.117,4.32,21.364,10.455,10.909,4.02,0.3,4.266,0.054,7.586,33.208,0.321,74.648,26.906,0.094,-0.375,-1.591,-2.999,1.409,0.667,0.028,-1.235,-1.436,-1.183,-0.01,pitcher,-0.718,-0.234,-4.014,3.78,0.355,-0.565,-0.435,-1.571,-0.89,-0.011
27867,671922,Cade Smith,2026,27,69,0,74,295,48,16,5,107,23,1,4,0.277,80.882,2.183,2.631,0.077,97.52,NA,87.08,35.949,32.472,2.824,RP,104.9,14,8.696,2.824,36.271,7.797,28.475,1.946,-0.878,-0.237,1.917,35.64,5.882,29.758,2.55,-0.633,1.401,0.516,8.434,30.034,0.303,79.023,32.247,0.017,0.029,0.631,1.914,-1.283,0.274,5.915,0.225,0.262,1.859,-0.026,pitcher,-0.315,1.987,0.899,1.088,-0.037,5.322,1.025,0.127,2.152,-0.026
22100,667755,Jose Soriano,2026,27,32,32,177.333,745,155,77,18,169,73,1,9,0.29,72.71,3.903,3.732,0.133,96.671,NA,92.321,34.469,28.42,4.434,SP,104,37,7.49,4.434,22.685,9.799,12.886,3.908,-0.526,0.005,3.425,20.726,9.615,11.111,4.14,-0.715,3.804,-0.379,6.625,31.981,0.269,71.001,26.74,0.114,0.483,1.958,0.183,1.775,0.294,2.488,1.68,0.865,1.709,0.021,pitcher,0.14,3.315,-0.832,4.146,-0.017,1.896,2.481,0.73,2.002,0.02
24763,681517,Kyle Leahy,2026,29,30,30,140,596,147,57,15,132,41,0,5,0.33,78.488,3.595,3.647,0.112,94.294,NA,NA,29.774,26.418,4.866,SP,105.2,41,9.809,4.866,22.148,6.879,15.268,3.664,-1.202,0.069,NA,NA,NA,NA,NA,NA,NA,NA,NA,NA,NA,NA,NA,NA,NA,NA,NA,NA,NA,NA,NA,NA,NA,NA,pitcher,NA,NA,NA,NA,NA,NA,NA,NA,NA,NA
29357,700712,Walbert Urena,2026,22,29,27,148.333,625,114,49,10,142,68,2,9,0.263,76.271,3.621,3.945,0.085,98.078,NA,NA,33.012,27.749,3.292,SP,103.7,22,5.419,3.292,22.72,10.88,11.84,2.973,-0.319,-0.648,NA,NA,NA,NA,NA,NA,NA,NA,NA,NA,NA,NA,NA,NA,NA,NA,NA,NA,NA,NA,NA,NA,NA,NA,pitcher,NA,NA,NA,NA,NA,NA,NA,NA,NA,NA
23796,677960,Ryan Weathers,2026,26,25,25,137.333,568,130,55,18,143,38,0,3,0.307,75.446,3.619,3.245,0.149,95.006,NA,NA,30.999,29.855,4.325,SP,106.3,33,8.594,4.325,25.176,6.69,18.486,3.604,-0.72,-0.015,3.654,21.798,6.54,15.259,4.2,-0.546,4.113,-0.458,8.268,30.252,0.276,75.314,27.35,0.122,-0.05,3.378,0.151,3.227,0.125,0.746,2.506,0.326,0.132,0.031,pitcher,-0.393,4.734,-0.864,5.599,-0.187,0.154,3.306,0.191,0.425,0.03
21390,657746,Joe Ryan,2026,30,27,27,144.667,614,137,61,21,159,31,0,13,0.297,70.58,3.704,3.757,0.113,93.459,NA,87.98,34.38,28.612,3.707,SP,104.6,41,9.976,3.707,25.896,5.049,20.847,3.795,0.088,0.091,3.863,27.909,4.506,23.403,3.064,0.799,3.644,0.218,8.597,33.886,0.276,71.989,28.968,0.126,-0.068,-2.013,0.543,-2.556,0.643,0.494,-0.356,1.378,-1.409,0.021,pitcher,-0.411,-0.657,-0.472,-0.185,0.331,-0.099,0.445,1.243,-1.115,0.02
17722,656730,Trevor Megill,2026,32,63,0,61.667,242,40,18,1,69,15,3,1,0.253,65.934,1.854,3.454,0.014,97.982,NA,NA,41.26,31.579,2.628,RP,102.4,10,6.369,2.628,28.512,6.198,22.314,2.627,-0.001,0.773,2.922,28.981,7.747,21.234,2.911,0.011,2.895,0.026,7.543,35.512,0.287,75.419,30.048,0.066,-0.295,-0.469,-1.549,1.08,-0.283,5.748,1.531,-1.173,-9.484,-0.034,pitcher,-0.638,0.887,-2.564,3.452,-0.595,5.155,2.332,-1.308,-9.191,-0.034
25436,669923,George Kirby,2026,28,30,30,174.667,741,197,84,22,148,47,1,3,0.337,73.08,3.904,3.96,0.112,96.844,92.923,87.14,37.735,25.733,4.196,SP,104.7,36,6.63,4.196,19.973,6.343,13.63,4.328,0.132,0.424,3.491,22.938,2.847,20.091,3.553,-0.062,3.281,0.209,7.941,36.249,0.291,72.437,26.623,0.099,0.838,-2.965,3.496,-6.46,0.643,1.485,-0.89,-1.311,0.643,0.046,pitcher,0.494,-1.608,2.481,-4.089,0.332,0.893,-0.09,-1.446,0.937,0.045
30076,694738,Landen Roupp,2026,27,29,29,155,657,126,69,11,143,75,0,5,0.273,69.255,3.728,4.207,0.076,93.356,89.323,NA,31.055,26.63,3.84,SP,102.2,22,5.069,3.84,21.766,11.416,10.35,4.006,0.167,0.278,NA,NA,NA,NA,NA,NA,NA,NA,NA,NA,NA,NA,NA,NA,NA,NA,NA,NA,NA,NA,NA,NA,NA,NA,pitcher,NA,NA,NA,NA,NA,NA,NA,NA,NA,NA
22630,672456,Keider Montero,2026,25,32,25,155,625,124,60,17,107,37,2,6,0.236,71.927,3.98,4.657,0.079,94.475,NA,NA,30.359,25.553,3.52,SP,103.1,34,7.158,3.52,17.12,5.92,11.2,3.484,-0.036,-0.496,NA,NA,NA,NA,NA,NA,NA,NA,NA,NA,NA,NA,NA,NA,NA,NA,NA,NA,NA,NA,NA,NA,NA,NA,pitcher,NA,NA,NA,NA,NA,NA,NA,NA,NA,NA
29914,674841,Andrew Alvarez,2026,27,25,17,112.667,473,95,43,7,114,51,0,3,0.296,76.149,3.324,3.668,0.081,92.135,NA,NA,31.083,28.056,4.191,SP,104.8,19,6.23,4.191,24.101,10.782,13.319,3.435,-0.756,0.111,NA,NA,NA,NA,NA,NA,NA,NA,NA,NA,NA,NA,NA,NA,NA,NA,NA,NA,NA,NA,NA,NA,NA,NA,pitcher,NA,NA,NA,NA,NA,NA,NA,NA,NA,NA
27863,683003,Jared Jones,2026,24,20,20,97.667,402,78,42,12,118,31,0,2,0.277,72.187,3.297,3.446,0.106,98.279,NA,NA,34.645,29.892,3.28,SP,104.8,19,7.57,3.28,29.353,7.711,21.642,3.87,0.59,0.573,4.158,26.19,7.738,18.452,4.05,0.108,4.005,0.154,9.756,33.462,0.284,72.115,29.236,0.131,-0.288,3.163,-0.027,3.189,-0.77,1.183,0.656,-2.186,0.071,-0.007,pitcher,-0.631,4.519,-1.042,5.561,-1.081,0.59,1.456,-2.321,0.365,-0.007
27768,691587,Eury Perez,2026,23,30,29,159,660,124,69,20,170,68,0,10,0.265,71.839,4.071,4.125,0.112,98.054,NA,NA,34.752,25.653,4.047,SP,105.5,41,9.951,4.047,25.758,10.303,15.455,3.906,-0.141,-0.165,3.161,28.877,8.289,20.588,3.61,-0.449,4.109,-0.948,10.73,33.956,0.261,83.333,29.324,0.12,0.744,-3.119,2.014,-5.134,0.437,0.796,-3.67,-0.778,-11.494,0.004,pitcher,0.401,-1.763,0.999,-2.762,0.125,0.203,-2.87,-0.913,-11.201,0.003
14078,608379,Michael Wacha,2026,34,32,32,200.667,812,168,74,30,158,54,1,7,0.246,78.61,4.383,4.395,0.115,93.231,89.54,NA,32.721,25.512,4.001,SP,103.9,42,7.083,4.001,19.458,6.65,12.808,3.319,-0.683,-1.064,3.329,21.434,6.825,14.609,4.097,-0.768,3.702,-0.374,7.822,31.753,0.285,77.682,26.536,0.086,-0.01,-1.976,-0.175,-1.801,-0.095,0.968,-1.025,-0.739,0.927,-0.039,pitcher,-0.353,-0.619,-1.19,0.57,-0.407,0.375,-0.224,-0.874,1.221,-0.039
17586,656945,Tanner Scott,2026,31,69,0,63.667,251,48,19,4,82,15,4,1,0.299,75.342,2.097,2.655,0.069,96.937,NA,NA,43.47,32.191,3.037,RP,104.7,10,6.536,3.037,32.669,5.976,26.693,2.686,-0.351,0.589,1.898,29.941,11.102,18.839,2.841,-0.943,2.723,-0.825,4.316,36.791,0.258,78.951,31.898,0.063,0.788,2.728,-5.126,7.854,0.196,6.679,0.293,2.22,-3.608,0.041,pitcher,0.445,4.085,-6.141,10.225,-0.116,6.086,1.093,2.085,-3.315,0.04
21483,663556,Shane McClanahan,2026,29,24,24,118,487,93,44,10,106,39,0,4,0.255,68.852,3.501,4.023,0.079,95.658,NA,86.946,33.039,28.251,4.285,SP,105.5,30,8.876,4.285,21.766,8.008,13.758,3.356,-0.929,-0.145,3.287,25.8,8.742,17.058,4.1,-0.813,3.916,-0.629,9.772,34.98,0.274,81.739,31.449,0.133,0.069,-4.034,-0.734,-3.3,0.185,-1.941,-3.198,-0.896,-12.887,-0.019,pitcher,-0.274,-2.677,-1.749,-0.928,-0.127,-2.533,-2.397,-1.031,-12.594,-0.019
31475,701656,Logan Henderson,2026,24,18,18,98.333,371,64,27,14,110,19,0,1,0.221,86.957,3.326,3.301,0.118,93.189,87.834,NA,35.525,27.508,2.731,SP,104.3,20,8.299,2.731,29.65,5.121,24.528,2.471,-0.26,-0.855,NA,NA,NA,NA,NA,NA,NA,NA,NA,NA,NA,NA,NA,NA,NA,NA,NA,NA,NA,NA,NA,NA,NA,NA,pitcher,NA,NA,NA,NA,NA,NA,NA,NA,NA,NA
14374,607192,Tyler Glasnow,2026,32,13,13,74,288,45,29,7,98,25,1,1,0.244,68.627,2.737,2.894,0.103,95.686,NA,NA,29.84,33.16,2.859,SP,103.4,14,8.537,2.859,34.028,8.681,25.347,3.527,0.668,0.79,3.5,32.472,6.923,25.549,2.863,0.637,2.902,0.598,8.961,31.633,0.263,69.864,31.115,0.138,0.027,1.556,1.757,-0.201,-0.004,-1.794,2.044,-0.425,-1.237,-0.019,pitcher,-0.316,2.912,0.742,2.17,-0.316,-2.386,2.845,-0.56,-0.944,-0.02
17969,663567,Peter Lambert,2026,29,28,28,153.667,656,134,66,17,153,59,0,12,0.285,75.607,3.935,4.383,0.089,93.861,91.515,NA,34.314,26.124,3.732,SP,103.9,30,6.944,3.732,23.323,8.994,14.329,3.866,0.134,-0.07,NA,NA,NA,NA,NA,NA,NA,NA,NA,NA,NA,NA,NA,NA,NA,NA,NA,NA,NA,NA,NA,NA,NA,NA,pitcher,NA,NA,NA,NA,NA,NA,NA,NA,NA,NA
27474,676974,Max Meyer,2026,27,20,20,111,462,85,33,11,121,41,0,7,0.263,79.932,3.508,3.742,0.098,94.719,NA,NA,33.558,29.481,3.879,SP,104.3,25,8.532,3.879,26.19,8.874,17.316,2.676,-1.204,-0.832,NA,NA,NA,NA,NA,NA,NA,NA,NA,NA,NA,NA,NA,NA,NA,NA,NA,NA,NA,NA,NA,NA,NA,NA,pitcher,NA,NA,NA,NA,NA,NA,NA,NA,NA,NA
31959,687562,Jake Bennett,2026,25,20,19,113.333,455,104,46,12,91,21,2,3,0.284,72.842,3.508,3.809,0.095,92.666,85.1,NA,40,25.448,3.415,SP,104.6,27,7.941,3.415,20,4.615,15.385,3.653,0.238,0.145,NA,NA,NA,NA,NA,NA,NA,NA,NA,NA,NA,NA,NA,NA,NA,NA,NA,NA,NA,NA,NA,NA,NA,NA,pitcher,NA,NA,NA,NA,NA,NA,NA,NA,NA,NA
20492,663554,Casey Mize,2026,29,26,26,131.333,549,123,63,18,110,38,0,3,0.279,68.444,4.145,4.547,0.095,93.359,NA,87.72,31.795,26.452,3.862,SP,104.2,33,8.291,3.862,20.036,6.922,13.115,4.317,0.455,0.172,4.496,17.257,6.416,10.841,4.74,-0.244,3.948,0.547,7.872,31.881,0.331,69.546,25.419,0.109,-0.178,2.78,0.506,2.274,-0.878,-0.086,1.033,0.42,-1.102,-0.053,pitcher,-0.522,4.136,-0.509,4.646,-1.19,-0.679,1.834,0.285,-0.809,-0.053
30182,701542,Will Warren,2026,27,32,29,156,677,159,68,21,158,54,1,4,0.316,71.429,3.942,3.74,0.131,93.609,NA,NA,31.017,28.064,4.343,SP,105.8,33,7.158,4.343,23.338,7.976,15.362,3.923,-0.42,-0.019,10.541,26.364,9.091,17.273,4.52,6.021,4.931,5.609,11.429,29.72,0.431,45.946,29.258,0.172,-6.617,-3.025,-1.115,-1.911,-0.177,1.297,-1.194,-4.27,25.483,-0.115,pitcher,-6.961,-1.669,-2.13,0.461,-0.488,0.704,-0.394,-4.405,25.776,-0.116
21306,656641,Jacob Latz,2026,30,58,1,72,271,35,17,6,83,23,7,0,0.184,78.629,2.838,3.39,0.077,94.842,NA,NA,39.329,28.787,2.646,RP,104.2,14,8.485,2.646,30.627,8.487,22.14,2.125,-0.521,-0.713,NA,NA,NA,NA,NA,NA,NA,NA,NA,NA,NA,NA,NA,NA,NA,NA,NA,NA,NA,NA,NA,NA,NA,NA,pitcher,NA,NA,NA,NA,NA,NA,NA,NA,NA,NA
27782,694297,Brandon Pfaadt,2026,27,29,19,136,562,129,57,14,94,32,1,6,0.277,71.913,3.896,4.278,0.09,93.223,90.452,NA,35.056,25.811,3.903,SP,103.9,31,7.209,3.903,16.726,5.694,11.032,3.772,-0.131,-0.124,4.869,24.028,5.628,18.401,3.889,0.98,3.852,1.016,8.692,32.7,0.315,65.337,28.782,0.126,-1.097,-7.302,0.066,-7.369,0.014,2.356,-2.971,-1.483,6.576,-0.038,pitcher,-1.44,-5.946,-0.949,-4.997,-0.297,1.763,-2.17,-1.618,6.869,-0.038
13125,543037,Gerrit Cole,2026,35,22,22,127,519,115,51,22,131,25,0,2,0.276,80.935,3.929,3.673,0.131,96.799,92,NA,31.721,28.367,3.767,SP,104.3,32,8.864,3.767,25.241,4.817,20.424,3.614,-0.153,-0.315,3.079,26.067,6.781,19.287,3.574,-0.495,3.475,-0.396,7.469,32.696,0.269,78.325,27.566,0.096,0.535,-0.826,-1.964,1.137,0.193,-0.975,0.8,1.395,2.61,0.007,pitcher,0.192,0.53,-2.979,3.509,-0.118,-1.568,1.601,1.26,2.904,0.007
30107,681035,Christian Scott,2026,27,23,23,110,474,93,47,12,134,47,0,9,0.298,76.399,3.611,3.894,0.097,95.441,89.672,84.738,34.552,27.074,3.702,SP,103.6,18,6.338,3.702,28.27,9.916,18.354,3.845,0.143,0.234,4.586,19.797,6.091,13.706,4.4,0.186,4.603,-0.017,10.417,30.607,0.272,73.222,23.858,0.111,-0.741,8.473,3.824,4.649,-0.698,3.944,3.216,-4.079,3.178,0.026,pitcher,-1.084,9.83,2.809,7.02,-1.009,3.352,4.016,-4.214,3.471,0.025
27702,687396,Brent Headrick,2026,28,81,0,78.333,326,68,19,5,98,27,1,0,0.328,85.227,2.464,3.195,0.062,94.042,NA,84.741,37.212,29.953,3.059,RP,104.3,9,4.478,3.059,30.061,8.282,21.779,2.183,-0.876,-0.281,NA,NA,NA,NA,NA,NA,NA,NA,NA,NA,NA,NA,NA,NA,NA,NA,NA,NA,NA,NA,NA,NA,NA,NA,pitcher,NA,NA,NA,NA,NA,NA,NA,NA,NA,NA
29770,682254,Mason Montgomery,2026,26,69,5,67.667,275,45,22,6,103,26,2,1,0.281,77.044,2.408,2.281,0.13,98.603,NA,NA,34.877,31.429,2.57,RP,105.6,9,6.207,2.57,37.455,9.455,28,2.926,0.357,0.518,1.957,45.946,13.514,32.432,3.62,-1.663,1.201,0.756,13.333,32.609,0.4,81.818,35.849,0,0.97,-8.491,-4.059,-4.432,-1.05,2.268,-4.42,-7.126,-4.774,-0.119,pitcher,0.626,-7.135,-5.074,-2.061,-1.362,1.675,-3.62,-7.261,-4.481,-0.12
19996,669276,Dylan Lee,2026,31,71,0,67,262,48,23,3,77,17,1,0,0.276,65.789,2.147,3.322,0.038,93.364,NA,NA,36.239,31.848,2.639,RP,102.6,9,5.357,2.639,29.389,6.489,22.901,3.09,0.451,0.942,2.128,31.667,7.083,24.583,2.57,-0.442,2.999,-0.871,7.483,41.226,0.3,83.63,33.72,0.106,0.961,-2.277,-0.595,-1.683,0.069,-4.987,-1.871,-2.126,-17.84,-0.024,pitcher,0.618,-0.921,-1.61,0.689,-0.243,-5.58,-1.071,-2.261,-17.547,-0.025
16358,641816,Tyler Mahle,2026,31,27,27,149,614,138,66,20,137,46,0,3,0.291,74.214,3.995,3.85,0.127,92.875,87.911,86.349,31.293,27.205,3.932,SP,104,29,6.776,3.932,22.313,7.492,14.821,3.987,0.055,-0.008,4.369,21.481,6.296,15.185,3.554,0.815,3.946,0.423,6.32,33.355,0.303,72.646,28.289,0.102,-0.382,0.831,1.196,-0.364,0.378,-2.061,-1.084,0.455,1.567,-0.011,pitcher,-0.726,2.188,0.181,2.007,0.067,-2.654,-0.284,0.321,1.861,-0.012
30661,800311,Didier Fuentes,2026,21,58,1,73.333,297,60,20,6,92,21,2,2,0.31,83.11,2.598,2.975,0.086,97.341,NA,88.952,35.673,28.653,3.153,RP,103.5,12,6.593,3.153,30.976,7.071,23.906,2.455,-0.699,-0.143,NA,NA,NA,NA,NA,NA,NA,NA,NA,NA,NA,NA,NA,NA,NA,NA,NA,NA,NA,NA,NA,NA,NA,NA,pitcher,NA,NA,NA,NA,NA,NA,NA,NA,NA,NA
23335,676282,Joey Cantillo,2026,26,33,30,159,687,144,64,17,171,81,0,6,0.31,73.359,3.983,4.102,0.107,92.279,87.094,NA,29.172,29.942,3.987,SP,103.8,32,7.459,3.987,24.891,11.79,13.1,3.623,-0.364,-0.36,4.948,26.994,9.202,17.791,3.83,1.118,4.072,0.876,7.692,26.933,0.296,67.308,29.817,0.167,-1.325,-2.103,2.588,-4.691,0.157,2.239,0.125,-0.233,6.051,0.014,pitcher,-1.668,-0.747,1.573,-2.319,-0.155,1.646,0.925,-0.368,6.345,0.013
23590,676962,Ben Brown,2026,26,20,8,68,265,45,14,2,65,19,0,2,0.243,79.114,2.499,3.471,0.033,96.42,NA,NA,33.333,29.084,3.25,RP,105.7,13,7.263,3.25,24.528,7.17,17.358,1.853,-1.397,-0.646,NA,NA,NA,NA,NA,NA,NA,NA,NA,NA,NA,NA,NA,NA,NA,NA,NA,NA,NA,NA,NA,NA,NA,NA,pitcher,NA,NA,NA,NA,NA,NA,NA,NA,NA,NA
33927,691799,Grant Taylor,2026,24,60,4,84,336,60,21,7,106,30,0,1,0.276,78.818,2.769,2.961,0.099,98.345,95.667,NA,34.84,32.333,2.965,RP,103.3,15,7.538,2.965,31.548,8.929,22.619,2.25,-0.715,-0.519,NA,NA,NA,NA,NA,NA,NA,NA,NA,NA,NA,NA,NA,NA,NA,NA,NA,NA,NA,NA,NA,NA,NA,NA,pitcher,NA,NA,NA,NA,NA,NA,NA,NA,NA,NA
29868,696149,Bubba Chandler,2026,23,31,30,154,674,136,79,15,140,80,1,7,0.281,66.337,4.245,4.753,0.083,98.225,NA,NA,31.972,25.223,4.277,SP,103.5,27,6.04,4.277,20.772,11.869,8.902,4.617,0.34,0.372,NA,NA,NA,NA,NA,NA,NA,NA,NA,NA,NA,NA,NA,NA,NA,NA,NA,NA,NA,NA,NA,NA,NA,NA,pitcher,NA,NA,NA,NA,NA,NA,NA,NA,NA,NA
31857,687570,Connor Prielipp,2026,25,24,22,125.667,535,118,68,14,128,44,0,7,0.308,62.249,3.731,3.94,0.101,95.423,NA,NA,32.212,26.921,3.95,SP,103.8,23,6.461,3.95,23.925,8.224,15.701,4.87,0.92,1.139,NA,NA,NA,NA,NA,NA,NA,NA,NA,NA,NA,NA,NA,NA,NA,NA,NA,NA,NA,NA,NA,NA,NA,NA,pitcher,NA,NA,NA,NA,NA,NA,NA,NA,NA,NA
31621,693686,Spencer Miles,2026,25,49,8,95.667,388,80,28,5,93,25,1,1,0.285,75.758,2.653,3.109,0.069,96.29,NA,NA,31.699,26.428,3.059,RP,102.4,10,3.717,3.059,23.969,6.443,17.526,2.634,-0.425,-0.019,NA,NA,NA,NA,NA,NA,NA,NA,NA,NA,NA,NA,NA,NA,NA,NA,NA,NA,NA,NA,NA,NA,NA,NA,pitcher,NA,NA,NA,NA,NA,NA,NA,NA,NA,NA
17295,664285,Framber Valdez,2026,32,31,31,174,758,170,78,16,135,67,0,14,0.294,71.741,4.143,4.135,0.117,93.927,85.754,NA,31.75,26.128,4.379,SP,105.3,30,5.535,4.379,17.81,8.839,8.971,4.034,-0.345,-0.108,3.061,24.237,7.611,16.627,3.657,-0.596,3.316,-0.255,6.023,31.299,0.278,75.496,29.29,0.14,0.974,-6.427,1.228,-7.656,0.722,0.451,-3.163,-0.488,-3.755,0.016,pitcher,0.63,-5.071,0.213,-5.284,0.411,-0.142,-2.362,-0.623,-3.462,0.016
20191,676477,Garrett Whitlock,2026,30,54,0,52.333,198,38,10,3,59,9,0,0,0.278,79.439,2.109,2.892,0.057,95,NA,NA,46.205,30.552,2.617,RP,102,5,3.846,2.617,29.798,4.545,25.253,1.72,-0.897,-0.389,5.183,23.684,4.276,19.408,4.58,0.603,4.274,0.909,10.185,34.977,0.34,68.922,29.874,0.165,-3.463,6.114,0.269,5.845,-1.963,11.228,0.677,-6.339,10.517,-0.062,pitcher,-3.806,7.47,-0.746,8.216,-2.275,10.636,1.478,-6.474,10.81,-0.063
23301,676083,Janson Junk,2026,30,25,24,119,505,124,57,14,84,32,0,4,0.298,69.801,4.128,4.526,0.092,94.123,NA,NA,31.498,23.554,4.253,SP,105,27,7.013,4.253,16.634,6.337,10.297,4.311,0.058,0.183,5.07,15.152,6.061,9.091,3.85,1.22,4.482,0.588,7.692,35.938,0.28,58.14,20.909,0.167,-0.759,1.482,0.276,1.206,0.403,-4.44,2.645,-0.679,11.661,0.018,pitcher,-1.103,2.839,-0.739,3.578,0.091,-5.033,3.445,-0.814,11.954,0.017
18679,642547,Freddy Peralta,2026,30,32,32,169,730,161,83,23,156,63,0,8,0.29,70.571,4.286,4.374,0.111,94.391,NA,NA,33.637,24.392,3.826,SP,103.3,29,5.765,3.826,21.37,8.63,12.74,4.42,0.594,0.134,3.732,28.371,9.037,19.335,3.739,-0.006,4.083,-0.351,8.68,32.002,0.277,78.228,27.61,0.138,0.688,-7.001,-0.407,-6.595,0.087,1.634,-3.218,-2.915,-7.657,0.013,pitcher,0.344,-5.645,-1.422,-4.223,-0.224,1.042,-2.418,-3.05,-7.364,0.012
13543,605483,Blake Snell,2026,33,9,9,42.667,173,31,9,0,55,16,0,1,0.31,79.167,1.719,3.063,0,96.101,NA,NA,40.909,30.863,2.166,SP,100.9,2,1.98,2.166,31.792,9.249,22.543,1.898,-0.268,0.179,2.799,33.517,11.573,21.944,3.016,-0.217,2.802,-0.004,6.329,33.193,0.262,76.765,32.057,0.081,-0.9,-1.725,-2.325,0.599,-0.85,7.716,-1.194,-4.349,2.401,0.048,pitcher,-1.244,-0.369,-3.34,2.971,-1.161,7.124,-0.394,-4.484,2.695,0.047
27814,675660,Shane Drohan,2026,27,32,19,123,523,121,58,14,123,44,0,5,0.318,71.144,3.777,3.978,0.102,94.921,90.937,NA,33.751,28.081,3.886,SP,104,30,8.547,3.886,23.518,8.413,15.105,4.244,0.358,0.467,NA,NA,NA,NA,NA,NA,NA,NA,NA,NA,NA,NA,NA,NA,NA,NA,NA,NA,NA,NA,NA,NA,NA,NA,pitcher,NA,NA,NA,NA,NA,NA,NA,NA,NA,NA
14212,623352,Josh Hader,2026,32,45,0,44.667,167,19,5,1,55,15,0,0,0.188,85.89,1.938,3.235,0.021,95.143,NA,NA,44.068,31.805,1.922,RP,101.3,6,6.186,1.922,32.934,8.982,23.952,1.007,-0.914,-0.931,3.278,37.559,9.859,27.7,2.638,0.64,3.327,-0.05,8.951,38.181,0.237,73.271,32.123,0.136,-2.27,-4.625,-0.877,-3.747,-0.716,5.887,-0.318,-2.765,12.619,-0.05,pitcher,-2.614,-3.268,-1.892,-1.376,-1.027,5.294,0.483,-2.9,12.912,-0.05
19569,670280,David Bednar,2026,31,64,0,69.333,280,52,19,4,76,20,2,2,0.27,71.637,2.612,3.103,0.07,96.141,NA,90.891,40.466,29.029,2.873,RP,103.5,9,4.945,2.873,27.143,7.143,20,2.466,-0.407,-0.146,2.012,28.881,7.581,21.3,2.82,-0.808,2.527,-0.515,5.202,38.095,0.294,75.549,29.024,0.038,0.454,-1.738,-0.438,-1.3,0.053,2.371,0.006,-0.257,-3.912,-0.024,pitcher,0.111,-0.382,-1.453,1.072,-0.258,1.778,0.806,-0.392,-3.619,-0.025
29869,700241,Michael McGreevy,2026,25,31,31,168.667,702,168,74,21,115,48,0,1,0.284,73.561,4.229,4.301,0.111,91.518,87.66,NA,30.198,24.513,5.362,SP,105.2,49,9.108,5.362,16.382,6.838,9.544,3.949,-1.413,-0.28,1.957,20.93,2.326,18.605,3.62,-1.663,2.558,-0.601,4.615,31.977,0.234,79.545,29.26,0.091,1.992,-4.548,4.512,-9.06,1.742,-1.779,-4.747,4.492,-5.985,0.05,pitcher,1.649,-3.192,3.497,-6.689,1.43,-2.372,-3.947,4.358,-5.692,0.049
31204,680736,Justin Wrobleski,2026,25,27,22,138,571,127,57,21,115,31,1,5,0.267,77.844,4.197,4.088,0.123,94.585,91.667,NA,33.547,26.787,4.58,SP,105,40,9.524,4.58,20.14,5.429,14.711,3.717,-0.862,-0.479,NA,NA,NA,NA,NA,NA,NA,NA,NA,NA,NA,NA,NA,NA,NA,NA,NA,NA,NA,NA,NA,NA,NA,NA,pitcher,NA,NA,NA,NA,NA,NA,NA,NA,NA,NA
25880,686613,Hunter Brown,2026,27,20,20,107.333,451,81,38,11,124,55,0,4,0.273,78.652,3.773,3.537,0.141,96.146,92.846,NA,28.559,28.814,3.31,SP,102,16,5.97,3.31,27.494,12.195,15.299,3.186,-0.124,-0.587,3.87,25.527,8.39,17.137,3.538,0.332,3.771,0.098,6.004,30.73,0.312,74.754,27.038,0.146,-0.683,1.968,3.805,-1.837,-0.228,-2.171,1.777,-0.034,3.897,-0.039,pitcher,-1.027,3.324,2.79,0.534,-0.54,-2.764,2.577,-0.168,4.191,-0.039
33829,684007,Shota Imanaga,2026,32,31,31,173.333,702,153,72,34,171,37,0,7,0.263,82.329,4.441,3.771,0.157,91.452,NA,82.815,37.336,27.796,3.804,SP,104.6,47,9.651,3.804,24.359,5.271,19.088,3.738,-0.065,-0.702,2.912,25.072,4.035,21.037,3.39,-0.478,3.72,-0.809,8.589,38.942,0.264,80.169,27.371,0.122,0.827,-0.713,1.236,-1.949,0.414,-1.607,0.425,1.062,2.161,-0.001,pitcher,0.483,0.643,0.221,0.422,0.102,-2.199,1.225,0.927,2.454,-0.001
16137,607074,Carlos Rodon,2026,33,16,16,84.333,340,51,25,7,91,38,0,2,0.22,75.123,3.446,3.96,0.079,94.176,NA,NA,32.532,26.078,3.873,SP,104.6,14,6.699,3.873,26.765,11.176,15.588,2.668,-1.205,-0.778,3.96,26.495,7.745,18.75,4.14,-0.18,4.389,-0.429,10.97,33.654,0.284,79.181,28.466,0.134,-1.292,0.27,3.432,-3.162,-0.267,-1.122,-2.388,-4.272,-4.057,-0.064,pitcher,-1.635,1.627,2.417,-0.79,-0.578,-1.715,-1.587,-4.407,-3.764,-0.065
12447,607625,Seth Lugo,2026,36,32,32,172.333,751,200,99,23,134,54,0,9,0.335,67.591,4.379,4.483,0.11,91.554,89.837,NA,27.796,25.638,5.085,SP,104.8,44,7.942,5.085,17.843,7.19,10.652,5.17,0.085,0.791,3.119,21.947,5.784,16.163,3.88,-0.761,3.361,-0.243,8.341,30.828,0.281,75.458,28.064,0.085,2.051,-4.104,1.406,-5.511,1.205,-3.032,-2.426,-0.399,-7.867,0.054,pitcher,1.708,-2.748,0.391,-3.139,0.894,-3.625,-1.626,-0.534,-7.574,0.054
13649,605280,Clay Holmes,2026,33,18,18,101.333,419,79,37,6,78,42,0,2,0.253,73.298,3.635,3.893,0.087,93.118,85.982,NA,32.303,26.89,3.867,SP,104.8,13,4.377,3.867,18.616,10.024,8.592,3.286,-0.581,-0.349,NA,NA,NA,NA,NA,NA,NA,NA,NA,NA,NA,NA,NA,NA,NA,NA,NA,NA,NA,NA,NA,NA,NA,NA,pitcher,NA,NA,NA,NA,NA,NA,NA,NA,NA,NA
9132,543135,Nathan Eovaldi,2026,36,27,23,145.667,613,142,68,24,144,35,0,10,0.296,75.619,4.194,3.523,0.169,94.087,90.325,88.449,37.639,29.144,4.297,SP,104.7,35,8.255,4.297,23.491,5.71,17.781,4.201,-0.096,0.008,3.767,23.64,6.492,17.148,3.925,-0.158,3.844,-0.077,7.739,34.122,0.271,74.484,28.146,0.141,0.434,-0.149,-0.782,0.633,0.372,3.517,0.998,0.516,1.135,0.026,pitcher,0.091,1.208,-1.797,3.005,0.061,2.924,1.798,0.381,1.428,0.025
27470,676106,Emerson Hancock,2026,27,25,25,138.667,566,126,55,20,126,32,1,7,0.278,79.562,4.004,3.903,0.123,95.24,85.889,NA,32.037,24.263,4.006,SP,105,35,8.728,4.006,22.261,5.654,16.608,3.57,-0.437,-0.434,4.5,12.245,6.122,6.122,3.3,1.2,4.088,0.412,2.5,36.036,0.308,68.493,22.165,0.067,-0.93,10.017,-0.469,10.485,0.706,-3.999,2.098,6.228,11.069,-0.029,pitcher,-1.274,11.373,-1.484,12.857,0.395,-4.592,2.899,6.093,11.362,-0.03
27889,669372,J.T. Ginn,2026,27,27,24,138.333,580,114,57,17,121,57,1,9,0.259,74.904,4.382,4.301,0.122,93.451,90.34,NA,31.236,26.246,4.118,SP,104.4,24,6.107,4.118,20.862,9.828,11.034,3.708,-0.409,-0.673,4.235,20.423,6.338,14.085,4.59,-0.355,3.961,0.275,6.863,27.551,0.327,74.879,27.132,0.121,-0.527,0.44,3.49,-3.05,-0.472,3.685,-0.886,-0.756,0.025,-0.067,pitcher,-0.87,1.796,2.475,-0.679,-0.784,3.092,-0.085,-0.891,0.318,-0.068
20302,656849,David Peterson,2026,30,32,23,148.333,663,157,79,15,137,65,0,4,0.323,68.293,3.965,3.943,0.118,92.386,NA,NA,30.701,26.382,4.75,SP,103.7,29,6.346,4.75,20.664,9.804,10.86,4.793,0.044,0.828,3.399,21.316,9.298,12.018,4.65,-1.251,3.833,-0.434,7.422,32.29,0.312,77.227,27.744,0.11,1.395,-0.652,0.506,-1.158,0.1,-1.59,-1.362,-1.077,-8.935,0.011,pitcher,1.051,0.705,-0.509,1.213,-0.212,-2.182,-0.562,-1.212,-8.642,0.01
35418,695611,Gage Jump,2026,23,20,20,98.667,437,104,60,12,108,46,2,4,0.345,67.055,4.014,4.055,0.113,96.192,NA,NA,34.356,27.506,4.614,SP,104.3,19,6.81,4.614,24.714,10.526,14.188,5.473,0.859,1.459,NA,NA,NA,NA,NA,NA,NA,NA,NA,NA,NA,NA,NA,NA,NA,NA,NA,NA,NA,NA,NA,NA,NA,NA,pitcher,NA,NA,NA,NA,NA,NA,NA,NA,NA,NA
27758,690986,Kyle Harrison,2026,24,28,24,115.667,505,120,54,20,141,36,0,7,0.333,74.815,4.027,3.371,0.164,94.809,90,NA,35.673,29.663,3.992,SP,104.3,26,8.1,3.992,27.921,7.129,20.792,4.202,0.209,0.174,4.569,22.18,7.895,14.286,4.87,-0.301,4.333,0.236,10.137,30.457,0.308,73.253,27.382,0.123,-0.367,5.74,-0.766,6.506,-0.878,5.217,2.281,-2.037,1.562,0.025,pitcher,-0.711,7.097,-1.781,8.878,-1.189,4.624,3.081,-2.172,1.855,0.024
27572,669387,Carmen Mlodzinski,2026,27,37,12,123,537,125,54,10,97,44,1,4,0.302,69.811,3.753,4.401,0.072,94.803,92.239,85.826,29.636,26.657,4.888,RP,105.2,27,6.888,4.888,18.063,8.194,9.87,3.951,-0.937,0.199,3.183,22.08,9.628,12.452,3.465,-0.282,3.494,-0.311,3.056,29.596,0.271,70.745,25.851,0.065,0.768,-4.016,-1.434,-2.582,1.423,0.04,0.806,3.832,-0.934,0.031,pitcher,0.425,-2.66,-2.449,-0.211,1.111,-0.552,1.607,3.697,-0.641,0.03
16943,656794,Sean Newcomb,2026,33,59,6,89.667,369,73,31,4,82,33,3,8,0.288,72.878,3.225,3.991,0.05,94.488,91.174,NA,30.44,28.66,4.286,RP,104.4,16,6.504,4.286,22.222,8.943,13.279,3.112,-1.174,-0.113,3,27.869,14.754,13.115,3.98,-0.98,4.055,-1.055,6.061,31.288,0.219,79.545,25.267,0.077,0.112,-5.647,-5.811,0.164,0.306,-0.848,3.393,0.443,-6.667,0.069,pitcher,-0.232,-4.29,-6.826,2.536,-0.005,-1.441,4.193,0.309,-6.374,0.068
17432,656546,Jeff Hoffman,2026,33,71,0,66,292,57,26,4,102,30,5,7,0.358,69.005,2.481,2.882,0.077,96.374,NA,NA,39.921,32.37,3.33,RP,103.9,13,8.497,3.33,34.932,10.274,24.658,3.545,0.215,1.064,2.228,33.5,6.68,26.82,2.793,-0.565,2.528,-0.3,6.585,37.077,0.267,78.967,31.473,0.088,1.317,1.432,3.594,-2.162,0.537,2.845,0.897,1.911,-9.962,0.091,pitcher,0.974,2.788,2.579,0.209,0.225,2.252,1.698,1.776,-9.669,0.09
29839,686218,Emmet Sheehan,2026,26,23,22,112.333,472,99,57,21,132,33,1,8,0.282,74.141,4.277,3.728,0.15,94.428,NA,NA,38.075,28.732,3.564,SP,104.6,29,9.699,3.564,27.966,6.992,20.975,4.567,1.003,0.289,4.942,25.806,10.484,15.323,3.5,1.442,4.846,0.096,10.828,34.936,0.24,69.444,25.8,0.131,-0.375,2.16,-3.492,5.652,0.064,3.139,2.932,-1.129,4.697,0.042,pitcher,-0.718,3.516,-4.507,8.023,-0.247,2.547,3.732,-1.264,4.99,0.041
25327,682842,Abner Uribe,2026,26,61,0,59.333,234,42,13,3,62,19,2,1,0.265,84.775,2.681,3.168,0.067,98.814,NA,NA,28.195,31.413,2.796,RP,103.8,3,1.974,2.796,26.496,8.12,18.376,1.972,-0.824,-0.709,1.788,30.709,15.748,14.961,3.48,-1.692,2.766,-0.978,5.97,25.079,0.239,78.378,31.154,0,0.184,-4.213,-7.628,3.415,-0.684,3.116,0.259,-3.996,6.397,0.027,pitcher,-0.16,-2.856,-8.643,5.787,-0.996,2.523,1.06,-4.131,6.69,0.026
15440,571510,Matthew Boyd,2026,35,22,22,126.667,520,114,55,15,96,39,0,7,0.273,72.662,4.215,4.32,0.109,92.813,NA,NA,34.87,26.52,4.647,SP,105.1,29,7.672,4.647,18.462,7.5,10.962,3.908,-0.739,-0.308,3.77,26.342,7.99,18.352,3.531,0.239,3.694,0.076,7.313,33.601,0.287,70.02,29.344,0.098,0.138,-7.881,-0.49,-7.391,1.116,1.269,-2.824,0.359,2.641,-0.013,pitcher,-0.205,-6.524,-1.505,-5.019,0.804,0.676,-2.023,0.224,2.935,-0.014
20253,643377,Griffin Jax,2026,31,34,23,112.333,459,97,44,15,116,35,1,2,0.286,69.027,3.761,3.409,0.146,95.624,92.86,NA,36.311,29.919,4.27,SP,104.4,26,8.497,4.27,25.272,7.625,17.647,3.525,-0.745,-0.236,NA,NA,NA,NA,NA,NA,NA,NA,NA,NA,NA,NA,NA,NA,NA,NA,NA,NA,NA,NA,NA,NA,NA,NA,pitcher,NA,NA,NA,NA,NA,NA,NA,NA,NA,NA
31843,677958,Kumar Rocker,2026,26,30,27,148,645,147,72,20,138,61,1,4,0.301,75,4.312,4.288,0.118,94.423,90.272,88.667,33.557,25.699,4.465,SP,105.5,33,7.466,4.465,21.395,9.457,11.938,4.378,-0.086,0.067,4.018,25.455,10.909,14.545,3.17,0.848,3.681,0.337,2.941,30.952,0.333,73.864,27.982,0.1,0.361,-4.059,-1.452,-2.607,1.295,2.605,-2.282,4.525,1.136,-0.032,pitcher,0.017,-2.703,-2.467,-0.236,0.983,2.012,-1.482,4.39,1.429,-0.033
10233,547973,Aroldis Chapman,2026,38,53,0,51.667,213,35,11,3,71,23,0,1,0.283,83.942,2.502,2.974,0.071,97.487,NA,90.24,36.066,28.707,2.642,RP,104.4,8,6.78,2.642,33.333,10.798,22.535,1.916,-0.726,-0.586,3.649,38.027,14.655,23.372,2.927,0.723,2.913,0.736,7.627,27.656,0.32,70.153,32.924,0.109,-1.733,-4.693,-3.857,-0.836,-0.285,8.41,-4.217,-0.848,13.788,-0.037,pitcher,-2.076,-3.337,-4.872,1.535,-0.596,7.817,-3.417,-0.983,14.081,-0.038
31807,675512,Troy Melton,2026,25,20,20,114.333,470,92,35,13,94,37,0,7,0.248,80.645,4.091,4.236,0.106,96.241,92.202,89.35,33.5,25.212,3.84,SP,104.6,20,6.024,3.84,20,7.872,12.128,2.755,-1.085,-1.336,NA,NA,NA,NA,NA,NA,NA,NA,NA,NA,NA,NA,NA,NA,NA,NA,NA,NA,NA,NA,NA,NA,NA,NA,pitcher,NA,NA,NA,NA,NA,NA,NA,NA,NA,NA
27819,687064,Brandon Young,2026,27,28,28,156.667,669,150,62,22,133,61,0,4,0.288,78.176,4.475,4.441,0.118,94.299,NA,84.513,35.852,25.929,4.312,SP,105,32,6.794,4.312,19.88,9.118,10.762,3.562,-0.75,-0.913,NA,NA,NA,NA,NA,NA,NA,NA,NA,NA,NA,NA,NA,NA,NA,NA,NA,NA,NA,NA,NA,NA,NA,NA,pitcher,NA,NA,NA,NA,NA,NA,NA,NA,NA,NA
29107,699134,Bradgley Rodriguez,2026,22,68,4,74,301,59,18,6,81,20,1,0,0.276,76.487,2.778,3.253,0.08,98.113,87.913,NA,36.928,29.755,2.373,RP,103.3,9,4.5,2.373,26.91,6.645,20.266,2.189,-0.184,-0.589,NA,NA,NA,NA,NA,NA,NA,NA,NA,NA,NA,NA,NA,NA,NA,NA,NA,NA,NA,NA,NA,NA,NA,NA,pitcher,NA,NA,NA,NA,NA,NA,NA,NA,NA,NA
27932,693855,Ian Seymour,2026,27,46,16,132.333,550,114,62,25,158,36,4,5,0.276,73.333,4.1,3.525,0.152,90.904,86.917,NA,38.591,30.174,3.562,RP,105,35,9.972,3.562,28.727,6.545,22.182,4.217,0.655,0.117,NA,NA,NA,NA,NA,NA,NA,NA,NA,NA,NA,NA,NA,NA,NA,NA,NA,NA,NA,NA,NA,NA,NA,NA,pitcher,NA,NA,NA,NA,NA,NA,NA,NA,NA,NA
21924,666661,Juan Morillo,2026,27,69,0,64,260,42,15,3,73,23,1,5,0.252,80.547,2.743,3.336,0.059,98.669,NA,NA,38.164,28.696,2.448,RP,102.6,5,3.145,2.448,28.077,8.846,19.231,2.109,-0.339,-0.634,NA,NA,NA,NA,NA,NA,NA,NA,NA,NA,NA,NA,NA,NA,NA,NA,NA,NA,NA,NA,NA,NA,NA,NA,pitcher,NA,NA,NA,NA,NA,NA,NA,NA,NA,NA
19312,615698,Cal Quantrill,2026,31,32,15,110,443,89,35,13,81,25,1,6,0.24,77.603,4.011,4.409,0.092,93.917,NA,84.678,32.964,24.026,3.855,RP,103.8,24,7.251,3.855,18.284,5.643,12.641,2.864,-0.991,-1.148,NA,NA,NA,NA,NA,NA,NA,NA,NA,NA,NA,NA,NA,NA,NA,NA,NA,NA,NA,NA,NA,NA,NA,NA,pitcher,NA,NA,NA,NA,NA,NA,NA,NA,NA,NA
23550,676879,Aaron Ashby,2026,28,75,1,89.333,383,76,31,8,116,41,1,2,0.315,76.994,3.113,2.98,0.131,97.722,NA,NA,29.907,32.617,2.985,RP,105.7,11,4.911,2.985,30.287,10.705,19.582,3.123,0.138,0.01,2.883,27.731,8.403,19.328,3.03,-0.147,2.814,0.069,6.579,32.979,0.243,62.5,33.058,0.111,0.241,2.556,2.302,0.255,-0.045,-3.072,-0.441,-1.668,14.494,0.072,pitcher,-0.103,3.913,1.287,2.626,-0.357,-3.665,0.36,-1.803,14.788,0.071
30134,676440,Tanner Bibee,2026,27,33,33,188,780,175,91,29,148,55,0,7,0.27,72.301,4.523,4.468,0.119,93.673,NA,NA,31.25,26.887,4.333,SP,103.9,48,8.421,4.333,18.974,7.051,11.923,4.356,0.023,-0.166,3.374,25.856,6.519,19.337,3.737,-0.363,3.549,-0.175,6.809,31.436,0.285,77.721,27.488,0.1,0.983,-6.882,0.532,-7.414,0.596,-0.186,-0.601,1.612,-5.42,-0.015,pitcher,0.639,-5.526,-0.483,-5.042,0.285,-0.779,0.199,1.477,-5.127,-0.016
29812,688107,Robert Gasser,2026,27,21,20,109.333,463,95,47,15,103,35,0,10,0.268,76.471,4.236,4.344,0.109,92.839,88.527,NA,30.777,26.582,4.268,SP,103.5,24,7.619,4.268,22.246,7.559,14.687,3.869,-0.399,-0.368,2.571,14.035,0.877,13.158,2.89,-0.319,3.381,-0.809,2.128,34.211,0.283,78.767,29.574,0.062,1.297,8.211,6.682,1.529,1.378,-3.433,-2.992,5.491,-2.297,-0.014,pitcher,0.954,9.568,5.667,3.9,1.066,-4.026,-2.191,5.356,-2.003,-0.015
26944,683618,Edgardo Henriquez,2026,24,61,1,60,242,37,19,1,71,25,0,6,0.263,64.565,2.502,3.694,0.018,100.814,94.738,NA,35.076,27.778,2.464,RP,101,4,2.857,2.464,29.339,10.331,19.008,2.85,0.386,0.348,2.903,35.714,14.286,21.429,1.2,1.703,1.966,0.937,0,35.294,0.286,75,28.814,0,-0.053,-6.375,-3.955,-2.42,1.264,-0.218,-1.036,2.857,-10.435,-0.023,pitcher,-0.397,-5.019,-4.97,-0.049,0.952,-0.811,-0.235,2.722,-10.142,-0.024
19374,621111,Walker Buehler,2026,31,32,32,153.667,651,150,79,22,131,57,2,7,0.296,72.598,4.508,4.218,0.138,94.169,90.47,NA,29.654,25.527,4.25,SP,104.3,38,8.333,4.25,20.123,8.756,11.367,4.627,0.377,0.119,NA,NA,NA,NA,NA,NA,NA,NA,NA,NA,NA,NA,NA,NA,NA,NA,NA,NA,NA,NA,NA,NA,NA,NA,pitcher,NA,NA,NA,NA,NA,NA,NA,NA,NA,NA
6902,527048,Martin Perez,2026,35,30,26,142,596,119,48,14,102,62,1,3,0.254,79.684,4.321,4.527,0.1,89.319,85.037,NA,29.218,26.414,4.512,SP,104.3,20,4.662,4.512,17.114,10.403,6.711,3.042,-1.47,-1.278,4.515,17.41,8.242,9.167,5.247,-0.732,4.923,-0.408,8.301,31.283,0.311,76.255,26.853,0.141,-1.473,-0.295,2.16,-2.456,-0.735,-2.064,-0.439,-3.639,3.429,-0.056,pitcher,-1.816,1.061,1.145,-0.084,-1.047,-2.657,0.362,-3.774,3.722,-0.057
20827,656848,Michael Petersen,2026,32,64,0,64.333,264,45,22,5,81,28,2,4,0.274,74.286,3.087,3.789,0.068,98.031,NA,NA,36.474,27.471,3.371,RP,104.1,18,11.921,3.371,30.682,10.606,20.076,3.078,-0.293,-0.009,NA,NA,NA,NA,NA,NA,NA,NA,NA,NA,NA,NA,NA,NA,NA,NA,NA,NA,NA,NA,NA,NA,NA,NA,pitcher,NA,NA,NA,NA,NA,NA,NA,NA,NA,NA
24586,680694,Kyle Bradish,2026,29,29,29,155,669,156,71,20,142,70,1,3,0.313,72.637,4.36,4.25,0.124,94.623,NA,NA,32.653,26.55,4.458,SP,104.2,38,8.37,4.458,21.226,10.463,10.762,4.123,-0.336,-0.238,2.806,28.19,7.672,20.517,3.327,-0.522,2.946,-0.14,6.725,28.752,0.273,78.706,29.993,0.089,1.317,-6.964,2.791,-9.755,1.131,3.901,-3.443,1.645,-6.069,0.04,pitcher,0.974,-5.608,1.776,-7.383,0.82,3.309,-2.643,1.51,-5.776,0.039
25679,687330,Kevin Kelly,2026,28,71,0,73.667,279,55,20,6,63,11,3,3,0.251,75.908,3.021,2.802,0.146,91.584,89.333,NA,35.514,28.846,3.371,RP,105.4,12,5.941,3.371,22.581,3.943,18.638,2.443,-0.927,-0.577,2.788,22.072,3.784,18.288,3.308,-0.519,3.222,-0.434,4.631,28.668,0.267,73.928,31.42,0.105,-0.345,0.509,0.159,0.35,0.063,6.846,-2.574,1.31,1.98,-0.016,pitcher,-0.688,1.865,-0.856,2.721,-0.248,6.253,-1.773,1.175,2.273,-0.016
16918,596133,Luke Weaver,2026,32,60,0,60.333,238,42,18,5,65,16,1,3,0.25,77.778,2.97,3.543,0.076,95.33,90.538,NA,38.672,28.872,3.079,RP,103.3,12,7.792,3.079,27.311,6.723,20.588,2.685,-0.394,-0.285,2.893,31.118,7.855,23.263,3.31,-0.417,3.333,-0.44,8.586,34.807,0.223,79.412,29.913,0.11,-0.208,-3.807,-1.132,-2.675,-0.231,3.865,-1.041,-0.794,-1.634,0.027,pitcher,-0.551,-2.45,-2.147,-0.303,-0.542,3.272,-0.241,-0.929,-1.341,0.026
29911,671096,Andrew Abbott,2026,27,32,32,166,729,165,85,26,131,76,0,0,0.282,73.314,4.934,4.943,0.116,92.467,88.809,NA,32.379,25.723,4.917,SP,104.4,42,8.046,4.917,17.97,10.425,7.545,4.608,-0.309,-0.325,3.751,20.839,9.021,11.818,4.001,-0.251,4.868,-1.117,9.3,31.338,0.268,82.268,25.798,0.12,0.858,-2.869,1.404,-4.273,0.916,1.041,-0.074,-1.254,-8.954,0.014,pitcher,0.514,-1.513,0.389,-1.902,0.605,0.448,0.726,-1.389,-8.661,0.013
19677,642397,Gregory Soto,2026,31,69,0,67,285,49,27,5,79,29,2,7,0.272,69.231,3.326,3.798,0.078,96.671,NA,NA,30.378,30.182,3.027,RP,102.1,7,4.118,3.027,27.719,10.175,17.544,3.627,0.599,0.301,4.477,26.477,10.489,15.988,3.968,0.51,3.653,0.824,7.117,32.47,0.344,68.291,30.251,0.102,-0.851,1.243,-0.313,1.556,-0.94,-2.092,-0.069,-3,0.939,-0.073,pitcher,-1.194,2.599,-1.328,3.928,-1.252,-2.685,0.732,-3.135,1.233,-0.073
15454,601713,Nick Pivetta,2026,33,8,8,34.667,140,27,11,2,42,8,0,1,0.287,75.301,2.208,3.46,0.043,93.987,90.956,NA,36.527,27.509,3.181,SP,104,9,10.112,3.181,30,5.714,24.286,2.856,-0.325,0.648,4.153,28.908,6.05,22.857,3.51,0.643,4.066,0.087,9.845,34.221,0.279,75.517,27.429,0.151,-1.297,1.092,-0.336,1.429,-0.329,2.306,0.08,0.268,-0.215,0.008,pitcher,-1.64,2.449,-1.351,3.8,-0.641,1.714,0.88,0.133,0.078,0.007
33876,695076,Rhett Lowder,2026,24,29,26,133.333,603,147,85,18,103,56,1,6,0.309,65.832,4.707,4.865,0.107,93.442,NA,NA,28.716,25.413,5.432,SP,105,42,9.589,5.432,17.081,9.287,7.794,5.737,0.305,1.03,1.192,17.188,10.938,6.25,4.34,-3.148,3.101,-1.909,3.261,29.577,0.272,89.744,23.896,0,4.545,-0.106,-1.651,1.544,1.092,-0.862,1.518,6.328,-23.911,0.038,pitcher,4.202,1.25,-2.666,3.916,0.781,-1.454,2.318,6.193,-23.618,0.037
19804,641329,Bryan Baker,2026,31,65,0,62.333,244,35,10,4,63,22,1,2,0.204,88.015,3.07,3.81,0.062,96.352,NA,NA,39.115,27.943,3.067,RP,104.1,11,7.006,3.067,25.82,9.016,16.803,1.444,-1.624,-1.626,4.488,25.806,9.677,16.129,3.474,1.014,3.784,0.704,8.623,30.559,0.279,63.982,25.375,0.099,-3.044,0.013,-0.661,0.674,-0.407,8.556,2.568,-1.617,24.033,-0.075,pitcher,-3.388,1.37,-1.676,3.046,-0.718,7.963,3.368,-1.752,24.327,-0.076
20000,669330,Tyler Wells,2026,31,57,0,72,277,47,19,8,72,18,1,2,0.223,78.853,3.38,4.032,0.08,93.461,90.386,NA,38.789,30.805,2.93,RP,103,13,7.027,2.93,25.993,6.498,19.495,2.375,-0.555,-1.005,NA,NA,NA,NA,NA,NA,NA,NA,NA,NA,NA,NA,NA,NA,NA,NA,NA,NA,NA,NA,NA,NA,NA,NA,pitcher,NA,NA,NA,NA,NA,NA,NA,NA,NA,NA
16149,605400,Aaron Nola,2026,33,33,33,175.333,744,177,91,37,177,59,2,2,0.3,77.873,4.87,3.866,0.183,92.03,86.271,NA,34.519,28.945,4.179,SP,104.4,47,9.289,4.179,23.79,7.93,15.86,4.671,0.492,-0.199,3.791,24.377,5.994,18.383,3.718,0.074,3.965,-0.174,7.452,35.339,0.292,75.93,28.375,0.156,0.88,-0.587,1.936,-2.523,0.462,-0.82,0.57,1.836,1.943,0.008,pitcher,0.536,0.769,0.921,-0.151,0.15,-1.412,1.37,1.701,2.236,0.007
17479,656427,Jack Flaherty,2026,30,19,19,86.333,389,80,44,11,102,42,1,7,0.307,67.782,4.098,4.47,0.095,92.61,NA,NA,29.376,27.09,4.428,SP,104.2,20,8.403,4.428,26.221,10.797,15.424,4.587,0.159,0.488,3.585,28.109,6.931,21.178,3.92,-0.335,3.696,-0.111,7.639,31.914,0.303,78.822,30.489,0.148,1.002,-1.888,3.866,-5.754,0.507,-2.538,-3.4,0.765,-11.04,0.004,pitcher,0.658,-0.532,2.851,-3.383,0.196,-3.131,-2.599,0.63,-10.747,0.003
33568,805299,Brandyn Garcia,2026,26,56,0,50.333,187,26,11,3,59,11,1,6,0.215,79.897,2.546,2.701,0.097,97.306,93.061,NA,29.144,31.977,2.053,RP,104.8,6,5.405,2.053,31.551,5.882,25.668,1.967,-0.087,-0.579,NA,NA,NA,NA,NA,NA,NA,NA,NA,NA,NA,NA,NA,NA,NA,NA,NA,NA,NA,NA,NA,NA,NA,NA,pitcher,NA,NA,NA,NA,NA,NA,NA,NA,NA,NA
21224,641927,Bailey Ober,2026,30,25,24,131,561,133,65,21,96,37,0,2,0.278,72.23,4.614,4.857,0.104,88.14,NA,NA,31.933,25.155,4.659,SP,105,42,9.859,4.659,17.112,6.595,10.517,4.466,-0.193,-0.148,3.872,26.59,5.843,20.747,3.307,0.565,3.847,0.025,8.594,37.229,0.253,72.457,28.978,0.115,0.594,-9.478,0.752,-10.23,1.351,-5.297,-3.823,1.265,-0.227,0.025,pitcher,0.25,-8.122,-0.263,-7.859,1.04,-5.889,-3.022,1.13,0.066,0.024
19924,663542,Bryan Hudson,2026,29,70,9,67.333,282,68,28,5,59,18,2,4,0.332,71.084,3.295,3.832,0.075,91.798,84.154,NA,30.402,29.462,3.184,RP,103,8,3.98,3.184,20.922,6.383,14.539,3.743,0.559,0.447,1.739,26.84,7.359,19.481,3.01,-1.271,3.6,-1.861,6.711,27.686,0.148,94.241,28.31,0.117,2.003,-5.918,-0.976,-4.942,0.174,2.716,1.152,-2.731,-23.157,0.184,pitcher,1.66,-4.561,-1.991,-2.57,-0.137,2.123,1.952,-2.866,-22.863,0.183
35456,702056,Trey Yesavage,2026,22,20,20,97.667,401,64,40,12,97,47,0,2,0.217,74.844,4.218,4.568,0.095,94.288,NA,82.898,31.98,28.166,3.359,SP,103.1,17,6.667,3.359,24.19,11.721,12.469,3.686,0.327,-0.532,NA,NA,NA,NA,NA,NA,NA,NA,NA,NA,NA,NA,NA,NA,NA,NA,NA,NA,NA,NA,NA,NA,NA,NA,pitcher,NA,NA,NA,NA,NA,NA,NA,NA,NA,NA
17735,641302,Tyler Alexander,2026,31,74,5,72,308,71,29,3,60,22,1,4,0.313,68.966,3.061,4.028,0.042,91.713,88.321,NA,32.948,27.257,3.232,RP,102.3,9,4.054,3.232,19.481,7.143,12.338,3.625,0.393,0.564,4.5,24.309,2.762,21.547,3.61,0.89,4.096,0.404,10.769,33.426,0.295,65.327,28.719,0.125,-0.875,-4.829,4.38,-9.209,-0.378,-0.478,-1.461,-6.715,3.639,0.018,pitcher,-1.218,-3.472,3.365,-6.838,-0.689,-1.071,-0.661,-6.85,3.932,0.018
13580,595345,Steven Okert,2026,34,68,1,67.667,261,45,16,7,68,14,0,4,0.23,86.466,3.235,3.987,0.074,91.04,NA,NA,32.198,30.637,3.113,RP,103.2,12,6.857,3.113,26.054,5.364,20.69,2.128,-0.985,-1.107,4.485,29.555,9.717,19.838,3.87,0.615,4.09,0.394,9.459,31.175,0.295,70.978,29.873,0.118,-2.356,-3.501,-4.353,0.852,-0.757,1.022,0.765,-2.602,15.488,-0.065,pitcher,-2.7,-2.145,-5.368,3.223,-1.069,0.429,1.565,-2.737,15.781,-0.065
27581,669713,Hayden Wesneski,2026,28,11,11,61,246,49,22,4,46,20,0,2,0.26,67.278,3.529,4.16,0.067,93.217,89.603,NA,36.466,26.808,3.792,SP,103.6,9,5.056,3.792,18.699,8.13,10.569,3.246,-0.546,-0.283,NA,NA,NA,NA,NA,NA,NA,NA,NA,NA,NA,NA,NA,NA,NA,NA,NA,NA,NA,NA,NA,NA,NA,NA,pitcher,NA,NA,NA,NA,NA,NA,NA,NA,NA,NA
19444,670990,Yohan Ramirez,2026,31,66,1,85,362,57,27,4,102,44,9,14,0.268,75.868,3.361,3.761,0.07,96.49,NA,NA,32.216,30.546,3.311,RP,103.1,9,4.455,3.311,28.177,12.155,16.022,2.859,-0.452,-0.502,6.2,21.635,8.173,13.462,4.56,1.64,4.255,1.945,6.716,24.13,0.346,59.392,28.349,0.091,-3.341,6.542,3.982,2.561,-1.249,8.086,2.197,-2.261,16.476,-0.078,pitcher,-3.685,7.899,2.967,4.932,-1.56,7.493,2.998,-2.396,16.769,-0.079
16162,605540,Brandon Woodruff,2026,33,9,9,45.333,174,28,15,5,47,10,1,1,0.207,71.875,3.191,3.887,0.078,92.062,88.5,NA,36.443,28.951,2.879,SP,103.7,9,7.759,2.879,27.011,5.747,21.264,2.978,0.099,-0.213,2.284,29.249,5.929,23.32,2.79,-0.506,3.598,-1.315,6.832,32.423,0.204,90.308,29.789,0.125,0.694,-2.238,-0.182,-2.056,0.089,4.021,-0.838,0.926,-18.433,0.003,pitcher,0.351,-0.881,-1.197,0.316,-0.222,3.428,-0.037,0.791,-18.14,0.003
24719,681190,Randy Vasquez,2026,27,31,22,134.667,566,138,60,16,85,37,1,5,0.289,73.604,4.32,4.815,0.088,95.12,91.088,NA,32.426,23.726,5.61,SP,104.5,43,9.795,5.61,15.018,6.537,8.481,4.01,-1.601,-0.31,4.867,14.385,6.729,7.657,5.94,-1.073,4.697,0.17,8.683,31.132,0.33,72.165,23.045,0.104,-0.857,0.633,-0.191,0.824,-0.33,1.293,0.681,1.112,1.439,-0.041,pitcher,-1.201,1.989,-1.206,3.195,-0.641,0.701,1.481,0.977,1.732,-0.042
25007,681911,Alex Vesia,2026,30,71,0,57,234,30,17,4,73,32,3,0,0.208,78.014,3.137,4.052,0.058,92.198,NA,NA,34.488,30.409,2.712,RP,102.3,8,6.202,2.712,31.197,13.675,17.521,2.684,-0.027,-0.453,2.291,32.306,11.531,20.775,2.97,-0.679,3.497,-1.206,11.16,30.538,0.227,81.323,27.871,0.084,0.393,-1.11,2.144,-3.254,-0.258,3.95,2.538,-4.959,-3.309,-0.019,pitcher,0.05,0.247,1.129,-0.882,-0.57,3.357,3.339,-5.094,-3.016,-0.02
24978,681870,Erik Sabrowski,2026,28,60,0,48.333,203,26,14,3,76,31,2,2,0.256,76.642,2.813,3.879,0.05,94.125,NA,NA,32.46,30.182,2.602,RP,103.3,6,6.383,2.602,37.438,15.271,22.167,2.607,0.005,-0.206,0,40.426,8.511,31.915,1.61,-1.61,1.114,-1.114,0,29.703,0.25,100,28.283,0,2.607,-2.987,6.76,-9.747,0.992,2.757,1.899,6.383,-23.358,0.006,pitcher,2.264,-1.631,5.745,-7.376,0.681,2.164,2.699,6.248,-23.065,0.005
21623,664991,Grant Wolfram,2026,29,60,0,52.333,226,53,25,3,61,16,1,4,0.36,62.5,2.663,3.532,0.054,95.714,NA,NA,36.023,27.716,3.491,RP,105.7,9,6.207,3.491,26.991,7.08,19.912,4.299,0.809,1.637,NA,NA,NA,NA,NA,NA,NA,NA,NA,NA,NA,NA,NA,NA,NA,NA,NA,NA,NA,NA,NA,NA,NA,NA,pitcher,NA,NA,NA,NA,NA,NA,NA,NA,NA,NA
20387,641743,Anthony Kay,2026,31,32,30,153,689,156,77,21,125,54,0,25,0.295,73.444,4.802,4.674,0.125,95.628,91.737,NA,35.084,25.534,5.042,SP,104.9,40,8.247,5.042,18.142,7.837,10.305,4.529,-0.512,-0.272,NA,NA,NA,NA,NA,NA,NA,NA,NA,NA,NA,NA,NA,NA,NA,NA,NA,NA,NA,NA,NA,NA,NA,NA,pitcher,NA,NA,NA,NA,NA,NA,NA,NA,NA,NA
27779,693821,Bryce Elder,2026,27,26,26,149,633,140,68,24,121,49,0,3,0.269,74.495,4.619,4.186,0.146,91.669,88.512,NA,30.28,25.367,4.144,SP,104.5,31,6.739,4.144,19.115,7.741,11.374,4.107,-0.037,-0.512,5.09,18.865,8.085,10.78,4.817,0.273,4.487,0.603,7.298,31.575,0.318,69.413,27.44,0.141,-0.983,0.25,-0.344,0.594,-0.673,-1.294,-2.073,-0.559,5.082,-0.049,pitcher,-1.326,1.607,-1.359,2.966,-0.984,-1.887,-1.272,-0.694,5.375,-0.05
20116,676534,Calvin Faucher,2026,30,68,0,67.333,288,51,25,1,71,36,1,4,0.286,66.964,2.969,3.739,0.023,96.238,93.252,NA,29.353,28.609,3.597,RP,105.6,8,4.52,3.597,24.653,12.5,12.153,3.342,-0.256,0.373,3.214,26.809,11.064,15.745,3.72,-0.506,2.496,0.719,7.746,27.441,0.345,68.354,26.593,0,0.127,-2.156,1.436,-3.592,-0.123,1.911,2.016,-3.227,-1.39,-0.059,pitcher,-0.216,-0.799,0.421,-1.22,-0.434,1.319,2.817,-3.362,-1.097,-0.06
19447,663776,Patrick Sandoval,2026,29,14,13,65.667,299,79,37,7,68,31,0,2,0.379,69.472,3.925,4.331,0.09,93.66,NA,NA,30.819,26.851,4.956,SP,104.8,13,6.566,4.956,22.742,10.368,12.375,5.071,0.115,1.146,4.738,21.683,10.462,11.222,4.421,0.317,3.988,0.75,5.823,31.166,0.328,65.731,28.078,0.098,0.333,1.059,-0.094,1.153,0.534,-0.347,-1.227,0.743,3.741,0.051,pitcher,-0.01,2.416,-1.109,3.525,0.223,-0.94,-0.426,0.608,4.034,0.051
31891,702193,Andrew Morris,2026,24,63,3,72.667,316,72,34,4,68,27,4,2,0.319,63.941,3.144,4.006,0.053,97.243,91.266,NA,31.944,26.386,3.33,RP,104.4,9,4.11,3.33,21.519,8.544,12.975,4.211,0.881,1.067,NA,NA,NA,NA,NA,NA,NA,NA,NA,NA,NA,NA,NA,NA,NA,NA,NA,NA,NA,NA,NA,NA,NA,NA,pitcher,NA,NA,NA,NA,NA,NA,NA,NA,NA,NA
17130,628452,Raisel Iglesias,2026,36,59,0,60,239,48,17,6,64,17,1,1,0.278,78.125,3.169,3.453,0.095,94.427,NA,NA,41.874,31.469,3.477,RP,103.3,15,9.554,3.477,26.778,7.113,19.665,2.55,-0.927,-0.619,2.126,26.984,5.357,21.627,2.451,-0.325,2.787,-0.661,4.191,39.8,0.225,73.276,31.665,0.073,0.424,-0.206,1.756,-1.962,1.026,2.074,-0.195,5.363,4.849,0.053,pitcher,0.081,1.151,0.741,0.41,0.715,1.481,0.605,5.228,5.142,0.053
22294,669461,Matthew Liberatore,2026,26,31,31,155,674,173,90,28,154,55,0,5,0.336,70.691,4.625,4.068,0.152,94.314,90.638,86.889,31.044,27.937,5.003,SP,105.9,43,9.348,5.003,22.849,8.16,14.688,5.226,0.222,0.601,5.294,16.727,9.091,7.636,5.96,-0.666,4.277,1.017,8.543,27.677,0.314,60.674,24.079,0.075,-0.068,6.121,-0.931,7.052,-0.957,3.367,3.858,0.805,10.017,0.022,pitcher,-0.412,7.478,-1.946,9.424,-1.268,2.774,4.658,0.67,10.31,0.021
31936,696519,Samuel Natera,2026,26,28,0,31.667,131,22,11,1,48,13,0,2,0.313,73.034,1.902,3.255,0.027,94.952,NA,88.8,31.173,30.517,2.515,RP,104.3,3,4.412,2.515,36.641,9.924,26.718,3.126,0.612,1.224,NA,NA,NA,NA,NA,NA,NA,NA,NA,NA,NA,NA,NA,NA,NA,NA,NA,NA,NA,NA,NA,NA,NA,NA,pitcher,NA,NA,NA,NA,NA,NA,NA,NA,NA,NA
30091,691725,Andrew Painter,2026,23,25,23,126.667,552,132,76,21,115,47,0,5,0.308,69.858,4.673,4.257,0.144,96.32,NA,87.396,35.99,26.798,4.404,SP,104.4,31,8.052,4.404,20.833,8.514,12.319,5.4,0.996,0.727,NA,NA,NA,NA,NA,NA,NA,NA,NA,NA,NA,NA,NA,NA,NA,NA,NA,NA,NA,NA,NA,NA,NA,NA,pitcher,NA,NA,NA,NA,NA,NA,NA,NA,NA,NA
19753,642528,Jonathan Loaisiga,2026,31,67,0,67,261,56,18,3,48,13,3,1,0.273,75.988,2.878,3.535,0.055,97.833,95.778,NA,37.857,25.156,3.006,RP,102.9,7,3.518,3.006,18.391,4.981,13.41,2.418,-0.588,-0.461,0,15,5,10,4.28,-4.28,2.416,-2.416,0,41.667,0.438,100,27.869,0,2.418,3.391,-0.019,3.41,-1.274,-3.81,-2.713,3.518,-24.012,-0.164,pitcher,2.075,4.747,-1.034,5.781,-1.586,-4.402,-1.913,3.383,-23.719,-0.165
15541,643511,Tyler Rogers,2026,35,74,0,71,294,61,14,2,40,22,5,2,0.262,76.642,3.356,4.116,0.038,83.276,NA,NA,31.015,25.835,2.878,RP,102.4,4,1.739,2.878,13.605,7.483,6.122,1.775,-1.103,-1.581,2.881,18.066,3.138,14.928,2.937,-0.056,3.615,-0.734,3.842,30.946,0.272,80.36,27.928,0.104,-1.106,-4.461,4.345,-8.805,-0.058,0.069,-2.093,-2.103,-3.718,-0.01,pitcher,-1.449,-3.104,3.33,-6.434,-0.37,-0.524,-1.293,-2.238,-3.425,-0.011
15488,622608,Antonio Senzatela,2026,31,57,0,73.333,311,73,33,6,60,26,2,2,0.31,69.114,3.675,4.093,0.083,97.16,92.326,NA,35.456,25.579,4.039,RP,105.3,14,6.278,4.039,19.293,8.36,10.932,4.05,0.011,0.375,NA,NA,NA,NA,NA,NA,NA,NA,NA,NA,NA,NA,NA,NA,NA,NA,NA,NA,NA,NA,NA,NA,NA,NA,pitcher,NA,NA,NA,NA,NA,NA,NA,NA,NA,NA
31614,687312,Gabriel Hughes,2026,24,14,13,64,283,68,45,7,56,24,1,3,0.319,57.512,4.04,4.292,0.099,92.555,NA,NA,29.618,24.584,3.923,SP,103.4,12,6,3.923,19.788,8.481,11.307,6.328,2.405,2.288,NA,NA,NA,NA,NA,NA,NA,NA,NA,NA,NA,NA,NA,NA,NA,NA,NA,NA,NA,NA,NA,NA,NA,NA,pitcher,NA,NA,NA,NA,NA,NA,NA,NA,NA,NA
35323,808963,Roki Sasaki,2026,24,25,23,121.333,519,113,61,22,121,48,0,5,0.283,76.183,4.775,4.048,0.168,97.868,NA,89.275,34.843,27.661,4.352,SP,104.5,34,9.855,4.352,23.314,9.249,14.066,4.525,0.173,-0.251,NA,NA,NA,NA,NA,NA,NA,NA,NA,NA,NA,NA,NA,NA,NA,NA,NA,NA,NA,NA,NA,NA,NA,NA,pitcher,NA,NA,NA,NA,NA,NA,NA,NA,NA,NA
26440,687473,Ryan Gusto,2026,27,23,18,88,392,99,40,11,74,28,0,5,0.321,76.329,4.17,4.432,0.1,94.274,89.33,NA,32.983,27.766,4.993,SP,104,25,8.772,4.993,18.878,7.143,11.735,4.091,-0.902,-0.08,NA,NA,NA,NA,NA,NA,NA,NA,NA,NA,NA,NA,NA,NA,NA,NA,NA,NA,NA,NA,NA,NA,NA,NA,pitcher,NA,NA,NA,NA,NA,NA,NA,NA,NA,NA
23920,678394,Brayan Bello,2026,27,26,11,116.333,503,123,56,12,92,36,2,7,0.313,70.375,3.97,3.888,0.124,95.455,87.584,NA,33.485,25.891,4.879,SP,105.8,27,7.337,4.879,18.29,7.157,11.133,4.332,-0.547,0.362,4.435,21.305,8.544,12.761,4.464,-0.029,4.272,0.163,7.294,32.092,0.304,73.054,27.486,0.153,-0.103,-3.015,-1.387,-1.628,0.416,1.394,-1.595,0.043,-2.679,0.009,pitcher,-0.446,-1.658,-2.402,0.743,0.104,0.801,-0.795,-0.092,-2.386,0.008
12304,605135,Chris Bassitt,2026,37,20,18,102,460,120,52,10,74,38,0,9,0.334,74.51,4.308,4.691,0.089,92.406,90.035,NA,28.281,25.274,4.925,SP,104,17,5.015,4.925,16.087,8.261,7.826,4.588,-0.337,0.28,4.001,22.258,8.677,13.581,4.392,-0.391,4.132,-0.131,7.732,28.4,0.317,73.698,27.417,0.11,0.587,-6.171,-0.417,-5.755,0.533,-0.119,-2.143,-2.717,0.812,0.017,pitcher,0.243,-4.815,-1.432,-3.383,0.222,-0.712,-1.343,-2.852,1.105,0.016
11691,594027,Tayron Guerrero,2026,35,40,0,40.667,166,37,14,2,41,8,1,2,0.312,65.611,2.463,3.011,0.062,100.219,NA,92.077,38.176,27.632,2.679,RP,103.5,4,3.478,2.679,24.699,4.819,19.88,3.098,0.42,0.635,NA,NA,NA,NA,NA,NA,NA,NA,NA,NA,NA,NA,NA,NA,NA,NA,NA,NA,NA,NA,NA,NA,NA,NA,pitcher,NA,NA,NA,NA,NA,NA,NA,NA,NA,NA
17594,656605,Mitch Keller,2026,30,22,22,115.667,503,117,68,15,89,42,0,8,0.292,64.384,4.546,4.608,0.112,92.985,88.318,NA,32.82,24.894,5.504,SP,105.1,27,7.418,5.504,17.694,8.35,9.344,5.291,-0.213,0.745,4.24,22.519,6.52,15.999,4.276,-0.036,4.004,0.236,7.558,31.688,0.307,72.723,28.026,0.121,1.051,-4.825,1.83,-6.655,1.228,1.132,-3.131,-0.14,-8.34,-0.015,pitcher,0.708,-3.469,0.814,-4.283,0.917,0.539,-2.331,-0.275,-8.047,-0.016
15873,640455,Sean Manaea,2026,34,32,18,144.667,627,145,75,23,141,43,0,16,0.305,70.431,4.443,4.192,0.132,91.037,84.524,NA,35.607,26.828,4.813,SP,105.4,47,11.007,4.813,22.488,6.858,15.63,4.666,-0.147,0.223,3.477,24.932,8.537,16.396,3.75,-0.273,3.833,-0.356,7.469,32.227,0.245,74.179,27.594,0.102,1.189,-2.444,-1.679,-0.766,1.063,3.38,-0.766,3.538,-3.748,0.06,pitcher,0.846,-1.088,-2.694,1.606,0.752,2.787,0.034,3.403,-3.455,0.059
16835,657514,Brennan Bernardino,2026,34,74,2,64,267,59,20,5,49,15,1,5,0.287,75,3.524,4.159,0.071,90.432,85.991,NA,28.421,25.574,3.722,RP,101.3,11,5.556,3.722,18.352,5.618,12.734,2.812,-0.909,-0.712,3.853,25.28,9.396,15.884,3.926,-0.073,3.97,-0.116,6.429,26.404,0.327,77.036,29.997,0.126,-1.041,-6.928,-3.778,-3.15,-0.204,2.017,-4.422,-0.874,-2.036,-0.04,pitcher,-1.384,-5.571,-4.793,-0.778,-0.516,1.425,-3.622,-1.009,-1.743,-0.041
30113,694477,Chad Patrick,2026,27,56,6,105.667,436,82,36,10,93,45,2,5,0.258,81.356,3.992,4.561,0.079,95.626,89.979,93,33.236,26.628,4.133,RP,105.2,18,6.143,4.133,21.33,10.321,11.009,3.066,-1.067,-0.926,NA,NA,NA,NA,NA,NA,NA,NA,NA,NA,NA,NA,NA,NA,NA,NA,NA,NA,NA,NA,NA,NA,NA,NA,pitcher,NA,NA,NA,NA,NA,NA,NA,NA,NA,NA
21455,663460,Kris Bubic,2026,28,14,9,55,226,40,23,4,56,26,0,2,0.261,72.115,3.539,3.993,0.078,91.893,NA,NA,30.664,26.614,4.205,SP,104.2,10,7.042,4.205,24.779,11.504,13.274,3.764,-0.442,0.225,3.938,23.529,2.941,20.588,4.04,-0.103,2.63,1.307,6.122,33.566,0.375,72.816,27.547,0.059,-0.174,1.249,8.563,-7.314,0.165,-2.902,-0.933,0.92,-0.7,-0.114,pitcher,-0.517,2.606,7.548,-4.942,-0.146,-3.495,-0.133,0.785,-0.407,-0.115
16256,607536,Kyle Freeland,2026,33,25,25,131.333,593,170,96,27,106,29,0,6,0.336,62.799,4.96,4.287,0.155,91.303,87.669,NA,35.774,26.494,5.476,SP,105.8,50,11.062,5.476,17.875,4.89,12.985,6.579,1.102,1.619,5.187,16.255,5.589,10.666,5.296,-0.109,5.029,0.158,9.99,32.793,0.313,68.585,23.901,0.144,1.392,1.62,-0.699,2.319,0.18,2.981,2.593,1.072,-5.786,0.024,pitcher,1.048,2.976,-1.714,4.69,-0.131,2.388,3.393,0.937,-5.493,0.023
29837,682243,Bryce Miller,2026,27,22,21,118.667,485,100,55,21,119,38,1,2,0.26,72.333,4.408,3.939,0.146,95.884,91.238,84.649,38.73,24.602,3.699,SP,102.2,26,7.975,3.699,24.536,7.835,16.701,4.171,0.472,-0.237,3.217,23.858,6.078,17.78,3.951,-0.734,3.663,-0.445,9.938,31.131,0.248,76.658,26.977,0.1,0.954,0.678,1.757,-1.079,-0.252,7.599,-2.375,-1.962,-4.326,0.012,pitcher,0.611,2.034,0.742,1.292,-0.563,7.006,-1.574,-2.097,-4.032,0.012
21649,665622,Luis Medina,2026,27,60,1,73,317,63,25,7,93,39,3,4,0.326,79.002,3.568,3.851,0.095,97.576,NA,NA,29.495,30.66,3.845,RP,104.7,14,7.735,3.845,29.338,12.303,17.035,3.082,-0.763,-0.486,NA,NA,NA,NA,NA,NA,NA,NA,NA,NA,NA,NA,NA,NA,NA,NA,NA,NA,NA,NA,NA,NA,NA,NA,pitcher,NA,NA,NA,NA,NA,NA,NA,NA,NA,NA
30249,676263,Jack Dreyer,2026,27,66,2,62.667,254,46,22,7,71,23,4,2,0.264,80.065,3.485,3.454,0.119,94.118,NA,NA,34.856,29.154,3.519,RP,105.7,11,6.962,3.519,27.953,9.055,18.898,3.16,-0.359,-0.326,NA,NA,NA,NA,NA,NA,NA,NA,NA,NA,NA,NA,NA,NA,NA,NA,NA,NA,NA,NA,NA,NA,NA,NA,pitcher,NA,NA,NA,NA,NA,NA,NA,NA,NA,NA
25911,666974,Yennier Cano,2026,32,68,0,49.667,204,40,16,2,45,13,0,3,0.27,69.549,2.78,3.29,0.059,94.816,NA,90.864,29.888,28.715,3.326,RP,103.4,8,5.594,3.326,22.059,6.373,15.686,2.899,-0.427,0.119,2.855,25.243,8.252,16.99,3.599,-0.744,3.355,-0.501,6.057,35.692,0.305,78.745,27.289,0.16,0.044,-3.184,-1.88,-1.304,-0.273,-5.805,1.426,-0.463,-9.196,-0.036,pitcher,-0.299,-1.827,-2.895,1.067,-0.584,-6.398,2.227,-0.598,-8.903,-0.036
30109,681320,Nate Lavender,2026,26,21,0,21.667,79,12,4,1,26,4,0,0,0.229,82.192,1.856,2.928,0.042,92.481,NA,NA,33.557,31.633,2.165,RP,103.3,4,8.163,2.165,32.911,5.063,27.848,1.662,-0.503,-0.195,NA,NA,NA,NA,NA,NA,NA,NA,NA,NA,NA,NA,NA,NA,NA,NA,NA,NA,NA,NA,NA,NA,NA,NA,pitcher,NA,NA,NA,NA,NA,NA,NA,NA,NA,NA
11486,592662,Robbie Ray,2026,34,31,30,165.667,702,140,66,22,140,84,0,2,0.262,77.869,4.696,4.91,0.103,93.026,NA,NA,31.38,23.818,4.801,SP,104.6,38,7.983,4.801,19.943,11.966,7.977,3.586,-1.215,-1.11,4.768,33.333,11.628,21.705,3.7,1.068,4.96,-0.192,9.231,33.428,0.237,76.687,30.106,0.176,-1.183,-13.39,0.338,-13.728,1.101,-2.047,-6.288,-1.248,1.182,0.024,pitcher,-1.526,-12.034,-0.677,-11.357,0.789,-2.64,-5.487,-1.382,1.475,0.024
26952,683627,Anthony Molina,2026,24,9,5,34,136,29,15,3,31,7,0,0,0.274,56.604,3.043,3.716,0.073,96.323,NA,NA,36.218,24.769,3.689,SP,103.1,7,7.143,3.689,22.794,5.147,17.647,3.971,0.281,0.927,NA,NA,NA,NA,NA,NA,NA,NA,NA,NA,NA,NA,NA,NA,NA,NA,NA,NA,NA,NA,NA,NA,NA,NA,pitcher,NA,NA,NA,NA,NA,NA,NA,NA,NA,NA
30115,663158,Robert Suarez,2026,35,33,0,34,130,24,4,1,26,6,0,0,0.24,90.909,2.485,3.567,0.03,98.693,96.121,NA,40.404,23.77,3.329,RP,103.6,3,3.061,3.329,20,4.615,15.385,1.059,-2.27,-1.426,2.769,22.868,6.202,16.667,3.05,-0.281,3.49,-0.72,7.65,35.619,0.256,80.756,23.926,0.095,-1.71,-2.868,-1.586,-1.282,0.279,4.785,-0.156,-4.589,10.153,-0.016,pitcher,-2.054,-1.512,-2.601,1.089,-0.032,4.192,0.645,-4.724,10.446,-0.017
17968,656271,Brock Burke,2026,29,77,0,74.333,314,54,19,5,74,40,6,4,0.259,72.527,3.761,4.592,0.06,95.592,NA,NA,32.092,27.942,3.656,RP,103.4,15,7.653,3.656,23.567,12.739,10.828,2.3,-1.355,-1.461,5.824,26.623,10.39,16.234,3.49,2.334,3.872,1.951,4.211,32.787,0.363,66.802,29.043,0.125,-3.523,-3.056,2.349,-5.406,0.166,-0.695,-1.101,3.443,5.726,-0.103,pitcher,-3.866,-1.7,1.334,-3.034,-0.146,-1.288,-0.301,3.308,6.019,-0.104
15816,642207,Devin Williams,2026,31,44,0,40.667,184,43,20,3,52,21,1,0,0.377,65.217,3.053,3.616,0.073,93.88,88,NA,40.977,30.567,3.223,RP,102.1,5,4.505,3.223,28.261,11.413,16.848,4.426,1.203,1.373,1.404,40.606,12.323,28.283,2.361,-0.957,2.339,-0.935,6.129,33.739,0.226,89.059,32.562,0.09,3.022,-12.345,-0.91,-11.435,0.863,7.238,-1.996,-1.625,-23.841,0.152,pitcher,2.679,-10.989,-1.925,-9.064,0.551,6.645,-1.195,-1.76,-23.548,0.151
16944,656550,Grant Holmes,2026,30,31,29,151.667,642,136,58,22,115,62,0,3,0.26,82.844,4.757,4.553,0.13,93.977,92.169,NA,32.696,26.247,5.041,SP,105.2,41,8.874,5.041,17.913,9.657,8.255,3.442,-1.6,-1.315,NA,NA,NA,NA,NA,NA,NA,NA,NA,NA,NA,NA,NA,NA,NA,NA,NA,NA,NA,NA,NA,NA,NA,NA,pitcher,NA,NA,NA,NA,NA,NA,NA,NA,NA,NA
15042,641835,Tim Mayza,2026,34,60,6,67.333,271,58,26,7,64,18,2,1,0.285,72.917,3.399,3.393,0.117,94.315,NA,91.211,30.128,27.65,3.465,RP,106,12,6.383,3.465,23.616,6.642,16.974,3.475,0.01,0.076,1.525,24.651,6.977,17.674,3.38,-1.855,2.599,-1.073,4.082,31.568,0.331,88.424,28.519,0.071,1.95,-1.035,-0.335,-0.7,0.085,-1.44,-0.869,2.301,-15.508,-0.046,pitcher,1.606,0.322,-1.35,1.671,-0.227,-2.033,-0.068,2.166,-15.215,-0.047
19479,650644,Aaron Civale,2026,31,34,15,111.333,493,125,52,18,91,35,2,5,0.314,78.684,4.647,4.755,0.11,91.573,88.132,84.891,33.908,27.373,4.331,RP,103.9,29,8.011,4.331,18.458,7.099,11.359,4.204,-0.128,-0.444,NA,NA,NA,NA,NA,NA,NA,NA,NA,NA,NA,NA,NA,NA,NA,NA,NA,NA,NA,NA,NA,NA,NA,NA,pitcher,NA,NA,NA,NA,NA,NA,NA,NA,NA,NA
19742,669622,Anthony Bender,2026,31,35,0,34.333,140,21,10,1,41,12,1,3,0.241,75.145,2.403,3.387,0.032,96.43,NA,NA,25.442,35.807,2.658,RP,103.1,6,7.143,2.658,29.286,8.571,20.714,2.621,-0.037,0.218,4.075,25.877,7.895,17.982,3.44,0.635,2.921,1.154,4.762,30.871,0.326,69.322,30.366,0.073,-1.454,3.409,0.677,2.732,-0.782,-5.43,5.441,2.381,5.823,-0.085,pitcher,-1.797,4.765,-0.338,5.103,-1.093,-6.022,6.241,2.246,6.116,-0.086
20633,579328,Yusei Kikuchi,2026,35,13,13,62.667,282,68,34,7,60,29,1,2,0.332,71.749,4.124,4.333,0.101,95.588,90.597,86.615,27.778,24.73,5.071,SP,106.3,17,8.901,5.071,21.277,10.284,10.993,4.883,-0.188,0.759,4.014,27.476,6.19,21.286,3.844,0.17,3.616,0.398,9.538,31.403,0.31,73.272,29.23,0.139,0.869,-6.199,4.094,-10.293,1.226,-3.625,-4.5,-0.638,-1.523,0.021,pitcher,0.525,-4.843,3.079,-7.922,0.915,-4.218,-3.699,-0.773,-1.23,0.02
24607,680742,Jonathan Bowlan,2026,29,59,0,56.333,229,43,21,8,73,15,0,4,0.271,76.772,3.369,2.862,0.16,97.125,NA,NA,37.479,28.645,2.839,RP,102.1,10,7.299,2.839,31.878,6.55,25.328,3.355,0.516,-0.014,NA,NA,NA,NA,NA,NA,NA,NA,NA,NA,NA,NA,NA,NA,NA,NA,NA,NA,NA,NA,NA,NA,NA,NA,pitcher,NA,NA,NA,NA,NA,NA,NA,NA,NA,NA
25098,682052,Jacob Lopez,2026,28,27,24,123.333,551,126,75,23,112,58,0,4,0.293,70.603,5.219,5.192,0.117,90.348,86.204,NA,30.909,26.114,3.632,SP,103.1,25,6.631,3.632,20.327,10.526,9.8,5.473,1.841,0.254,NA,NA,NA,NA,NA,NA,NA,NA,NA,NA,NA,NA,NA,NA,NA,NA,NA,NA,NA,NA,NA,NA,NA,NA,pitcher,NA,NA,NA,NA,NA,NA,NA,NA,NA,NA
33851,687273,Quinn Mathews,2026,25,9,9,49.333,211,48,21,5,46,20,0,1,0.314,77.419,3.832,4.136,0.094,93.366,NA,NA,28.657,26.759,3.838,SP,104.8,7,4.861,3.838,21.801,9.479,12.322,3.831,-0.007,-0.001,NA,NA,NA,NA,NA,NA,NA,NA,NA,NA,NA,NA,NA,NA,NA,NA,NA,NA,NA,NA,NA,NA,NA,NA,pitcher,NA,NA,NA,NA,NA,NA,NA,NA,NA,NA
16061,592155,Cam Booser,2026,34,42,0,41,152,25,9,5,45,6,0,0,0.208,87.5,2.932,3.26,0.096,95.776,88.328,NA,37.188,27.003,2.629,RP,103.2,6,5.941,2.629,29.605,3.947,25.658,1.976,-0.653,-0.956,3.412,23.497,8.743,14.754,3.59,-0.178,3.799,-0.387,8.065,36.387,0.303,80,28.345,0.083,-1.437,6.108,-4.796,10.904,-0.961,0.801,-1.342,-2.124,7.5,-0.094,pitcher,-1.78,7.464,-5.811,13.275,-1.273,0.208,-0.541,-2.259,7.793,-0.095
22361,670059,Colin Holderman,2026,30,54,0,52.667,222,35,16,1,50,20,1,10,0.243,73.899,3.159,4.145,0.023,96.777,NA,NA,31.38,28.953,3.852,RP,104.8,11,7.746,3.852,22.523,9.009,13.514,2.734,-1.117,-0.425,3.354,24.862,10.451,14.411,4.022,-0.668,4.002,-0.648,9.378,29.816,0.289,75.931,27.504,0.1,-0.62,-2.34,-1.442,-0.898,-0.171,1.564,1.45,-1.632,-2.032,-0.046,pitcher,-0.963,-0.984,-2.457,1.474,-0.482,0.971,2.25,-1.767,-1.739,-0.046
20023,670329,Rico Garcia,2026,32,75,0,67,265,43,23,9,68,22,3,2,0.21,75.368,3.893,3.769,0.125,95.467,NA,NA,31.15,29.589,2.919,RP,104.1,9,5.202,2.919,25.66,8.302,17.358,3.09,0.171,-0.804,NA,NA,NA,NA,NA,NA,NA,NA,NA,NA,NA,NA,NA,NA,NA,NA,NA,NA,NA,NA,NA,NA,NA,NA,pitcher,NA,NA,NA,NA,NA,NA,NA,NA,NA,NA
33666,813349,Connelly Early,2026,24,18,18,94.667,400,82,35,15,94,34,0,9,0.271,86.538,4.539,4.137,0.144,93.481,NA,NA,33.83,27.319,4.245,SP,104.6,28,10.646,4.245,23.5,8.5,15,3.327,-0.918,-1.211,NA,NA,NA,NA,NA,NA,NA,NA,NA,NA,NA,NA,NA,NA,NA,NA,NA,NA,NA,NA,NA,NA,NA,NA,pitcher,NA,NA,NA,NA,NA,NA,NA,NA,NA,NA
32026,805427,Drew Sommers,2026,25,43,0,39.667,169,35,16,4,62,14,2,3,0.369,68.966,2.573,1.985,0.211,95.018,NA,NA,36.712,32.348,2.186,RP,101,3,3.333,2.186,36.686,8.284,28.402,3.63,1.444,1.057,NA,NA,NA,NA,NA,NA,NA,NA,NA,NA,NA,NA,NA,NA,NA,NA,NA,NA,NA,NA,NA,NA,NA,NA,pitcher,NA,NA,NA,NA,NA,NA,NA,NA,NA,NA
13942,608718,Brent Suter,2026,36,54,4,91,376,86,34,9,78,25,2,1,0.296,70.423,3.531,3.539,0.115,88.576,NA,NA,33.333,28.44,3.945,RP,102.6,18,6.618,3.945,20.745,6.649,14.096,3.363,-0.582,-0.168,3.23,18.603,5.535,13.067,3.943,-0.713,4.079,-0.849,6.266,32.289,0.28,77.878,25.395,0.103,0.133,2.142,1.114,1.029,0.002,1.045,3.046,0.352,-7.455,0.017,pitcher,-0.211,3.499,0.098,3.4,-0.309,0.452,3.846,0.217,-7.162,0.016
31468,678022,Jack Perkins,2026,26,37,17,121,541,125,82,23,140,51,2,10,0.323,63.069,4.772,4.097,0.16,95.639,92.67,NA,36.312,28.735,4.091,RP,103.5,29,8.529,4.091,25.878,9.427,16.451,6.099,2.008,1.327,NA,NA,NA,NA,NA,NA,NA,NA,NA,NA,NA,NA,NA,NA,NA,NA,NA,NA,NA,NA,NA,NA,NA,NA,pitcher,NA,NA,NA,NA,NA,NA,NA,NA,NA,NA
35205,696146,Hagen Smith,2026,22,18,1,28,110,11,4,1,41,16,0,0,0.192,85.938,2.352,2.858,0.056,93.827,88.461,NA,30.216,34.542,2.45,RP,103.5,1,1.887,2.45,37.273,14.545,22.727,1.286,-1.165,-1.067,NA,NA,NA,NA,NA,NA,NA,NA,NA,NA,NA,NA,NA,NA,NA,NA,NA,NA,NA,NA,NA,NA,NA,NA,pitcher,NA,NA,NA,NA,NA,NA,NA,NA,NA,NA
21446,663372,Ryan Feltner,2026,29,26,22,123.333,548,133,74,20,92,53,0,2,0.297,66.25,5.056,4.93,0.123,94.622,NA,NA,31.055,25.22,4.882,SP,103.7,38,9.476,4.882,16.788,9.672,7.117,5.4,0.518,0.344,4.607,19.851,8.081,11.77,4.334,0.273,4.16,0.447,6.292,29.506,0.307,66.096,26.724,0.109,0.793,-3.062,1.591,-4.653,0.548,1.549,-1.504,3.184,0.154,-0.01,pitcher,0.45,-1.706,0.576,-2.282,0.237,0.956,-0.704,3.049,0.447,-0.011
20373,662253,Andres Munoz,2026,27,61,0,57.333,240,46,27,9,89,24,0,1,0.316,71.918,3.346,2.332,0.231,99.646,NA,NA,37.649,34.418,3.267,RP,107.5,11,8.73,3.267,37.083,10,27.083,4.238,0.972,0.892,2.307,32.856,11.025,21.83,2.942,-0.636,3.201,-0.894,7.892,35.832,0.237,82.465,34.706,0.141,1.932,4.228,-1.025,5.253,0.324,1.817,-0.289,0.838,-10.547,0.08,pitcher,1.588,5.584,-2.04,7.625,0.013,1.224,0.512,0.703,-10.254,0.079
27853,670245,Ryan Watson,2026,28,53,0,72,307,68,32,8,65,23,2,3,0.291,73.671,3.825,4.141,0.095,93.995,90.018,89.3,36.103,27.504,4.676,RP,104.4,21,9.722,4.676,21.173,7.492,13.681,4,-0.676,0.175,NA,NA,NA,NA,NA,NA,NA,NA,NA,NA,NA,NA,NA,NA,NA,NA,NA,NA,NA,NA,NA,NA,NA,NA,pitcher,NA,NA,NA,NA,NA,NA,NA,NA,NA,NA
19876,656464,Kevin Ginkel,2026,32,73,0,67,272,58,31,9,71,17,1,1,0.283,66.246,3.535,3.613,0.111,95.751,NA,NA,38.772,28.479,3.602,RP,104.7,17,9.29,3.602,26.103,6.25,19.853,4.164,0.563,0.629,3.043,26.708,6.034,20.674,3.222,-0.179,2.853,0.189,6.048,34.045,0.312,70.506,27.368,0.08,1.122,-0.605,0.216,-0.821,0.38,4.728,1.112,3.241,-4.26,-0.029,pitcher,0.778,0.751,-0.799,1.55,0.068,4.135,1.912,3.106,-3.967,-0.029
6107,623211,Huascar Brazoban,2026,36,60,6,67,267,44,22,5,56,29,1,1,0.224,76.119,3.744,4.035,0.089,96.303,91.061,NA,34.215,26.341,3.498,RP,103.9,9,4.972,3.498,20.974,10.861,10.112,2.955,-0.543,-0.789,3.952,24.009,11.674,12.335,3.623,0.329,3.496,0.456,5.1,35.558,0.279,66.343,27.857,0.065,-0.997,-3.035,-0.813,-2.222,-0.125,-1.343,-1.516,-0.128,9.776,-0.055,pitcher,-1.34,-1.679,-1.828,0.149,-0.437,-1.936,-0.716,-0.263,10.069,-0.056
15890,622663,Luis Severino,2026,32,12,12,62.667,271,61,29,9,65,31,0,2,0.321,74.939,4.475,4.149,0.141,96.643,94.299,NA,34.268,25.23,4.281,SP,103.9,15,8.671,4.281,23.985,11.439,12.546,4.165,-0.116,-0.31,3.907,21.156,7.884,13.272,3.88,0.027,4.21,-0.304,5.671,33.109,0.283,73.73,24.101,0.123,0.258,2.829,3.555,-0.726,0.401,1.159,1.129,2.999,1.208,0.038,pitcher,-0.085,4.185,2.54,1.646,0.089,0.566,1.93,2.865,1.501,0.038
31827,805673,Zebby Matthews,2026,26,23,23,130.333,545,125,71,24,116,39,0,4,0.279,68.452,4.706,3.991,0.166,95.232,90.863,NA,30.518,25.697,4.375,SP,104.5,41,10.622,4.375,21.284,7.156,14.128,4.903,0.528,0.197,NA,NA,NA,NA,NA,NA,NA,NA,NA,NA,NA,NA,NA,NA,NA,NA,NA,NA,NA,NA,NA,NA,NA,NA,pitcher,NA,NA,NA,NA,NA,NA,NA,NA,NA,NA
33891,804267,Zachary Thornton,2026,24,15,15,84.333,337,78,32,14,63,18,0,3,0.269,83.123,4.513,4.163,0.139,92.317,88.151,NA,35.819,23.908,4.483,SP,104.3,24,9.486,4.483,18.694,5.341,13.353,3.415,-1.068,-1.098,NA,NA,NA,NA,NA,NA,NA,NA,NA,NA,NA,NA,NA,NA,NA,NA,NA,NA,NA,NA,NA,NA,NA,NA,pitcher,NA,NA,NA,NA,NA,NA,NA,NA,NA,NA
16233,622088,Tejay Antone,2026,32,58,0,55,234,43,19,6,57,17,2,7,0.259,76.792,3.757,4.04,0.097,94.268,90.185,NA,34.363,31.903,3.692,RP,102.7,12,7.843,3.692,24.359,7.265,17.094,3.109,-0.583,-0.648,1.731,33.333,9.524,23.81,2.67,-0.939,1.843,-0.113,8.333,42.105,0.25,80,34.444,0,1.378,-8.974,-2.259,-6.716,1.022,-7.742,-2.541,-0.49,-3.208,0.009,pitcher,1.035,-7.618,-3.274,-4.344,0.71,-8.335,-1.741,-0.625,-2.915,0.008
27500,677944,Slade Cecconi,2026,27,28,21,121,528,134,66,19,99,39,1,3,0.313,69.612,4.549,4.303,0.132,93.61,88.576,84.5,30.393,25.786,4.762,SP,103.9,34,8.786,4.762,18.75,7.386,11.364,4.909,0.148,0.361,6.419,18.844,4.889,13.956,4.545,1.874,4.959,1.46,10.307,28.21,0.317,62.913,25.995,0.13,-1.51,-0.094,2.497,-2.592,0.217,2.183,-0.209,-1.522,6.698,-0.004,pitcher,-1.853,1.262,1.482,-0.22,-0.095,1.591,0.591,-1.657,6.991,-0.004
23798,677976,Randy Dobnak,2026,31,15,13,74.333,321,78,29,7,49,26,0,4,0.305,78.411,4.219,4.355,0.104,91.696,NA,NA,30.679,24.921,4.849,SP,105.6,11,4.545,4.849,15.265,8.1,7.165,3.511,-1.338,-0.708,NA,NA,NA,NA,NA,NA,NA,NA,NA,NA,NA,NA,NA,NA,NA,NA,NA,NA,NA,NA,NA,NA,NA,NA,pitcher,NA,NA,NA,NA,NA,NA,NA,NA,NA,NA
16502,642232,Ryan Yarbrough,2026,34,38,2,63.333,268,54,26,3,49,23,1,4,0.273,62.5,3.45,4.812,0.036,87.143,84.927,NA,31.433,27.495,3.399,RP,99.9,7,3.646,3.399,18.284,8.582,9.701,3.695,0.295,0.245,4.54,17.772,3.714,14.058,4.39,0.15,4.381,0.159,6.597,37.121,0.302,73.146,26.718,0.111,-0.846,0.512,4.869,-4.357,-0.991,-5.688,0.777,-2.951,-10.646,-0.029,pitcher,-1.189,1.868,3.854,-1.985,-1.302,-6.281,1.578,-3.086,-10.353,-0.03
22182,668881,Hunter Greene,2026,26,5,5,27.667,121,29,21,4,33,9,0,0,0.333,49.383,3.572,3.602,0.114,98.321,NA,87,35.317,27.412,4.492,SP,105.7,4,5.063,4.492,27.273,7.438,19.835,6.831,2.339,3.259,3.169,28.271,9.395,18.876,3.199,-0.03,3.638,-0.469,5.998,32.879,0.259,78.855,26.957,0.084,3.662,-0.998,-1.957,0.959,1.293,2.438,0.455,-0.934,-29.473,0.074,pitcher,3.319,0.358,-2.972,3.33,0.982,1.845,1.255,-1.069,-29.179,0.074
25582,669620,Brady Basso,2026,28,25,7,42,192,58,25,4,30,9,1,0,0.365,66.775,3.555,4.221,0.075,92.59,87.896,NA,35.641,23.634,3.995,RP,104.7,8,5.229,3.995,15.625,4.688,10.938,5.357,1.362,1.802,NA,NA,NA,NA,NA,NA,NA,NA,NA,NA,NA,NA,NA,NA,NA,NA,NA,NA,NA,NA,NA,NA,NA,NA,pitcher,NA,NA,NA,NA,NA,NA,NA,NA,NA,NA
26448,686790,Trevor McDonald,2026,25,14,14,70.333,310,69,40,7,57,23,0,12,0.297,64.756,4.268,4.133,0.13,93.453,90.7,NA,29.685,27.592,4.092,SP,103.9,9,4.128,4.092,18.387,7.419,10.968,5.118,1.027,0.85,NA,NA,NA,NA,NA,NA,NA,NA,NA,NA,NA,NA,NA,NA,NA,NA,NA,NA,NA,NA,NA,NA,NA,NA,pitcher,NA,NA,NA,NA,NA,NA,NA,NA,NA,NA
28901,696062,Wilber Dotel,2026,23,22,2,42.333,182,42,21,3,41,16,1,0,0.322,63.197,3.22,3.796,0.071,98.316,92.506,NA,32.134,25.884,3.81,RP,104.4,5,4,3.81,22.527,8.791,13.736,4.465,0.655,1.244,NA,NA,NA,NA,NA,NA,NA,NA,NA,NA,NA,NA,NA,NA,NA,NA,NA,NA,NA,NA,NA,NA,NA,NA,pitcher,NA,NA,NA,NA,NA,NA,NA,NA,NA,NA
14739,621112,Paul Blackburn,2026,32,62,2,85,336,60,16,7,69,33,1,1,0.235,89.074,3.749,3.922,0.1,94.376,91.779,NA,31.367,25.606,3.681,RP,104.6,13,5.579,3.681,20.536,9.821,10.714,1.694,-1.987,-2.055,NA,NA,NA,NA,NA,NA,NA,NA,NA,NA,NA,NA,NA,NA,NA,NA,NA,NA,NA,NA,NA,NA,NA,NA,pitcher,NA,NA,NA,NA,NA,NA,NA,NA,NA,NA
37238,807739,Kade Anderson,2026,21,7,7,35.667,146,35,15,4,32,9,0,0,0.307,75.521,3.523,3.63,0.108,93.537,NA,NA,37.542,26.063,3.899,SP,104.7,8,7.619,3.899,21.918,6.164,15.753,3.785,-0.114,0.262,NA,NA,NA,NA,NA,NA,NA,NA,NA,NA,NA,NA,NA,NA,NA,NA,NA,NA,NA,NA,NA,NA,NA,NA,pitcher,NA,NA,NA,NA,NA,NA,NA,NA,NA,NA
15130,623454,Drew Anderson,2026,32,49,11,108,456,94,44,16,114,43,1,6,0.284,78.773,4.278,3.805,0.154,95.326,NA,NA,36.731,28.515,3.921,RP,104.3,25,8.532,3.921,25,9.43,15.57,3.667,-0.254,-0.612,NA,NA,NA,NA,NA,NA,NA,NA,NA,NA,NA,NA,NA,NA,NA,NA,NA,NA,NA,NA,NA,NA,NA,NA,pitcher,NA,NA,NA,NA,NA,NA,NA,NA,NA,NA
27787,694361,Will Klein,2026,26,36,3,41.667,189,44,17,3,49,21,2,3,0.363,72.1,3.414,3.529,0.103,97.549,NA,NA,32.895,28.74,3.476,RP,104.4,3,2.586,3.476,25.926,11.111,14.815,3.672,0.196,0.258,11.408,18.421,15.789,2.632,7.98,3.428,3.712,7.697,8,18.072,0.48,50,27.397,0,-7.736,7.505,-4.678,12.183,-4.504,14.822,1.343,-5.414,22.1,-0.117,pitcher,-8.08,8.861,-5.693,14.555,-4.816,14.23,2.143,-5.549,22.393,-0.118
32157,804636,Jonah Tong,2026,23,7,4,30.667,134,24,13,2,34,14,0,2,0.272,64.516,3.298,4.172,0.057,95.004,90.918,NA,34.03,27.087,3.117,SP,102.8,5,5.952,3.117,25.373,10.448,14.925,3.815,0.699,0.517,NA,NA,NA,NA,NA,NA,NA,NA,NA,NA,NA,NA,NA,NA,NA,NA,NA,NA,NA,NA,NA,NA,NA,NA,pitcher,NA,NA,NA,NA,NA,NA,NA,NA,NA,NA
15551,643410,Mark Leiter Jr.,2026,35,36,0,33.667,144,33,16,2,38,11,1,4,0.348,70.796,2.954,3.481,0.069,92.208,89.673,84.343,36.556,31.397,4.219,RP,101.8,3,3.297,4.219,26.389,7.639,18.75,4.277,0.059,1.323,4.234,32.305,8.679,23.626,3.596,0.638,3.412,0.822,8.399,34.379,0.324,69.101,31.856,0.159,0.044,-5.916,-1.04,-4.876,0.623,2.177,-0.459,-5.102,1.695,0.025,pitcher,-0.3,-4.559,-2.055,-2.504,0.312,1.585,0.342,-5.237,1.988,0.024
26252,669062,Erik Miller,2026,28,57,1,51.333,227,37,17,3,74,34,3,5,0.312,80.78,3.258,3.439,0.094,96.821,NA,NA,27.476,30.722,3.143,RP,104.7,6,5.263,3.143,32.599,14.978,17.621,2.981,-0.162,-0.278,3.89,30.634,13.38,17.254,3.14,0.75,3.671,0.218,6.962,27.856,0.285,70.707,28.245,0.13,-0.909,1.965,1.598,0.368,0.003,-0.38,2.476,-1.699,10.073,0.027,pitcher,-1.253,3.322,0.583,2.739,-0.309,-0.973,3.277,-1.834,10.366,0.026
19646,606996,Kyle Hart,2026,33,46,4,64,268,51,35,5,59,26,0,3,0.266,58.904,3.634,4.127,0.078,93.826,NA,85.533,29.253,28.198,3.631,RP,103.8,15,8.333,3.631,22.015,9.701,12.313,4.922,1.291,1.288,NA,NA,NA,NA,NA,NA,NA,NA,NA,NA,NA,NA,NA,NA,NA,NA,NA,NA,NA,NA,NA,NA,NA,NA,pitcher,NA,NA,NA,NA,NA,NA,NA,NA,NA,NA
31553,689254,Mason Fluharty,2026,24,82,4,61.667,261,50,23,6,65,28,2,1,0.278,79.32,3.67,4.289,0.078,NA,90.86,NA,36.423,27.794,2.852,RP,101.3,10,5.988,2.852,24.904,10.728,14.176,3.357,0.505,-0.313,NA,NA,NA,NA,NA,NA,NA,NA,NA,NA,NA,NA,NA,NA,NA,NA,NA,NA,NA,NA,NA,NA,NA,NA,pitcher,NA,NA,NA,NA,NA,NA,NA,NA,NA,NA
25796,689296,Anthony Nunez,2026,24,52,0,59.667,255,47,27,5,66,26,2,4,0.278,65.714,3.488,3.815,0.089,96.032,90.542,NA,37.258,30.491,3.922,RP,103.9,10,6.289,3.922,25.882,10.196,15.686,4.073,0.15,0.585,NA,NA,NA,NA,NA,NA,NA,NA,NA,NA,NA,NA,NA,NA,NA,NA,NA,NA,NA,NA,NA,NA,NA,NA,pitcher,NA,NA,NA,NA,NA,NA,NA,NA,NA,NA
19911,660761,Jose Suarez,2026,28,45,2,61.333,277,72,40,6,61,27,1,3,0.371,63.034,3.852,4.155,0.094,92.482,87.429,NA,34.347,26.006,4.257,RP,102.8,5,2.688,4.257,22.022,9.747,12.274,5.87,1.613,2.017,6.046,23.333,11.25,12.083,4.84,1.206,4.542,1.504,8.497,30.115,0.342,63.939,25.758,0.125,-0.177,-1.312,-1.503,0.191,-0.583,4.232,0.248,-5.809,-0.904,0.028,pitcher,-0.52,0.045,-2.518,2.563,-0.895,3.639,1.048,-5.943,-0.611,0.028
33214,805345,Trenton Harris,2026,27,21,0,22.333,90,18,6,1,27,7,0,0,0.309,76.271,2.207,2.773,0.059,93.901,94.019,87,31.472,32.113,2.237,RP,100.6,1,1.786,2.237,30,7.778,22.222,2.418,0.18,0.211,NA,NA,NA,NA,NA,NA,NA,NA,NA,NA,NA,NA,NA,NA,NA,NA,NA,NA,NA,NA,NA,NA,NA,NA,pitcher,NA,NA,NA,NA,NA,NA,NA,NA,NA,NA
21537,663738,Daniel Lynch IV,2026,29,55,9,80.667,334,66,37,9,54,26,0,4,0.238,65.947,4.33,4.619,0.097,94.219,NA,NA,30.682,26.634,4.57,RP,103.8,17,6.8,4.57,16.168,7.784,8.383,4.128,-0.442,-0.201,NA,NA,NA,NA,NA,NA,NA,NA,NA,NA,NA,NA,NA,NA,NA,NA,NA,NA,NA,NA,NA,NA,NA,NA,pitcher,NA,NA,NA,NA,NA,NA,NA,NA,NA,NA
16400,625643,Reynaldo Lopez,2026,32,26,13,79.333,346,80,40,11,73,34,0,1,0.307,71.285,4.388,4.431,0.113,94.183,NA,NA,29.231,25.693,4.814,SP,104.3,17,7.143,4.814,21.098,9.827,11.272,4.538,-0.276,0.15,1.997,27.256,7.735,19.521,3.94,-1.943,2.916,-0.919,8.832,32.517,0.287,86.957,28.578,0.075,2.541,-6.158,2.092,-8.25,0.874,-3.286,-2.885,-1.689,-15.671,0.019,pitcher,2.197,-4.801,1.077,-5.878,0.562,-3.879,-2.084,-1.824,-15.378,0.019
17780,621237,Jose Alvarado,2026,31,68,0,58.333,273,65,38,5,70,31,4,8,0.38,65.979,3.822,4.312,0.081,97.883,NA,NA,33.702,25.442,4.102,RP,102.2,7,4.268,4.102,25.641,11.355,14.286,5.863,1.76,2.041,3.685,26.744,10.782,15.962,3.745,-0.06,3.546,0.139,6.23,31.956,0.276,70.125,27.918,0.119,2.178,-1.103,0.573,-1.676,0.358,1.745,-2.476,-1.961,-4.146,0.103,pitcher,1.835,0.253,-0.442,0.695,0.046,1.152,-1.676,-2.096,-3.852,0.103
22210,669093,Jeremiah Estrada,2026,27,33,0,31,126,20,12,2,38,16,0,0,0.261,60.241,3.038,3.611,0.069,95.916,NA,82.189,34.627,27.096,3.406,RP,101.8,5,6.944,3.406,30.159,12.698,17.46,3.484,0.078,0.446,2.951,37.302,9.127,28.175,2.53,0.421,2.068,0.883,5.185,36.464,0.29,72.391,31.474,0.069,0.533,-7.143,3.571,-10.714,0.876,-1.837,-4.379,1.759,-12.15,-0.029,pitcher,0.19,-5.786,2.556,-8.343,0.565,-2.43,-3.578,1.624,-11.856,-0.03
19330,670036,Matt Festa,2026,33,66,0,66.667,289,66,28,7,69,21,0,6,0.317,73.317,3.612,4.081,0.086,92.834,91.423,NA,33.437,27.042,3.913,RP,103.9,15,7.772,3.913,23.875,7.266,16.609,3.78,-0.133,0.168,5.819,24,8,16,3.94,1.879,3.378,2.441,5.97,35.922,0.292,44.118,26.357,0.057,-2.039,-0.125,-0.734,0.609,-0.027,-2.486,0.685,1.802,29.2,0.025,pitcher,-2.382,1.232,-1.749,2.98,-0.338,-3.079,1.486,1.667,29.493,0.024
15256,642121,Cole Sulser,2026,36,51,2,56.333,236,53,27,7,56,17,4,0,0.299,64.784,3.635,3.921,0.099,92.298,87.504,NA,37.605,24.84,4.379,RP,105,19,11.656,4.379,23.729,7.203,16.525,4.314,-0.065,0.679,2.795,22.727,13.636,9.091,3.22,-0.425,3.779,-0.984,4.762,33.898,0.195,78.313,26.712,0.05,1.519,1.002,-6.433,7.435,1.159,3.707,-1.872,6.895,-13.529,0.104,pitcher,1.175,2.358,-7.448,9.806,0.848,3.114,-1.072,6.76,-13.236,0.103
25648,686580,Justin Slaten,2026,28,36,0,31.333,137,35,16,4,39,8,0,0,0.369,61.497,3.038,2.824,0.133,96.859,93.7,NA,35.165,28.346,2.925,RP,103.7,4,4.444,2.925,28.467,5.839,22.628,4.596,1.67,1.557,2.94,25.893,4.018,21.875,3.19,-0.25,2.606,0.334,3.871,38.359,0.285,70.611,27.956,0.089,1.656,2.574,1.822,0.753,-0.265,-3.194,0.391,0.573,-9.113,0.084,pitcher,1.312,3.931,0.807,3.124,-0.576,-3.787,1.191,0.439,-8.82,0.084
29519,700669,Gordon Graceffo,2026,26,62,1,81,326,53,24,5,63,36,3,3,0.221,75.294,3.794,4.631,0.057,95.316,91.375,NA,32.365,23.732,4.574,RP,104.8,20,8.929,4.574,19.325,11.043,8.282,2.667,-1.907,-1.127,NA,NA,NA,NA,NA,NA,NA,NA,NA,NA,NA,NA,NA,NA,NA,NA,NA,NA,NA,NA,NA,NA,NA,NA,pitcher,NA,NA,NA,NA,NA,NA,NA,NA,NA,NA
31533,682989,Victor Mederos,2026,25,30,0,34.333,148,27,13,1,34,14,0,4,0.277,73.394,3.073,4.716,0.022,97.019,91.974,92.548,37.166,26.02,3.499,RP,103.4,3,3.125,3.499,22.973,9.459,13.514,3.408,-0.091,0.335,NA,NA,NA,NA,NA,NA,NA,NA,NA,NA,NA,NA,NA,NA,NA,NA,NA,NA,NA,NA,NA,NA,NA,NA,pitcher,NA,NA,NA,NA,NA,NA,NA,NA,NA,NA
27756,690953,Mick Abel,2026,24,4,3,20.333,93,22,9,0,23,10,1,3,0.386,74.286,2.758,4.317,0,94.788,NA,NA,36.408,29.692,5.289,SP,102.9,3,5.263,5.289,24.731,10.753,13.978,3.984,-1.305,1.226,NA,NA,NA,NA,NA,NA,NA,NA,NA,NA,NA,NA,NA,NA,NA,NA,NA,NA,NA,NA,NA,NA,NA,NA,pitcher,NA,NA,NA,NA,NA,NA,NA,NA,NA,NA
29608,671212,Joe Boyle,2026,26,4,3,19,81,13,11,1,21,9,0,0,0.245,43.689,2.997,4.06,0.045,97.06,NA,92.116,31.088,27.666,3.98,SP,103.2,2,3.922,3.98,25.926,11.111,14.815,5.211,1.231,2.213,5.996,24.797,16.938,7.859,4.168,1.828,4.551,1.445,3.849,24.277,0.301,64.584,27.411,0.08,-0.786,1.129,-5.827,6.956,-0.189,6.811,0.255,0.073,-20.894,-0.056,pitcher,-1.129,2.486,-6.842,9.327,-0.5,6.218,1.055,-0.062,-20.601,-0.057
17480,650960,Daniel Duarte,2026,29,24,0,29.667,112,17,7,3,30,7,0,1,0.197,81.731,3.203,3.72,0.083,94.2,89.935,NA,40.076,26.998,2.875,RP,103.5,5,6.757,2.875,26.786,6.25,20.536,2.124,-0.752,-1.08,NA,NA,NA,NA,NA,NA,NA,NA,NA,NA,NA,NA,NA,NA,NA,NA,NA,NA,NA,NA,NA,NA,NA,NA,pitcher,NA,NA,NA,NA,NA,NA,NA,NA,NA,NA
9073,489446,Kirby Yates,2026,39,46,1,42.333,178,34,15,3,49,17,0,4,0.298,76.772,3.197,4.129,0.058,90.845,NA,84.424,37.838,26.446,3.384,RP,104.4,6,5.556,3.384,27.528,9.551,17.978,3.189,-0.195,-0.008,1.176,35.865,11.814,24.051,1.86,-0.684,2.502,-1.325,4.098,35.831,0.168,88.115,30.253,0.059,2.013,-8.337,-2.264,-6.073,1.524,2.007,-3.807,1.457,-11.343,0.13,pitcher,1.669,-6.98,-3.279,-3.702,1.212,1.414,-3.006,1.322,-11.05,0.129
30145,681916,Dylan Smith,2026,26,41,0,38.667,173,35,17,3,44,21,3,2,0.317,70.632,3.62,4.406,0.065,95.616,NA,86.122,31.026,25.76,3.813,RP,103,6,5.66,3.813,25.434,12.139,13.295,3.957,0.144,0.337,NA,NA,NA,NA,NA,NA,NA,NA,NA,NA,NA,NA,NA,NA,NA,NA,NA,NA,NA,NA,NA,NA,NA,NA,pitcher,NA,NA,NA,NA,NA,NA,NA,NA,NA,NA
21520,663687,Hogan Harris,2026,29,74,0,70.333,311,60,26,8,88,42,2,5,0.311,82.463,4.083,3.913,0.131,95.262,91.8,NA,25.718,27.961,3.714,RP,103.4,12,6.818,3.714,28.296,13.505,14.791,3.327,-0.387,-0.756,2.871,20,10.82,9.18,5.04,-2.169,4.231,-1.36,7.212,27.752,0.289,78.947,27.205,0.085,0.456,8.296,2.685,5.611,-1.326,-2.034,0.756,-0.393,3.516,0.023,pitcher,0.113,9.652,1.67,7.982,-1.638,-2.627,1.556,-0.528,3.809,0.022
25420,666171,Ryan Zeferjahn,2026,28,65,0,69.667,304,49,30,7,94,40,5,9,0.276,73.696,3.82,3.748,0.123,97.184,NA,NA,28.534,30.102,3.092,RP,103.1,9,5.59,3.092,30.921,13.158,17.763,3.876,0.784,0.056,2.118,28.125,9.375,18.75,1.67,0.448,2.461,-0.343,0,37.19,0.184,73.333,27.885,0,1.758,2.796,3.783,-0.987,1.422,-8.656,2.217,5.59,0.363,0.092,pitcher,1.415,4.152,2.768,1.385,1.11,-9.248,3.017,5.455,0.656,0.091
27514,669165,Kyle Hurt,2026,28,44,1,45.667,198,38,21,5,58,23,1,1,0.3,70.909,3.562,3.626,0.111,96.672,NA,NA,33.666,30.728,3.758,RP,105.4,9,7.759,3.758,29.293,11.616,17.677,4.139,0.381,0.577,1.311,13.793,3.448,10.345,5.396,-4.085,2.547,-1.236,4.048,43.652,0.324,79.31,28.557,0,2.828,15.5,8.168,7.332,-1.638,-9.986,2.17,3.711,-8.401,-0.024,pitcher,2.485,16.856,7.153,9.703,-1.95,-10.579,2.971,3.576,-8.108,-0.025
27626,679358,Eric Orze,2026,28,36,0,41.333,189,42,26,1,36,21,2,2,0.323,59.748,3.344,4.709,0.022,92.819,NA,83.562,29.427,29.394,4.126,RP,103.4,9,6.923,4.126,19.048,11.111,7.937,5.661,1.535,2.317,NA,NA,NA,NA,NA,NA,NA,NA,NA,NA,NA,NA,NA,NA,NA,NA,NA,NA,NA,NA,NA,NA,NA,NA,pitcher,NA,NA,NA,NA,NA,NA,NA,NA,NA,NA
17611,664199,Taylor Clarke,2026,33,71,2,73,288,59,24,7,45,14,2,4,0.241,72.917,3.856,4.284,0.086,95.349,94.199,NA,34.446,23.458,4.412,RP,104.2,20,8.889,4.412,15.625,4.861,10.764,2.959,-1.454,-0.897,NA,NA,NA,NA,NA,NA,NA,NA,NA,NA,NA,NA,NA,NA,NA,NA,NA,NA,NA,NA,NA,NA,NA,NA,pitcher,NA,NA,NA,NA,NA,NA,NA,NA,NA,NA
30146,683004,Jack Leiter,2026,26,15,15,80,355,80,47,14,83,35,0,4,0.301,69.416,4.765,4.263,0.149,96.577,93.058,NA,33.696,27.13,4.86,SP,104.5,24,10.3,4.86,23.38,9.859,13.521,5.288,0.428,0.523,NA,NA,NA,NA,NA,NA,NA,NA,NA,NA,NA,NA,NA,NA,NA,NA,NA,NA,NA,NA,NA,NA,NA,NA,pitcher,NA,NA,NA,NA,NA,NA,NA,NA,NA,NA
21487,663568,Stephen Kolek,2026,29,10,10,54,224,55,27,8,34,12,0,2,0.28,67.474,4.547,4.214,0.14,94.057,90.231,NA,30.508,24.463,3.856,SP,106,12,6.818,3.856,15.179,5.357,9.821,4.5,0.644,-0.047,NA,NA,NA,NA,NA,NA,NA,NA,NA,NA,NA,NA,NA,NA,NA,NA,NA,NA,NA,NA,NA,NA,NA,NA,pitcher,NA,NA,NA,NA,NA,NA,NA,NA,NA,NA
37124,837227,Tatsuya Imai,2026,28,22,15,75.667,335,58,42,9,96,51,0,4,0.282,70.717,4.292,4.181,0.125,94.821,NA,84.345,29.888,28.76,4.653,SP,103.2,17,9.239,4.653,28.657,15.224,13.433,4.996,0.343,0.704,NA,NA,NA,NA,NA,NA,NA,NA,NA,NA,NA,NA,NA,NA,NA,NA,NA,NA,NA,NA,NA,NA,NA,NA,pitcher,NA,NA,NA,NA,NA,NA,NA,NA,NA,NA
18413,664353,Jose Urquidy,2026,31,13,1,36.333,164,47,20,4,30,7,0,2,0.355,63.492,3.625,4.188,0.083,92.621,NA,80.625,35,27.632,3.405,RP,102.9,7,5.6,3.405,18.293,4.268,14.024,4.954,1.55,1.329,NA,NA,NA,NA,NA,NA,NA,NA,NA,NA,NA,NA,NA,NA,NA,NA,NA,NA,NA,NA,NA,NA,NA,NA,pitcher,NA,NA,NA,NA,NA,NA,NA,NA,NA,NA
16427,656240,Scott Blewett,2026,30,25,0,36,154,38,11,3,34,11,1,0,0.333,78.125,3.213,3.388,0.1,95.309,89.46,86.711,40.616,24.156,3.729,RP,102.1,5,4.587,3.729,22.078,7.143,14.935,2.75,-0.979,-0.463,1.791,21.176,9.412,11.765,3.94,-2.149,4.003,-2.212,8.621,33.696,0.268,90.517,24.688,0.105,0.959,0.901,-2.269,3.17,-0.211,6.921,-0.531,-4.034,-12.392,0.065,pitcher,0.616,2.258,-3.284,5.542,-0.523,6.328,0.269,-4.168,-12.099,0.065
23237,675848,Juan Mejia,2026,25,65,1,70,323,78,41,6,66,40,3,3,0.351,68.384,4.174,4.525,0.088,96.832,NA,NA,33.376,26.743,4.705,RP,105.5,8,3.738,4.705,20.433,12.384,8.05,5.271,0.567,1.098,NA,NA,NA,NA,NA,NA,NA,NA,NA,NA,NA,NA,NA,NA,NA,NA,NA,NA,NA,NA,NA,NA,NA,NA,pitcher,NA,NA,NA,NA,NA,NA,NA,NA,NA,NA
30074,681217,Chase Silseth,2026,26,72,0,59.667,267,53,22,5,73,35,4,4,0.324,80,3.706,4.134,0.083,95.874,NA,88.222,33.893,29.047,3.886,RP,102.9,14,9.032,3.886,27.341,13.109,14.232,3.318,-0.567,-0.387,NA,NA,NA,NA,NA,NA,NA,NA,NA,NA,NA,NA,NA,NA,NA,NA,NA,NA,NA,NA,NA,NA,NA,NA,pitcher,NA,NA,NA,NA,NA,NA,NA,NA,NA,NA
27597,674003,Cody Bradford,2026,28,9,8,43,187,52,20,5,21,10,0,1,0.315,76.786,4.405,5.209,0.076,88.607,NA,NA,37.867,26.437,5.097,SP,105.2,15,9.677,5.097,11.23,5.348,5.882,4.186,-0.911,-0.219,3.548,22.727,4.221,18.506,3.51,0.038,3.586,-0.038,8.929,34.473,0.252,71.875,29.167,0.102,0.638,-11.497,1.127,-12.624,1.587,3.394,-2.73,0.749,4.911,0.063,pitcher,0.295,-10.141,0.112,-10.253,1.276,2.801,-1.929,0.614,5.204,0.062
17888,642048,Tayler Saucedo,2026,33,28,0,21.333,87,15,6,1,26,7,0,3,0.286,80.508,2.68,3.839,0.04,92.537,NA,NA,34.562,30.612,2.724,RP,105,3,5.882,2.724,29.885,8.046,21.839,2.531,-0.193,-0.149,3.56,22.27,10.922,11.348,3.417,0.143,3.779,-0.219,4.793,36.321,0.301,77.467,29.431,0.09,-1.029,7.616,-2.876,10.492,-0.693,-1.759,1.181,1.09,3.041,-0.016,pitcher,-1.372,8.972,-3.891,12.863,-1.004,-2.352,1.982,0.955,3.334,-0.016
21504,663623,Jake Irvin,2026,29,22,20,106.667,470,100,65,20,110,48,0,9,0.283,67.442,5.08,4.496,0.153,92.87,89.562,NA,27.974,26.663,5.346,SP,105.7,33,10.891,5.346,23.404,10.213,13.191,5.484,0.138,0.404,4.456,19.986,7.402,12.584,4.458,-0.001,4.576,-0.119,9.37,29.72,0.274,70.986,26.112,0.142,1.028,3.418,2.811,0.608,0.888,-1.746,0.551,1.522,-3.544,0.008,pitcher,0.685,4.775,1.796,2.979,0.577,-2.339,1.352,1.387,-3.251,0.008
30203,695549,Jackson Jobe,2026,23,9,9,46,193,38,20,7,51,16,0,4,0.27,76.763,4.168,3.6,0.163,96.979,93.667,NA,32.618,25.551,3.832,SP,104.6,11,9.016,3.832,26.425,8.29,18.135,3.913,0.081,-0.254,NA,NA,NA,NA,NA,NA,NA,NA,NA,NA,NA,NA,NA,NA,NA,NA,NA,NA,NA,NA,NA,NA,NA,NA,pitcher,NA,NA,NA,NA,NA,NA,NA,NA,NA,NA
6576,476594,Robert Stock,2026,36,8,7,30.333,147,38,20,2,29,15,0,4,0.371,66.421,3.926,4.96,0.053,95.031,91.138,NA,32.143,26.381,5.067,SP,104.5,8,8.081,5.067,19.728,10.204,9.524,5.934,0.867,2.008,NA,NA,NA,NA,NA,NA,NA,NA,NA,NA,NA,NA,NA,NA,NA,NA,NA,NA,NA,NA,NA,NA,NA,NA,pitcher,NA,NA,NA,NA,NA,NA,NA,NA,NA,NA
19618,663855,Jordan Hicks,2026,29,53,2,48,216,41,21,4,64,33,4,1,0.325,77.81,3.644,3.881,0.095,99.24,NA,91.194,31.725,29.054,2.858,RP,103.8,2,1.695,2.858,29.63,15.278,14.352,3.938,1.08,0.294,3.313,28.421,11.228,17.193,3.3,0.013,3.225,0.088,5.357,30.853,0.323,72.082,30.536,0.108,0.625,1.209,4.05,-2.841,-0.442,0.873,-1.482,-3.662,5.727,0.001,pitcher,0.281,2.565,3.035,-0.47,-0.754,0.28,-0.681,-3.797,6.021,0.001
10061,548384,Brooks Raley,2026,38,61,0,52.667,224,47,19,6,51,20,1,3,0.289,77.922,3.957,4.166,0.102,90.339,86.78,NA,32.712,29.216,3.958,RP,103.6,10,6.667,3.958,22.768,8.929,13.839,3.247,-0.711,-0.71,2.035,28.296,10.932,17.363,3.323,-1.289,3.243,-1.208,7.399,30.638,0.254,85.348,29.409,0.055,1.212,-5.528,-2.004,-3.524,0.634,2.074,-0.193,-0.732,-7.426,0.035,pitcher,0.869,-4.172,-3.019,-1.153,0.323,1.481,0.608,-0.867,-7.133,0.034
14771,641941,Emilio Pagan,2026,35,45,0,42.667,174,33,16,7,45,11,1,4,0.245,83.77,4.18,4.417,0.104,94.96,NA,82.84,35.459,24.296,3.417,RP,104,12,10.526,3.417,25.862,6.322,19.54,3.375,-0.042,-0.805,3.932,26.372,7.229,19.143,3.857,0.076,3.588,0.344,8.295,35.061,0.303,71.149,27.561,0.099,-0.557,-0.51,-0.907,0.397,-0.44,0.399,-3.264,2.231,12.621,-0.058,pitcher,-0.901,0.846,-1.922,2.768,-0.751,-0.194,-2.464,2.096,12.914,-0.059
26227,687941,Alec Gamboa,2026,29,21,3,33,132,27,7,1,23,11,0,1,0.274,82.447,3.193,4.034,0.037,95.088,NA,NA,33.465,20.386,3.07,RP,104.6,3,3.093,3.07,17.424,8.333,9.091,1.909,-1.161,-1.284,NA,NA,NA,NA,NA,NA,NA,NA,NA,NA,NA,NA,NA,NA,NA,NA,NA,NA,NA,NA,NA,NA,NA,NA,pitcher,NA,NA,NA,NA,NA,NA,NA,NA,NA,NA
35462,800600,Jackson Kent,2026,23,8,7,36.333,170,40,24,2,30,25,0,0,0.336,64.309,4.231,4.886,0.061,93.107,NA,NA,32.941,24.815,5.437,SP,105,7,6.087,5.437,17.647,14.706,2.941,5.945,0.508,1.714,NA,NA,NA,NA,NA,NA,NA,NA,NA,NA,NA,NA,NA,NA,NA,NA,NA,NA,NA,NA,NA,NA,NA,NA,pitcher,NA,NA,NA,NA,NA,NA,NA,NA,NA,NA
18548,656529,Sam Hentges,2026,29,44,0,35.667,168,34,13,0,39,25,2,4,0.34,74.603,3.355,4.793,0,94.332,NA,NA,27.778,27.886,3.835,RP,100.6,4,4,3.835,23.214,14.881,8.333,3.28,-0.554,-0.074,3.328,27.621,6.653,20.968,3.271,0.056,2.931,0.396,5.213,31.076,0.303,74.899,32.092,0.116,-0.047,-4.407,8.228,-12.634,0.563,-3.298,-4.206,-1.213,-0.296,0.037,pitcher,-0.391,-3.05,7.213,-10.263,0.252,-3.891,-3.405,-1.348,-0.003,0.036
13619,596001,Jakob Junis,2026,33,52,1,54,230,51,21,4,37,15,3,5,0.278,76.453,3.806,4.548,0.066,92.219,NA,NA,31.556,28.034,4.315,RP,103,6,3.468,4.315,16.087,6.522,9.565,3.5,-0.815,-0.306,3.042,22.114,3.996,18.117,3.757,-0.715,3.707,-0.665,8.307,32.664,0.26,76.802,32.064,0.113,0.458,-6.027,2.525,-8.552,0.558,-1.108,-4.03,-4.839,-0.35,0.018,pitcher,0.115,-4.67,1.51,-6.181,0.247,-1.701,-3.229,-4.974,-0.057,0.017
29928,689266,Dylan Dodd,2026,28,48,0,49.667,194,31,14,7,53,14,1,3,0.207,89.005,3.827,3.939,0.109,93.894,87.162,NA,39.666,24.904,3.096,RP,102.8,11,8.871,3.096,27.32,7.216,20.103,2.537,-0.559,-1.29,NA,NA,NA,NA,NA,NA,NA,NA,NA,NA,NA,NA,NA,NA,NA,NA,NA,NA,NA,NA,NA,NA,NA,NA,pitcher,NA,NA,NA,NA,NA,NA,NA,NA,NA,NA
20629,663969,Tyler Phillips,2026,28,37,20,126.667,538,112,47,17,101,56,0,3,0.265,82.201,4.65,4.43,0.133,95.675,NA,NA,33.448,29.455,4.701,SP,104.2,30,7.937,4.701,18.773,10.409,8.364,3.339,-1.361,-1.31,NA,NA,NA,NA,NA,NA,NA,NA,NA,NA,NA,NA,NA,NA,NA,NA,NA,NA,NA,NA,NA,NA,NA,NA,pitcher,NA,NA,NA,NA,NA,NA,NA,NA,NA,NA
12828,552640,Andrew Kittredge,2026,36,55,0,48.333,214,55,19,6,40,11,2,0,0.314,62.5,3.744,3.941,0.103,94.807,NA,NA,42.347,28.129,3.998,RP,104.1,10,6.135,3.998,18.692,5.14,13.551,3.538,-0.46,-0.206,2.84,23.161,6.806,16.356,3.966,-1.126,3.93,-1.089,8.182,41.972,0.265,81.767,28.973,0.137,0.698,-4.47,-1.666,-2.804,0.032,0.375,-0.844,-2.047,-19.267,0.049,pitcher,0.354,-3.113,-2.681,-0.433,-0.279,-0.217,-0.043,-2.182,-18.974,0.048
23479,676742,Cam Sanders,2026,29,28,0,29.333,131,22,15,1,40,20,1,4,0.323,69.507,3.273,4.064,0.042,95.959,NA,NA,34.682,31.261,3.841,RP,104.3,3,4.478,3.841,30.534,15.267,15.267,4.602,0.762,1.33,NA,NA,NA,NA,NA,NA,NA,NA,NA,NA,NA,NA,NA,NA,NA,NA,NA,NA,NA,NA,NA,NA,NA,NA,pitcher,NA,NA,NA,NA,NA,NA,NA,NA,NA,NA
24995,681895,Evan Sisk,2026,29,41,0,44.667,197,36,15,2,50,25,0,9,0.312,81.845,3.729,4.431,0.053,91.33,NA,NA,26.019,27.458,3.745,RP,103.6,4,3.54,3.745,25.381,12.69,12.69,3.022,-0.723,-0.707,NA,NA,NA,NA,NA,NA,NA,NA,NA,NA,NA,NA,NA,NA,NA,NA,NA,NA,NA,NA,NA,NA,NA,NA,pitcher,NA,NA,NA,NA,NA,NA,NA,NA,NA,NA
9323,571578,Patrick Corbin,2026,36,19,15,80,360,98,49,12,63,25,0,6,0.34,70.41,4.64,4.425,0.13,91.408,86.322,NA,32.54,23.355,5.513,SP,105.1,20,7.519,5.513,17.5,6.944,10.556,5.513,-0.001,0.873,5.521,17.554,7.106,10.448,5.691,-0.171,4.636,0.885,8.526,33.25,0.33,66.84,25.281,0.143,-0.008,-0.054,-0.161,0.108,-0.178,-0.711,-1.926,-1.007,3.57,0.01,pitcher,-0.352,1.303,-1.176,2.479,-0.49,-1.304,-1.126,-1.142,3.863,0.009
30240,690928,Hunter Dobbins,2026,26,11,8,54,231,49,22,7,52,24,0,2,0.29,78.221,4.306,4.158,0.127,94.732,91.412,88.119,28.962,25.644,3.951,SP,103,11,7.19,3.951,22.511,10.39,12.121,3.667,-0.284,-0.639,NA,NA,NA,NA,NA,NA,NA,NA,NA,NA,NA,NA,NA,NA,NA,NA,NA,NA,NA,NA,NA,NA,NA,NA,pitcher,NA,NA,NA,NA,NA,NA,NA,NA,NA,NA
23617,677020,Josh Walker,2026,31,31,0,30.333,126,24,7,2,29,12,2,1,0.268,81.871,3.333,4.167,0.059,92.875,NA,NA,31.169,24.554,2.695,RP,101,3,3.571,2.695,23.016,9.524,13.492,2.077,-0.618,-1.256,5.207,20,10.909,9.091,4.08,1.127,3.896,1.31,7.895,33.858,0.324,68.182,26.977,0.071,-3.13,3.016,-1.385,4.401,-1.385,-2.689,-2.422,-4.323,13.69,-0.056,pitcher,-3.473,4.372,-2.4,6.773,-1.697,-3.282,-1.622,-4.458,13.983,-0.057
12718,605288,Adrian Houser,2026,33,26,16,109.667,470,109,49,15,75,34,0,4,0.277,73.81,4.552,4.549,0.116,95.232,NA,NA,28.764,24.423,4.95,SP,105.1,31,8.683,4.95,15.957,7.234,8.723,4.021,-0.929,-0.531,4.131,19.958,7.069,12.89,4.18,-0.049,3.992,0.14,7.143,28.438,0.32,72.569,25.82,0.106,-0.11,-4.001,0.165,-4.166,0.77,0.326,-1.398,1.541,1.241,-0.043,pitcher,-0.454,-2.645,-0.85,-1.795,0.459,-0.266,-0.597,1.406,1.534,-0.044
19309,670950,Trevor Richards,2026,33,53,0,79.667,334,69,33,11,70,26,4,1,0.258,73.201,4.157,4.748,0.087,91.928,NA,NA,33.791,25.855,4.161,RP,103.6,21,8.861,4.161,20.958,7.784,13.174,3.728,-0.433,-0.429,4.677,25.393,12.216,13.176,3.601,1.076,4.321,0.355,7.748,32.431,0.243,65.655,28.29,0.102,-0.949,-4.435,-4.432,-0.003,0.56,1.36,-2.435,1.112,7.546,0.015,pitcher,-1.292,-3.078,-5.447,2.369,0.248,0.767,-1.635,0.977,7.839,0.014
26247,687377,Orlando Ribalta,2026,28,45,0,43,178,34,18,5,42,18,0,0,0.259,68.889,3.916,4.405,0.088,96.988,NA,NA,38.395,26.8,3.68,RP,102.5,9,7.627,3.68,23.596,10.112,13.483,3.767,0.087,-0.149,NA,NA,NA,NA,NA,NA,NA,NA,NA,NA,NA,NA,NA,NA,NA,NA,NA,NA,NA,NA,NA,NA,NA,NA,pitcher,NA,NA,NA,NA,NA,NA,NA,NA,NA,NA
25636,683769,Hunter Gaddis,2026,28,68,0,60.333,257,55,20,7,57,22,0,3,0.287,85.47,3.964,4.332,0.093,95.19,NA,79.5,37.197,27.033,4.083,RP,101.6,13,7.429,4.083,22.179,8.56,13.619,2.983,-1.1,-0.981,1.577,23.741,5.036,18.705,2.72,-1.143,2.818,-1.241,5.67,34.343,0.205,81.227,28.279,0.044,1.407,-1.562,3.524,-5.086,1.363,2.854,-1.247,1.758,4.243,0.082,pitcher,1.063,-0.206,2.509,-2.715,1.052,2.261,-0.446,1.624,4.536,0.081
33482,801403,Chase Dollander,2026,24,10,3,44,189,39,19,6,47,18,0,3,0.289,79.457,4.17,3.941,0.133,98.659,NA,NA,29.717,27.322,3.977,SP,104.1,12,9.917,3.977,24.868,9.524,15.344,3.886,-0.09,-0.284,NA,NA,NA,NA,NA,NA,NA,NA,NA,NA,NA,NA,NA,NA,NA,NA,NA,NA,NA,NA,NA,NA,NA,NA,pitcher,NA,NA,NA,NA,NA,NA,NA,NA,NA,NA
25921,668984,Casey Legumina,2026,29,54,6,70.667,300,71,30,7,55,19,3,8,0.306,77.098,3.98,4.358,0.09,93.008,NA,NA,35.332,24.911,4.19,RP,102.8,13,5.963,4.19,18.333,6.333,12,3.821,-0.37,-0.159,NA,NA,NA,NA,NA,NA,NA,NA,NA,NA,NA,NA,NA,NA,NA,NA,NA,NA,NA,NA,NA,NA,NA,NA,pitcher,NA,NA,NA,NA,NA,NA,NA,NA,NA,NA
19222,669199,Lake Bachar,2026,31,52,12,85,352,61,33,13,89,36,1,5,0.231,79.952,4.443,4.248,0.129,94.343,NA,84.308,29.893,28.451,3.492,RP,103.9,17,7.658,3.492,25.284,10.227,15.057,3.494,0.002,-0.949,NA,NA,NA,NA,NA,NA,NA,NA,NA,NA,NA,NA,NA,NA,NA,NA,NA,NA,NA,NA,NA,NA,NA,NA,pitcher,NA,NA,NA,NA,NA,NA,NA,NA,NA,NA
35321,608372,Tomoyuki Sugano,2026,36,29,29,154.333,656,167,92,33,96,36,0,3,0.276,69.462,5.396,4.738,0.152,92.607,89.062,86.934,29.448,22.803,6.349,SP,105.6,61,11.708,6.349,14.634,5.488,9.146,5.365,-0.984,-0.031,NA,NA,NA,NA,NA,NA,NA,NA,NA,NA,NA,NA,NA,NA,NA,NA,NA,NA,NA,NA,NA,NA,NA,NA,pitcher,NA,NA,NA,NA,NA,NA,NA,NA,NA,NA
17701,621016,Jose Cuas,2026,32,24,0,23.333,108,26,6,0,25,15,1,0,0.382,82.927,2.888,4.764,0,91.942,88,NA,35.759,25.581,5.403,RP,101.5,2,2.941,5.403,23.148,13.889,9.259,2.314,-3.088,-0.574,NA,NA,NA,NA,NA,NA,NA,NA,NA,NA,NA,NA,NA,NA,NA,NA,NA,NA,NA,NA,NA,NA,NA,NA,pitcher,NA,NA,NA,NA,NA,NA,NA,NA,NA,NA
14295,593974,Wandy Peralta,2026,34,65,5,77.333,321,79,31,7,50,23,1,3,0.305,77.731,3.995,4.262,0.095,96.146,NA,NA,34.973,22.92,4.32,RP,103.8,11,4.49,4.32,15.576,7.165,8.411,3.608,-0.712,-0.387,NA,NA,NA,NA,NA,NA,NA,NA,NA,NA,NA,NA,NA,NA,NA,NA,NA,NA,NA,NA,NA,NA,NA,NA,pitcher,NA,NA,NA,NA,NA,NA,NA,NA,NA,NA
24993,681892,Kody Funderburk,2026,29,58,0,51,222,43,21,3,49,27,1,2,0.29,75.221,3.651,4.041,0.077,92.958,92.565,NA,29.151,26.651,3.713,RP,102.1,7,4.861,3.713,22.072,12.162,9.91,3.706,-0.007,0.055,0.75,40.426,10.638,29.787,2.44,-1.69,2.672,-1.922,4.545,30.973,0.238,100,33.854,0.143,2.956,-18.353,1.524,-19.877,1.273,-1.823,-7.203,0.316,-24.779,0.052,pitcher,2.613,-16.997,0.509,-17.506,0.961,-2.416,-6.402,0.181,-24.486,0.051
31743,689818,David Sandlin,2026,25,8,6,40.333,167,36,25,7,40,13,0,1,0.274,54.726,4.416,3.582,0.184,96.265,91.138,NA,32.143,27.743,3.981,SP,103.8,10,8.85,3.981,23.952,7.784,16.168,5.579,1.598,1.162,NA,NA,NA,NA,NA,NA,NA,NA,NA,NA,NA,NA,NA,NA,NA,NA,NA,NA,NA,NA,NA,NA,NA,NA,pitcher,NA,NA,NA,NA,NA,NA,NA,NA,NA,NA
16122,605447,Jordan Romano,2026,33,38,0,33.667,153,29,21,4,39,19,1,1,0.278,62.212,4.112,4.405,0.098,93.794,NA,86.556,34.817,31.366,3.612,RP,102.5,5,5.319,3.612,25.49,12.418,13.072,5.614,2.002,1.502,2.898,29.032,9.677,19.355,3.25,-0.352,3.458,-0.56,7.333,35.25,0.292,82.317,32.279,0.09,2.716,-3.542,2.741,-6.283,0.362,-0.434,-0.913,-2.014,-20.105,-0.014,pitcher,2.372,-2.186,1.726,-3.911,0.051,-1.026,-0.112,-2.149,-19.812,-0.015
19350,665152,Dean Kremer,2026,30,16,16,83.333,341,71,46,17,82,29,0,1,0.255,67.358,4.866,4.079,0.165,92.495,87.096,82.419,31.702,28.5,4.451,SP,103.8,22,9.607,4.451,24.047,8.504,15.543,4.968,0.517,0.102,4.116,21.972,8.688,13.283,4.625,-0.509,4.381,-0.265,9.546,30.443,0.268,69.134,26.585,0.123,0.852,2.075,-0.184,2.259,-0.174,1.259,1.914,0.061,-1.776,-0.013,pitcher,0.509,3.432,-1.199,4.631,-0.486,0.666,2.715,-0.074,-1.483,-0.014
31773,686934,Alex McFarlane,2026,25,18,0,18,73,12,4,1,19,7,0,0,0.244,73.864,2.88,3.583,0.059,99.406,NA,NA,33.735,28.966,3.541,RP,104.8,2,4.255,3.541,26.027,9.589,16.438,2,-1.541,-0.88,NA,NA,NA,NA,NA,NA,NA,NA,NA,NA,NA,NA,NA,NA,NA,NA,NA,NA,NA,NA,NA,NA,NA,NA,pitcher,NA,NA,NA,NA,NA,NA,NA,NA,NA,NA
27669,685299,Tanner Gordon,2026,28,24,12,103.667,473,148,77,21,85,24,2,2,0.376,65.698,4.848,4.675,0.124,92.665,NA,NA,35.171,25.355,5.134,SP,105,40,11.05,5.134,17.97,5.074,12.896,6.685,1.551,1.837,NA,NA,NA,NA,NA,NA,NA,NA,NA,NA,NA,NA,NA,NA,NA,NA,NA,NA,NA,NA,NA,NA,NA,NA,pitcher,NA,NA,NA,NA,NA,NA,NA,NA,NA,NA
27668,685126,Brandon Eisert,2026,28,40,4,44,189,43,27,6,49,14,0,1,0.325,60.484,3.67,3.407,0.136,89.926,NA,NA,31.006,27.679,3.754,RP,104.9,8,6.4,3.754,25.926,7.407,18.519,5.523,1.769,1.852,NA,NA,NA,NA,NA,NA,NA,NA,NA,NA,NA,NA,NA,NA,NA,NA,NA,NA,NA,NA,NA,NA,NA,NA,pitcher,NA,NA,NA,NA,NA,NA,NA,NA,NA,NA
12317,607067,Colin Rea,2026,35,33,19,135,581,135,66,21,100,47,0,7,0.283,75.815,4.843,4.699,0.125,93.683,87.383,NA,32.61,25.068,5.461,SP,104.5,44,10.304,5.461,17.212,8.09,9.122,4.4,-1.061,-0.443,4.358,19.368,6.281,13.088,4.815,-0.457,4.781,-0.424,8.536,29.208,0.276,75.847,26.678,0.143,0.042,-2.156,1.809,-3.965,0.647,3.403,-1.61,1.768,-0.033,0.006,pitcher,-0.301,-0.8,0.794,-1.594,0.335,2.81,-0.81,1.633,0.26,0.006
25310,682608,Peyton Gray,2026,31,49,0,56,249,56,24,9,60,17,3,3,0.299,74.132,4.12,3.836,0.134,93.117,NA,NA,35.465,28.708,3.575,RP,103.4,12,7.101,3.575,24.096,6.827,17.269,3.857,0.283,-0.263,NA,NA,NA,NA,NA,NA,NA,NA,NA,NA,NA,NA,NA,NA,NA,NA,NA,NA,NA,NA,NA,NA,NA,NA,pitcher,NA,NA,NA,NA,NA,NA,NA,NA,NA,NA
31701,694918,Blade Tidwell,2026,25,17,9,56.667,235,46,28,8,46,21,0,6,0.247,71.197,4.743,4.826,0.111,94.488,NA,NA,27.339,26.458,4.252,SP,103.7,17,10.494,4.252,19.574,8.936,10.638,4.447,0.195,-0.296,NA,NA,NA,NA,NA,NA,NA,NA,NA,NA,NA,NA,NA,NA,NA,NA,NA,NA,NA,NA,NA,NA,NA,NA,pitcher,NA,NA,NA,NA,NA,NA,NA,NA,NA,NA
22872,672782,Yoendrys Gomez,2026,26,65,0,67,297,58,32,7,65,39,3,3,0.28,70.953,4.401,5.092,0.077,95.705,91.685,NA,28.783,26.298,5.486,RP,103.1,16,8.421,5.486,21.886,13.131,8.754,4.299,-1.187,-0.102,0,50,0,50,2.21,-2.21,0.755,-0.755,0,27.778,0.333,100,25.806,0,4.299,-28.114,13.131,-41.246,3.276,1.006,0.491,8.421,-29.047,-0.053,pitcher,3.955,-26.758,12.116,-38.874,2.964,0.413,1.292,8.286,-28.753,-0.054
7048,518585,Fernando Cruz,2026,36,61,0,54.667,234,41,19,7,67,32,2,2,0.27,79.755,4.182,4.504,0.097,93.121,NA,80.062,30.743,32.77,3.3,RP,103.9,12,9.023,3.3,28.632,13.675,14.957,3.128,-0.172,-1.054,4.898,37.183,11.636,25.547,3.904,0.994,3.164,1.734,9.825,33.059,0.331,66.999,31.887,0.153,-1.77,-8.55,2.039,-10.59,-0.604,-2.317,0.883,-0.803,12.756,-0.061,pitcher,-2.113,-7.194,1.024,-8.218,-0.915,-2.91,1.683,-0.938,13.049,-0.062
33826,673513,Yuki Matsui,2026,30,54,0,64,260,37,13,7,68,36,3,2,0.204,93.558,4.18,4.621,0.089,91.895,NA,83.507,34.582,28.979,3.024,RP,101.8,11,7.143,3.024,26.154,13.846,12.308,1.828,-1.196,-2.352,3.762,26.848,10.506,16.342,2.94,0.822,3.916,-0.154,6.832,35.22,0.248,74.434,27.445,0.11,-1.934,-0.694,3.34,-4.035,0.084,-0.638,1.533,0.311,19.125,-0.044,pitcher,-2.277,0.662,2.325,-1.663,-0.227,-1.231,2.334,0.176,19.418,-0.045
24452,679883,Luinder Avila,2026,24,21,12,70,309,71,43,7,61,42,0,2,0.328,68.441,4.545,4.797,0.097,96.307,NA,NA,28.928,26.218,4.942,SP,104.7,12,5.882,4.942,19.741,13.592,6.149,5.529,0.587,0.983,NA,NA,NA,NA,NA,NA,NA,NA,NA,NA,NA,NA,NA,NA,NA,NA,NA,NA,NA,NA,NA,NA,NA,NA,pitcher,NA,NA,NA,NA,NA,NA,NA,NA,NA,NA
30003,683352,Mitch Bratt,2026,22,10,10,44,194,40,23,5,30,27,1,1,0.271,73.77,5.125,6.014,0.072,90.972,NA,NA,29.496,21.074,4.122,SP,102.2,9,6.618,4.122,15.464,13.918,1.546,4.705,0.583,-0.42,NA,NA,NA,NA,NA,NA,NA,NA,NA,NA,NA,NA,NA,NA,NA,NA,NA,NA,NA,NA,NA,NA,NA,NA,pitcher,NA,NA,NA,NA,NA,NA,NA,NA,NA,NA
27552,668933,Graham Ashcraft,2026,28,35,0,35.333,151,27,16,2,40,24,2,1,0.298,71.138,3.697,4.029,0.08,96,97.735,NA,36.829,28.922,3.797,RP,102.9,5,5.814,3.797,26.49,15.894,10.596,4.075,0.278,0.379,NA,NA,NA,NA,NA,NA,NA,NA,NA,NA,NA,NA,NA,NA,NA,NA,NA,NA,NA,NA,NA,NA,NA,NA,pitcher,NA,NA,NA,NA,NA,NA,NA,NA,NA,NA
30140,680744,Ty Madden,2026,26,19,1,44,180,33,17,5,43,14,0,2,0.241,76.19,3.716,4.022,0.096,93.199,87.622,85.446,34.052,25,3.097,RP,103.1,7,5.785,3.097,23.889,7.778,16.111,3.477,0.381,-0.239,4.304,16.832,7.921,8.911,4.08,0.224,3.993,0.312,8,33.333,0.315,70.513,23.573,0.067,-0.827,7.057,-0.143,7.2,-0.983,0.718,1.427,-2.215,5.678,-0.074,pitcher,-1.17,8.414,-1.158,9.572,-1.295,0.126,2.227,-2.35,5.971,-0.074
20385,676755,Isaac Mattson,2026,30,38,0,38.667,176,44,23,3,36,18,0,1,0.347,68.027,3.723,4.744,0.058,94.201,NA,NA,32.195,24.038,6.2,RP,104.1,15,12.397,6.2,20.455,10.227,10.227,5.353,-0.846,1.63,NA,NA,NA,NA,NA,NA,NA,NA,NA,NA,NA,NA,NA,NA,NA,NA,NA,NA,NA,NA,NA,NA,NA,NA,pitcher,NA,NA,NA,NA,NA,NA,NA,NA,NA,NA
22200,669020,Ryan Rolison,2026,28,60,2,63,256,53,22,6,55,28,1,0,0.283,78.512,3.928,4.247,0.092,94.847,NA,NA,29.558,25.075,4.034,RP,102.4,12,6.936,4.034,21.484,10.938,10.547,3.143,-0.891,-0.785,NA,NA,NA,NA,NA,NA,NA,NA,NA,NA,NA,NA,NA,NA,NA,NA,NA,NA,NA,NA,NA,NA,NA,NA,pitcher,NA,NA,NA,NA,NA,NA,NA,NA,NA,NA
18554,646241,Enmanuel De Jesus,2026,29,30,0,42.333,178,38,18,3,39,15,0,2,0.299,66.929,3.386,4.104,0.065,94.207,85.509,NA,34.197,28.251,4.431,RP,104.2,9,7.377,4.431,21.91,8.427,13.483,3.827,-0.604,0.441,NA,NA,NA,NA,NA,NA,NA,NA,NA,NA,NA,NA,NA,NA,NA,NA,NA,NA,NA,NA,NA,NA,NA,NA,pitcher,NA,NA,NA,NA,NA,NA,NA,NA,NA,NA
26231,663947,Tyler Holton,2026,30,67,3,72,301,71,22,8,55,19,0,6,0.299,81.368,4.061,4.041,0.118,91.26,87.738,NA,30.952,26.991,3.769,RP,104.4,12,5.43,3.769,18.272,6.312,11.96,2.75,-1.019,-1.311,2.18,22.006,4.978,17.027,2.948,-0.768,3.258,-1.078,5.81,33.39,0.203,79.776,29.418,0.084,0.57,-3.733,1.334,-5.067,0.821,-2.438,-2.427,-0.38,1.592,0.095,pitcher,0.226,-2.377,0.319,-2.696,0.509,-3.03,-1.627,-0.515,1.885,0.095
18403,660853,Enyel De Los Santos,2026,30,66,0,71.333,301,69,38,11,67,20,1,1,0.29,63.003,4.112,4.159,0.113,95.135,NA,NA,35.823,26.407,3.417,RP,102.8,12,5.634,3.417,22.259,6.645,15.615,4.794,1.378,0.683,3.313,23.664,9.542,14.122,4.18,-0.867,3.483,-0.171,8.187,31.741,0.275,72.207,27.204,0.059,1.482,-1.405,-2.897,1.492,-0.763,4.083,-0.797,-2.553,-9.204,0.015,pitcher,1.138,-0.049,-3.913,3.864,-1.075,3.49,0.004,-2.688,-8.911,0.014
31776,689147,Orion Kerkering,2026,25,62,0,58,268,50,32,5,63,34,1,7,0.285,65.476,4.171,4.898,0.07,96.888,NA,92.143,31.515,28.637,3.847,RP,102.8,10,6.098,3.847,23.507,12.687,10.821,4.966,1.118,0.794,2.297,29.045,6.752,22.293,3.179,-0.882,2.4,-0.103,4.973,32.403,0.317,76.565,31.361,0.05,2.669,-5.537,5.935,-11.472,0.669,-0.888,-2.725,1.125,-11.089,-0.033,pitcher,2.325,-4.181,4.92,-9.101,0.357,-1.481,-1.924,0.99,-10.796,-0.033
16727,592779,Brock Stewart,2026,34,28,1,26.667,103,17,8,3,25,10,2,0,0.215,74.561,3.815,3.767,0.12,95.556,92.097,NA,37.069,29.058,2.54,RP,101.4,3,4.412,2.54,24.272,9.709,14.563,2.7,0.16,-1.115,3.585,31.935,11.29,20.645,3.496,0.089,3.243,0.342,2.875,34.08,0.339,79.386,31.417,0.107,-0.885,-7.664,-1.582,-6.082,-0.957,2.989,-2.36,1.537,-4.825,-0.123,pitcher,-1.229,-6.307,-2.597,-3.711,-1.268,2.396,-1.559,1.402,-4.532,-0.124
19769,676684,Will Vest,2026,31,27,0,26.667,116,28,18,2,27,10,0,2,0.351,48.387,3.402,3.446,0.111,95.744,NA,NA,35.211,27.893,3.963,RP,104.2,4,5.195,3.963,23.276,8.621,14.655,6.075,2.112,2.673,2.856,22.983,6.285,16.698,3.671,-0.815,2.774,0.082,3.386,33.323,0.288,75.067,28.074,0.055,3.219,0.293,2.336,-2.043,0.292,1.888,-0.181,1.809,-26.68,0.063,pitcher,2.876,1.649,1.32,0.329,-0.02,1.295,0.619,1.674,-26.387,0.063
30133,676428,Brant Hurter,2026,27,29,0,35.333,143,24,12,1,24,15,1,1,0.228,69.948,3.47,3.999,0.048,91.883,NA,NA,26.786,28.205,3.674,RP,103.2,3,2.913,3.674,16.783,10.49,6.294,3.057,-0.618,-0.414,NA,NA,NA,NA,NA,NA,NA,NA,NA,NA,NA,NA,NA,NA,NA,NA,NA,NA,NA,NA,NA,NA,NA,NA,pitcher,NA,NA,NA,NA,NA,NA,NA,NA,NA,NA
25620,682825,Luis Mey,2026,25,28,0,33.667,162,35,24,3,48,22,0,4,0.386,61.62,3.726,4.092,0.088,98.007,NA,NA,25.337,30.781,4.756,RP,105.7,7,7.955,4.756,29.63,13.58,16.049,6.416,1.66,2.69,NA,NA,NA,NA,NA,NA,NA,NA,NA,NA,NA,NA,NA,NA,NA,NA,NA,NA,NA,NA,NA,NA,NA,NA,pitcher,NA,NA,NA,NA,NA,NA,NA,NA,NA,NA
32056,702273,Noah Schultz,2026,22,19,14,74.333,324,68,46,11,67,31,0,9,0.282,65.875,4.838,4.822,0.117,95.25,89.943,NA,30.919,26.862,5.6,SP,104.5,21,9.677,5.6,20.679,9.568,11.111,5.57,-0.03,0.732,NA,NA,NA,NA,NA,NA,NA,NA,NA,NA,NA,NA,NA,NA,NA,NA,NA,NA,NA,NA,NA,NA,NA,NA,pitcher,NA,NA,NA,NA,NA,NA,NA,NA,NA,NA
27463,676979,Garrett Crochet,2026,27,6,6,30,138,33,21,5,37,11,0,4,0.35,60.976,4.302,3.745,0.156,95.624,90.977,85,34.783,25.676,5.122,SP,104.7,9,10.465,5.122,26.812,7.971,18.841,6.3,1.178,1.998,3.575,35.126,5.546,29.58,2.85,0.725,2.687,0.888,9.195,35.978,0.318,73.638,30.731,0.144,2.725,-8.314,2.425,-10.739,2.272,-1.196,-5.055,1.27,-12.662,0.032,pitcher,2.381,-6.958,1.41,-8.368,1.961,-1.789,-4.255,1.135,-12.369,0.031
25756,666374,Matt Brash,2026,28,20,0,16.667,64,8,1,0,15,6,1,3,0.205,88.235,2.922,4.009,0,97.225,NA,NA,27.95,30.534,4.22,RP,106.4,2,5,4.22,23.438,9.375,14.062,0.54,-3.68,-2.382,3.077,34.74,9.416,25.325,3.25,-0.173,2.264,0.812,4.819,32.5,0.38,77.244,33.002,0.053,-2.537,-11.303,-0.041,-11.262,0.97,-4.55,-2.467,0.181,10.991,-0.175,pitcher,-2.88,-9.946,-1.056,-8.891,0.658,-5.142,-1.667,0.046,11.284,-0.176
23779,677865,Justin Bruihl,2026,29,72,0,75.667,340,75,32,4,53,28,2,12,0.296,67.642,3.975,4.803,0.053,90.397,87,NA,31.806,25.71,4.462,RP,103.1,14,5.668,4.462,15.588,8.235,7.353,3.806,-0.656,-0.168,5.464,18.182,9.091,9.091,4.67,0.794,4.112,1.352,5.882,29.752,0.313,61.224,28.246,0.071,-1.658,-2.594,-0.856,-1.738,-0.208,2.054,-2.536,-0.214,6.417,-0.017,pitcher,-2.001,-1.237,-1.871,0.634,-0.52,1.461,-1.736,-0.349,6.71,-0.018
22207,669084,DL Hall,2026,27,46,1,59.667,235,29,13,5,63,34,0,2,0.185,89.655,3.89,4.116,0.096,95.413,90.25,NA,28.571,30.01,3.377,RP,101.3,8,5.882,3.377,26.809,14.468,12.34,1.961,-1.416,-1.929,3.298,28.395,6.173,22.222,2.95,0.348,2.996,0.302,7.547,33.654,0.314,74.257,29.223,0.118,-1.338,-1.587,8.295,-9.882,0.427,-5.082,0.788,-1.665,15.398,-0.129,pitcher,-1.681,-0.23,7.28,-7.51,0.116,-5.675,1.588,-1.8,15.691,-0.13
24453,679885,Justin Martinez,2026,24,14,0,13,50,5,0,0,18,6,0,1,0.2,83.333,1.948,3.225,0,101.713,NA,90.353,23.214,31.429,1.606,RP,100.5,0,0,1.606,36,12,24,0,-1.606,-1.948,2.493,29.545,11.688,17.857,3.05,-0.557,2.588,-0.095,2.793,32.653,0.322,75.372,29.796,0.065,-2.493,6.455,0.312,6.143,-1.444,-9.439,1.632,-2.793,7.962,-0.122,pitcher,-2.836,7.811,-0.703,8.514,-1.756,-10.032,2.433,-2.928,8.255,-0.123
20348,676617,Riley O'Brien,2026,31,66,0,64,276,53,29,5,64,29,4,10,0.291,67.059,3.946,4.086,0.102,97.781,NA,NA,30.346,28.571,4.989,RP,104.2,13,7.514,4.989,23.188,10.507,12.681,4.078,-0.911,0.132,NA,NA,NA,NA,NA,NA,NA,NA,NA,NA,NA,NA,NA,NA,NA,NA,NA,NA,NA,NA,NA,NA,NA,NA,pitcher,NA,NA,NA,NA,NA,NA,NA,NA,NA,NA
23499,676775,Keaton Winn,2026,28,44,0,43,176,34,16,3,33,17,1,3,0.261,74.297,3.87,4.191,0.086,95.788,NA,89.337,29.508,26.863,4.003,RP,103.6,6,4.878,4.003,18.75,9.659,9.091,3.349,-0.654,-0.521,NA,NA,NA,NA,NA,NA,NA,NA,NA,NA,NA,NA,NA,NA,NA,NA,NA,NA,NA,NA,NA,NA,NA,NA,pitcher,NA,NA,NA,NA,NA,NA,NA,NA,NA,NA
16647,657044,Ryan Thompson,2026,34,46,0,40.667,186,51,20,3,29,13,3,3,0.35,70.064,3.815,4.266,0.079,89.494,NA,NA,36.34,27.176,4.088,RP,104.1,6,4.255,4.088,15.591,6.989,8.602,4.426,0.338,0.611,3.348,18.89,5.656,13.234,3.894,-0.546,3.435,-0.087,7.137,35.716,0.284,72.781,27.607,0.112,1.078,-3.299,1.333,-4.632,0.194,0.623,-0.431,-2.882,-2.718,0.066,pitcher,0.735,-1.942,0.318,-2.26,-0.117,0.03,0.369,-3.017,-2.425,0.066
14874,594580,Sam Moll,2026,34,65,0,56.333,257,54,30,5,56,30,2,6,0.316,65.06,4.185,4.183,0.116,91.788,NA,NA,26.08,26.934,4.464,RP,104.1,9,5.455,4.464,21.79,11.673,10.117,4.793,0.329,0.608,3.264,25.138,9.945,15.193,2.871,0.393,3.389,-0.125,4.765,30.811,0.263,72.093,29.042,0.065,1.529,-3.348,1.728,-5.077,1.592,-4.731,-2.108,0.69,-7.032,0.054,pitcher,1.185,-1.992,0.713,-2.705,1.281,-5.324,-1.308,0.555,-6.739,0.053
31953,683000,Riley Cornelio,2026,26,17,3,34.667,153,25,15,2,38,28,1,0,0.274,61.753,4.083,5.118,0.049,96.52,90.28,NA,32.536,27.676,4.042,RP,103.7,7,8.046,4.042,24.837,18.301,6.536,3.894,-0.148,-0.189,NA,NA,NA,NA,NA,NA,NA,NA,NA,NA,NA,NA,NA,NA,NA,NA,NA,NA,NA,NA,NA,NA,NA,NA,pitcher,NA,NA,NA,NA,NA,NA,NA,NA,NA,NA
29423,696070,Kendry Rojas,2026,23,12,4,29.667,130,23,11,2,34,22,0,1,0.309,81.019,4.012,4.713,0.065,95.793,NA,NA,28.125,25.72,3.469,RP,101.9,5,6.849,3.469,26.154,16.923,9.231,3.337,-0.132,-0.675,NA,NA,NA,NA,NA,NA,NA,NA,NA,NA,NA,NA,NA,NA,NA,NA,NA,NA,NA,NA,NA,NA,NA,NA,pitcher,NA,NA,NA,NA,NA,NA,NA,NA,NA,NA
15689,622491,Luis Castillo,2026,33,29,23,130.667,592,151,85,25,112,44,2,7,0.316,64.072,5.046,4.672,0.137,95.288,90.5,NA,35.751,24.292,5.021,SP,103.5,41,9.557,5.021,18.919,7.432,11.486,5.855,0.834,0.808,3.564,25.144,6.658,18.486,3.877,-0.314,3.885,-0.321,8.767,35.025,0.28,77.939,27.479,0.124,2.291,-6.225,0.775,-6.999,1.143,0.726,-3.187,0.79,-13.867,0.036,pitcher,1.948,-4.868,-0.24,-4.628,0.832,0.133,-2.386,0.655,-13.574,0.035
20375,669711,Greg Weissert,2026,31,63,0,60.667,255,55,22,8,60,20,2,3,0.288,82.335,3.976,3.928,0.119,94.082,NA,NA,35.179,26.411,3.584,RP,101.9,9,5.233,3.584,23.529,7.843,15.686,3.264,-0.32,-0.712,3.225,22.374,7.763,14.612,3.6,-0.375,3.782,-0.557,6.065,31.811,0.327,71.563,27.809,0.109,0.039,1.155,0.081,1.074,-0.017,3.367,-1.397,-0.832,10.772,-0.039,pitcher,-0.305,2.511,-0.934,3.446,-0.328,2.774,-0.597,-0.967,11.066,-0.04
30250,677955,Jaden Hill,2026,26,45,0,38.667,177,35,23,3,38,23,2,3,0.294,66.901,4.163,4.949,0.065,97.151,NA,NA,32.576,27.474,3.956,RP,104.6,5,4.425,3.956,21.469,12.994,8.475,5.353,1.398,1.191,NA,NA,NA,NA,NA,NA,NA,NA,NA,NA,NA,NA,NA,NA,NA,NA,NA,NA,NA,NA,NA,NA,NA,NA,pitcher,NA,NA,NA,NA,NA,NA,NA,NA,NA,NA
31972,695418,Brad Lord,2026,26,40,5,83.333,357,69,35,10,77,33,3,8,0.261,77.083,4.29,3.962,0.147,94.56,NA,NA,32.188,25.562,3.905,RP,103.8,15,6.276,3.905,21.569,9.244,12.325,3.78,-0.125,-0.51,NA,NA,NA,NA,NA,NA,NA,NA,NA,NA,NA,NA,NA,NA,NA,NA,NA,NA,NA,NA,NA,NA,NA,NA,pitcher,NA,NA,NA,NA,NA,NA,NA,NA,NA,NA
20160,663878,Nate Pearson,2026,29,41,0,45.333,197,37,21,2,41,25,0,6,0.285,69.018,3.918,4.876,0.043,97.5,NA,NA,31.317,24.183,4.38,RP,104.8,9,7.2,4.38,20.812,12.69,8.122,4.169,-0.21,0.251,4.493,25.965,7.368,18.596,4.43,0.063,4.373,0.121,10.16,30.329,0.314,76.819,29.839,0.162,-0.324,-5.153,5.322,-10.475,-0.05,0.988,-5.656,-2.96,-7.801,-0.03,pitcher,-0.667,-3.796,4.307,-8.103,-0.362,0.395,-4.856,-3.095,-7.508,-0.03
31880,695380,Alex Hoppe,2026,27,42,0,42.667,192,41,21,3,47,20,2,3,0.322,58.528,3.43,3.613,0.097,98.421,91,NA,30.324,25.784,4.024,RP,104.4,5,4.098,4.024,24.479,10.417,14.062,4.43,0.405,0.999,NA,NA,NA,NA,NA,NA,NA,NA,NA,NA,NA,NA,NA,NA,NA,NA,NA,NA,NA,NA,NA,NA,NA,NA,pitcher,NA,NA,NA,NA,NA,NA,NA,NA,NA,NA
3096,445276,Kenley Jansen,2026,38,50,0,45,180,24,16,7,51,23,1,1,0.173,78.534,4.458,4.481,0.115,93.939,92.582,NA,33.411,28.138,3.594,RP,104.6,10,9.524,3.594,28.333,12.778,15.556,3.2,-0.394,-1.258,3.395,28.266,9.145,19.121,3.218,0.177,3.148,0.246,10.157,28.962,0.271,73.043,29.046,0.06,-0.195,0.067,3.633,-3.566,0.377,4.449,-0.908,-0.633,5.491,-0.098,pitcher,-0.538,1.424,2.618,-1.194,0.065,3.856,-0.108,-0.768,5.784,-0.099
19274,657097,Jacob Webb,2026,32,67,0,66,281,59,25,10,72,25,0,1,0.283,80.282,4.072,3.588,0.154,94.225,NA,NA,34.884,31.532,4.397,RP,104.3,14,7.65,4.397,25.623,8.897,16.726,3.409,-0.988,-0.663,3.206,24.496,11.771,12.725,3.586,-0.381,3.757,-0.551,7.213,32.773,0.245,73.796,27.341,0.072,0.204,1.126,-2.874,4.001,0.81,2.11,4.192,0.437,6.485,0.038,pitcher,-0.14,2.483,-3.889,6.372,0.499,1.518,4.992,0.302,6.779,0.038
12572,595014,Blake Treinen,2026,38,36,0,29.667,130,29,12,3,31,13,2,1,0.321,79.897,3.743,4.056,0.094,95.14,91.444,NA,35.099,28.34,5.072,RP,104.3,9,10.588,5.072,23.846,10,13.846,3.64,-1.432,-0.102,1.948,30.435,5.978,24.457,2.41,-0.462,2.995,-1.047,5.217,36.682,0.255,89.744,30.529,0.111,1.692,-6.589,4.022,-10.61,2.662,-1.583,-2.189,5.371,-9.847,0.066,pitcher,1.349,-5.232,3.007,-8.239,2.351,-2.176,-1.389,5.236,-9.554,0.066
33760,683363,Matthew Wilkinson,2026,23,8,6,27.667,110,22,11,5,20,5,0,0,0.212,65,4.548,4.98,0.098,90.454,84.273,NA,32.075,26.014,3.084,SP,103.7,6,7.059,3.084,18.182,4.545,13.636,3.578,0.495,-0.97,NA,NA,NA,NA,NA,NA,NA,NA,NA,NA,NA,NA,NA,NA,NA,NA,NA,NA,NA,NA,NA,NA,NA,NA,pitcher,NA,NA,NA,NA,NA,NA,NA,NA,NA,NA
29826,695049,Brett Kerry,2026,27,3,0,13.667,54,11,6,1,12,2,0,0,0.256,60.345,2.736,3.331,0.071,91.69,NA,NA,36.066,27.83,3.029,SP,104.2,2,5,3.029,22.222,3.704,18.519,3.951,0.923,1.215,NA,NA,NA,NA,NA,NA,NA,NA,NA,NA,NA,NA,NA,NA,NA,NA,NA,NA,NA,NA,NA,NA,NA,NA,pitcher,NA,NA,NA,NA,NA,NA,NA,NA,NA,NA
19178,667297,Tommy Nance,2026,35,57,0,59.667,258,59,26,8,68,24,2,1,0.327,76.923,3.823,3.319,0.163,94.548,NA,NA,35.417,29.867,4.434,RP,104.7,12,7.273,4.434,26.357,9.302,17.054,3.922,-0.512,0.099,4.091,20.43,9.677,10.753,4.43,-0.339,3.985,0.106,12.5,30,0.258,63.492,33.851,0.118,-0.169,5.926,-0.375,6.302,0.004,5.417,-3.983,-5.227,13.431,0.069,pitcher,-0.512,7.283,-1.39,8.673,-0.308,4.824,-3.183,-5.362,13.724,0.068
27485,668831,Garrett Stallings,2026,28,6,0,14,51,4,0,0,17,5,0,0,0.138,100,1.745,3.47,0,91.764,88.137,NA,34.513,31.443,1.228,RP,99,0,0,1.228,33.333,9.804,23.529,0,-1.228,-1.745,NA,NA,NA,NA,NA,NA,NA,NA,NA,NA,NA,NA,NA,NA,NA,NA,NA,NA,NA,NA,NA,NA,NA,NA,pitcher,NA,NA,NA,NA,NA,NA,NA,NA,NA,NA
27757,690978,Dax Fulton,2026,24,16,0,28.667,122,23,12,1,29,15,0,1,0.289,71.809,3.207,3.648,0.059,95.071,NA,NA,27.931,27.349,3.735,RP,105.5,4,5.195,3.735,23.77,12.295,11.475,3.767,0.033,0.56,NA,NA,NA,NA,NA,NA,NA,NA,NA,NA,NA,NA,NA,NA,NA,NA,NA,NA,NA,NA,NA,NA,NA,NA,pitcher,NA,NA,NA,NA,NA,NA,NA,NA,NA,NA
17170,642100,Gabe Speier,2026,31,54,0,46,190,35,15,5,45,15,2,5,0.254,79.167,3.863,4.123,0.098,95.303,NA,NA,36.24,27.937,3.698,RP,104.9,13,10.4,3.698,23.684,7.895,15.789,2.935,-0.763,-0.928,4.943,30.871,10.038,20.833,3.388,1.556,3.44,1.504,7.855,35.014,0.314,66.266,29.563,0.136,-2.009,-7.187,-2.143,-5.044,0.31,1.226,-1.626,2.545,12.901,-0.06,pitcher,-2.352,-5.831,-3.158,-2.672,-0.001,0.633,-0.826,2.41,13.194,-0.061
17606,664299,Cristian Javier,2026,29,17,12,63,276,64,36,10,59,28,0,2,0.305,72.5,4.721,5.053,0.1,93.201,88.896,NA,36.148,26.306,4.762,SP,103.5,17,9.091,4.762,21.377,10.145,11.232,5.143,0.381,0.422,4.32,21.108,10.466,10.642,4.475,-0.156,4.646,-0.326,8.324,30.981,0.267,73.448,25.458,0.089,0.823,0.269,-0.321,0.59,0.286,5.167,0.848,0.767,-0.948,0.038,pitcher,0.48,1.625,-1.336,2.961,-0.025,4.574,1.649,0.632,-0.654,0.037
26213,668873,Caleb Kilian,2026,29,49,0,47.667,209,43,26,6,56,22,2,1,0.308,62.5,3.837,3.783,0.12,96.679,NA,NA,33.933,28.372,3.562,RP,103.4,11,8.462,3.562,26.794,10.526,16.268,4.909,1.347,1.073,NA,NA,NA,NA,NA,NA,NA,NA,NA,NA,NA,NA,NA,NA,NA,NA,NA,NA,NA,NA,NA,NA,NA,NA,pitcher,NA,NA,NA,NA,NA,NA,NA,NA,NA,NA
19558,664129,Geoff Hartlieb,2026,32,17,0,26.333,116,27,14,1,21,13,0,1,0.325,68.182,3.596,5.108,0.029,94.899,91.464,NA,34.298,26.716,3.912,RP,104.5,5,6.173,3.912,18.103,11.207,6.897,4.785,0.873,1.189,NA,NA,NA,NA,NA,NA,NA,NA,NA,NA,NA,NA,NA,NA,NA,NA,NA,NA,NA,NA,NA,NA,NA,NA,pitcher,NA,NA,NA,NA,NA,NA,NA,NA,NA,NA
22113,668390,Cole Winn,2026,26,51,1,48,215,54,30,7,49,16,1,1,0.336,63.725,4.019,3.852,0.127,95.382,91.231,87.416,38.222,26.938,4.88,RP,106,10,6.711,4.88,22.791,7.442,15.349,5.625,0.745,1.606,NA,NA,NA,NA,NA,NA,NA,NA,NA,NA,NA,NA,NA,NA,NA,NA,NA,NA,NA,NA,NA,NA,NA,NA,pitcher,NA,NA,NA,NA,NA,NA,NA,NA,NA,NA
19524,660604,Alan Rangel,2026,28,7,3,26,123,31,17,4,29,13,0,2,0.36,71.782,4.602,4.634,0.114,92.982,NA,NA,35.294,26.68,4.27,RP,104.1,4,5.063,4.27,23.577,10.569,13.008,5.885,1.614,1.282,NA,NA,NA,NA,NA,NA,NA,NA,NA,NA,NA,NA,NA,NA,NA,NA,NA,NA,NA,NA,NA,NA,NA,NA,pitcher,NA,NA,NA,NA,NA,NA,NA,NA,NA,NA
33908,820862,Jose Fermin,2026,24,53,0,53.667,238,49,23,6,62,25,2,4,0.305,73.276,3.866,3.65,0.136,96.432,NA,93,34.028,29.328,4.53,RP,103,11,7.483,4.53,26.05,10.504,15.546,3.857,-0.672,-0.009,NA,NA,NA,NA,NA,NA,NA,NA,NA,NA,NA,NA,NA,NA,NA,NA,NA,NA,NA,NA,NA,NA,NA,NA,pitcher,NA,NA,NA,NA,NA,NA,NA,NA,NA,NA
30061,702021,Will Dion,2026,26,26,1,47.667,193,41,20,8,53,16,0,1,0.287,72.65,4.13,3.721,0.143,91.072,87.094,NA,37.642,28.477,3.369,RP,102.2,9,7.317,3.369,27.461,8.29,19.171,3.776,0.408,-0.354,NA,NA,NA,NA,NA,NA,NA,NA,NA,NA,NA,NA,NA,NA,NA,NA,NA,NA,NA,NA,NA,NA,NA,NA,pitcher,NA,NA,NA,NA,NA,NA,NA,NA,NA,NA
17734,623465,Evan Phillips,2026,31,30,0,25,103,22,10,5,31,6,3,1,0.283,81.818,4.062,3.515,0.147,96.912,92.488,NA,36.245,30.318,4.494,RP,107.5,11,16.923,4.494,30.097,5.825,24.272,3.6,-0.894,-0.462,3.219,27.778,6.972,20.806,3.244,-0.026,3.246,-0.027,6.239,32.01,0.278,66.133,30.689,0.104,0.381,2.319,-1.146,3.466,1.25,4.235,-0.371,10.684,15.685,0.006,pitcher,0.038,3.676,-2.161,5.837,0.939,3.642,0.43,10.549,15.978,0.005
24602,680723,Drew Rom,2026,26,17,0,16.667,80,22,11,1,17,7,1,0,0.389,65.217,3.102,4.676,0.038,91.739,NA,87.474,21.053,25.436,5.502,RP,105.8,6,10.714,5.502,21.25,8.75,12.5,5.94,0.438,2.838,NA,NA,NA,NA,NA,NA,NA,NA,NA,NA,NA,NA,NA,NA,NA,NA,NA,NA,NA,NA,NA,NA,NA,NA,pitcher,NA,NA,NA,NA,NA,NA,NA,NA,NA,NA
26214,669684,Chris Murphy,2026,28,33,3,33.667,150,32,18,4,35,16,0,4,0.308,66.81,4.35,5.181,0.075,96.189,NA,NA,31.176,27.036,3.853,RP,102.7,8,8.421,3.853,23.333,10.667,12.667,4.812,0.959,0.462,4.958,23.113,8.019,15.094,3.63,1.328,3.696,1.262,6.897,30.233,0.321,67.213,23.509,0.1,-0.146,0.22,2.648,-2.428,0.223,0.944,3.527,1.525,-0.403,-0.014,pitcher,-0.489,1.577,1.633,-0.056,-0.089,0.351,4.327,1.39,-0.11,-0.014
30086,681252,Jack Anderson,2026,26,7,0,12.333,48,10,3,1,12,3,0,0,0.281,86.207,2.94,3.477,0.077,90.833,NA,81.878,38.835,28.022,3.794,RP,100,3,9.091,3.794,25,6.25,18.75,2.189,-1.605,-0.751,NA,NA,NA,NA,NA,NA,NA,NA,NA,NA,NA,NA,NA,NA,NA,NA,NA,NA,NA,NA,NA,NA,NA,NA,pitcher,NA,NA,NA,NA,NA,NA,NA,NA,NA,NA
26318,676454,Brendan Cellucci,2026,28,6,0,8.667,30,2,0,0,11,3,1,0,0.125,100,1.602,3.169,0,93.647,NA,NA,33.898,38.393,2.531,RP,104.9,1,6.25,2.531,36.667,10,26.667,0,-2.531,-1.602,NA,NA,NA,NA,NA,NA,NA,NA,NA,NA,NA,NA,NA,NA,NA,NA,NA,NA,NA,NA,NA,NA,NA,NA,pitcher,NA,NA,NA,NA,NA,NA,NA,NA,NA,NA
26333,674073,Jack Weisenburger,2026,28,7,0,12.667,50,10,3,0,14,4,0,0,0.323,78.571,1.839,3.388,0,94.74,89.632,NA,35.938,26.341,2.499,RP,103.6,2,6.25,2.499,28,8,20,2.132,-0.367,0.292,NA,NA,NA,NA,NA,NA,NA,NA,NA,NA,NA,NA,NA,NA,NA,NA,NA,NA,NA,NA,NA,NA,NA,NA,pitcher,NA,NA,NA,NA,NA,NA,NA,NA,NA,NA
24862,681676,Ryan Fernandez,2026,28,17,0,23,100,19,9,2,28,11,0,0,0.288,58.824,3.233,3.546,0.091,94.771,92.118,NA,32.906,28.424,3.529,RP,104.1,4,6.557,3.529,28,11,17,3.522,-0.008,0.289,3.535,24.912,11.228,13.684,3.54,-0.005,3.346,0.188,7.222,33.733,0.307,71.759,27.075,0.068,-0.013,3.088,-0.228,3.316,-0.011,-0.827,1.349,-0.665,-12.936,-0.019,pitcher,-0.356,4.444,-1.243,5.687,-0.322,-1.42,2.15,-0.8,-12.643,-0.019
24614,680767,Victor Vodnik,2026,26,53,0,58.667,266,58,32,3,44,33,1,3,0.302,63.474,4.108,4.755,0.059,98.63,96,NA,28.105,24.027,4.124,RP,104.7,8,4.301,4.124,16.541,12.406,4.135,4.909,0.785,0.801,4.464,20.618,11.355,9.263,4.808,-0.343,4.068,0.396,7.642,25.159,0.319,71.853,24.502,0.115,0.445,-4.076,1.051,-5.128,-0.683,2.946,-0.474,-3.341,-8.378,-0.016,pitcher,0.101,-2.72,0.036,-2.756,-0.995,2.353,0.326,-3.476,-8.085,-0.017
5097,543238,Anthony Gose,2026,35,14,0,13.667,51,11,1,1,7,2,0,0,0.25,86.207,3.468,4.836,0.048,95.5,NA,NA,41.732,27.5,3.576,RP,101.6,3,7.143,3.576,13.725,3.922,9.804,0.659,-2.918,-2.81,NA,NA,NA,NA,NA,NA,NA,NA,NA,NA,NA,NA,NA,NA,NA,NA,NA,NA,NA,NA,NA,NA,NA,NA,pitcher,NA,NA,NA,NA,NA,NA,NA,NA,NA,NA
24492,680570,Grayson Rodriguez,2026,26,20,20,98.667,444,111,66,16,85,43,2,7,0.324,64.935,5.008,4.613,0.143,96.154,NA,NA,31.855,26.129,5.69,SP,105.1,27,8.738,5.69,19.144,9.685,9.459,6.02,0.331,1.013,3.997,26.107,7.545,18.561,3.847,0.15,3.732,0.265,7.682,34.248,0.312,75,29.105,0.127,2.023,-6.962,2.139,-9.102,1.843,-2.394,-2.977,1.056,-10.065,0.012,pitcher,1.68,-5.606,1.124,-6.73,1.531,-2.986,-2.176,0.921,-9.772,0.012
30055,700249,Cade Povich,2026,26,8,7,37,160,40,18,6,28,15,0,1,0.309,79.832,4.994,4.885,0.122,91.816,88.5,85.145,32.5,24.714,4.691,SP,106.2,8,6.897,4.691,17.5,9.375,8.125,4.378,-0.312,-0.616,5.227,19.602,9.659,9.943,4.11,1.117,4.786,0.442,8.943,29.908,0.291,67.864,27.43,0.105,-0.849,-2.102,-0.284,-1.818,0.581,2.592,-2.716,-2.047,11.968,0.018,pitcher,-1.192,-0.746,-1.299,0.553,0.269,1.999,-1.916,-2.181,12.261,0.018
30094,696136,Jordan Wicks,2026,26,4,2,10.333,50,18,12,1,8,2,0,1,0.447,45.918,3.683,4.031,0.091,93.143,NA,NA,32.71,25,4.414,SP,103.7,3,7.692,4.414,16,4,12,10.452,6.037,6.769,4.474,16.327,7.483,8.844,4.07,0.404,4.697,-0.224,6.25,32.732,0.262,72.973,25.214,0.161,5.978,-0.327,-3.483,3.156,0.344,-0.022,-0.214,1.442,-27.055,0.186,pitcher,5.635,1.03,-4.498,5.528,0.033,-0.614,0.586,1.307,-26.761,0.185
18655,621345,A.J. Minter,2026,32,47,0,44.667,182,39,12,8,41,8,1,1,0.252,89.674,4.199,3.966,0.129,93.53,NA,NA,34.527,23.353,3.769,RP,103.5,13,9.848,3.769,22.527,4.396,18.132,2.418,-1.352,-1.781,3.785,31.538,8.077,23.462,3.3,0.485,2.899,0.886,7.006,34.466,0.331,71.429,29.55,0.091,-1.367,-9.011,-3.681,-5.33,0.469,0.061,-6.196,2.842,18.245,-0.079,pitcher,-1.711,-7.655,-4.696,-2.958,0.158,-0.532,-5.396,2.707,18.538,-0.08
19795,624522,Keegan Thompson,2026,31,5,0,12,57,19,11,1,11,2,0,0,0.429,51.02,2.852,4.158,0.053,92.31,88.362,NA,32.075,26.154,7.64,RP,103.9,6,13.636,7.64,19.298,3.509,15.789,8.25,0.61,5.398,3.19,26.482,14.427,12.055,4.42,-1.231,4.003,-0.813,10.534,29.364,0.23,73.992,27.027,0.096,5.06,-7.184,-10.918,3.734,3.219,2.712,-0.873,3.102,-22.972,0.199,pitcher,4.717,-5.828,-11.933,6.106,2.908,2.119,-0.073,2.968,-22.679,0.198
31815,806188,Cade Gibson,2026,28,47,1,50.333,221,49,30,4,44,21,1,6,0.312,58.239,3.996,4.222,0.095,92.156,NA,NA,32.239,29.532,3.452,RP,102.4,5,3.333,3.452,19.91,9.502,10.407,5.364,1.912,1.368,NA,NA,NA,NA,NA,NA,NA,NA,NA,NA,NA,NA,NA,NA,NA,NA,NA,NA,NA,NA,NA,NA,NA,NA,pitcher,NA,NA,NA,NA,NA,NA,NA,NA,NA,NA
19574,668941,JoJo Romero,2026,29,55,0,56.333,238,51,21,7,54,18,2,4,0.288,80.696,3.972,3.669,0.143,93.76,NA,NA,29.009,29.61,4.437,RP,106.3,12,7.407,4.437,22.689,7.563,15.126,3.355,-1.082,-0.617,3.729,28.571,6.803,21.769,2.82,0.909,2.219,1.511,2.128,31.186,0.301,59.585,33.636,0.056,-0.374,-5.882,0.76,-6.643,1.617,-2.177,-4.027,5.28,21.111,-0.013,pitcher,-0.718,-4.526,-0.255,-4.271,1.305,-2.77,-3.226,5.145,21.404,-0.014
23809,678061,Ray Kerr,2026,31,9,1,18.333,66,9,3,2,11,2,0,2,0.146,98.039,3.975,4.121,0.105,94.79,90.25,NA,34.545,26.887,3.28,RP,102.4,3,5.882,3.28,16.667,3.03,13.636,1.473,-1.808,-2.502,5.305,27.423,7.092,20.331,4.918,0.387,4.356,0.95,11.979,34.01,0.379,73.928,31.839,0.173,-3.833,-10.757,-4.062,-6.695,-1.638,0.536,-4.952,-6.097,24.111,-0.233,pitcher,-4.176,-9.4,-5.077,-4.323,-1.95,-0.057,-4.152,-6.232,24.404,-0.234
27926,689441,Coleman Crow,2026,25,5,4,18.667,85,21,11,2,10,6,1,1,0.288,59.524,4.549,5.662,0.065,91.404,87.411,NA,35.152,25.085,4.97,SP,106.2,5,7.353,4.97,11.765,7.059,4.706,5.304,0.334,0.755,NA,NA,NA,NA,NA,NA,NA,NA,NA,NA,NA,NA,NA,NA,NA,NA,NA,NA,NA,NA,NA,NA,NA,NA,pitcher,NA,NA,NA,NA,NA,NA,NA,NA,NA,NA
32065,680899,Erik Tolman,2026,27,14,0,14,61,12,5,1,15,8,0,0,0.297,75.269,3.602,3.967,0.083,96.958,NA,NA,32.653,28.253,3.673,RP,104,2,5.263,3.673,24.59,13.115,11.475,3.214,-0.459,-0.388,NA,NA,NA,NA,NA,NA,NA,NA,NA,NA,NA,NA,NA,NA,NA,NA,NA,NA,NA,NA,NA,NA,NA,NA,pitcher,NA,NA,NA,NA,NA,NA,NA,NA,NA,NA
27688,686799,Jack Kochanowicz,2026,25,13,13,64,296,65,44,7,47,36,1,5,0.289,61.331,4.977,4.994,0.115,95.912,NA,NA,28.111,25.655,5.616,SP,105.2,15,7.212,5.616,15.878,12.162,3.716,6.188,0.572,1.21,4.009,9.398,3.759,5.639,4.97,-0.961,4.621,-0.611,6.278,32.297,0.282,73.491,21.769,0.13,2.178,6.48,8.403,-1.923,0.646,-4.186,3.885,0.934,-12.16,0.006,pitcher,1.835,7.836,7.388,0.449,0.334,-4.779,4.686,0.799,-11.867,0.005
31884,701121,Logan VanWey,2026,27,9,0,11.667,42,11,2,1,9,0,0,0,0.323,83.333,2.674,3.37,0.071,93.286,85.8,NA,36.735,26.966,2.825,RP,106.4,2,6.061,2.825,21.429,0,21.429,1.543,-1.282,-1.131,NA,NA,NA,NA,NA,NA,NA,NA,NA,NA,NA,NA,NA,NA,NA,NA,NA,NA,NA,NA,NA,NA,NA,NA,pitcher,NA,NA,NA,NA,NA,NA,NA,NA,NA,NA
17897,664076,Garrett Cleavinger,2026,32,51,0,41.333,181,37,22,6,54,22,2,2,0.32,72.243,4.118,3.582,0.162,95.709,NA,NA,34.222,28.163,4.244,RP,103.6,8,7.767,4.244,29.834,12.155,17.68,4.79,0.547,0.672,3.75,26.692,11.654,15.038,4.34,-0.59,4,-0.25,9.554,33.011,0.305,74.755,29.234,0.095,1.04,3.143,0.501,2.642,-0.096,1.211,-1.07,-1.787,-2.512,0.015,pitcher,0.697,4.499,-0.514,5.013,-0.408,0.618,-0.27,-1.922,-2.218,0.014
14843,547179,Michael Lorenzen,2026,34,32,25,127.333,619,186,102,23,90,54,0,6,0.366,62.208,5.45,4.963,0.146,93.767,90.16,NA,26.618,24.667,6.144,SP,106.2,43,9.168,6.144,14.54,8.724,5.816,7.209,1.066,1.759,3.562,18.011,10.17,7.841,4.568,-1.006,4.773,-1.211,8.024,28.635,0.244,78.882,25.683,0.113,3.648,-3.471,-1.447,-2.025,1.576,-2.017,-1.016,1.145,-16.675,0.122,pitcher,3.304,-2.115,-2.462,0.347,1.265,-2.61,-0.216,1.01,-16.381,0.121
31612,687223,Carson Palmquist,2026,25,11,6,16.333,78,21,14,1,15,8,0,3,0.4,58.824,4.082,5.134,0.05,90.861,82.194,NA,37.968,26.518,4.868,SP,101.1,2,3.846,4.868,19.231,10.256,8.974,7.714,2.846,3.632,NA,NA,NA,NA,NA,NA,NA,NA,NA,NA,NA,NA,NA,NA,NA,NA,NA,NA,NA,NA,NA,NA,NA,NA,pitcher,NA,NA,NA,NA,NA,NA,NA,NA,NA,NA
29934,702303,Riley Martin,2026,28,8,1,8.333,31,5,2,1,10,2,0,0,0.235,89.286,2.982,3.052,0.111,94.615,NA,NA,26.923,28.814,2.6,RP,106.9,1,5.263,2.6,32.258,6.452,25.806,2.16,-0.44,-0.822,NA,NA,NA,NA,NA,NA,NA,NA,NA,NA,NA,NA,NA,NA,NA,NA,NA,NA,NA,NA,NA,NA,NA,NA,pitcher,NA,NA,NA,NA,NA,NA,NA,NA,NA,NA
20546,681982,Grant Anderson,2026,29,52,0,59,235,43,22,8,52,23,2,1,0.232,71.685,4.323,4.427,0.11,93.366,NA,NA,30.639,25.328,3.152,RP,103.2,12,7.547,3.152,22.128,9.787,12.34,3.356,0.204,-0.967,5.114,19.481,9.091,10.39,4.07,1.044,4.657,0.457,8.257,29.674,0.317,71.739,27.759,0.125,-1.758,2.647,0.696,1.951,-0.918,0.966,-2.432,-0.71,-0.055,-0.086,pitcher,-2.101,4.004,-0.319,4.322,-1.229,0.373,-1.631,-0.845,0.239,-0.086
19990,669060,Bryse Wilson,2026,28,16,0,35.333,151,44,17,5,31,3,0,2,0.355,76.19,3.612,3.48,0.125,92.687,88.082,NA,36.332,25.806,4.412,RP,105,5,4.348,4.412,20.53,1.987,18.543,4.33,-0.082,0.718,2.598,19.427,7.006,12.42,3.96,-1.362,4.129,-1.531,6.987,29.692,0.232,81.232,24.611,0.092,1.732,1.103,-5.02,6.123,0.452,6.64,1.195,-2.639,-5.042,0.123,pitcher,1.388,2.459,-6.035,8.494,0.141,6.047,1.995,-2.774,-4.749,0.122
15734,641745,Brad Keller,2026,30,32,0,31.333,135,29,14,4,32,13,0,2,0.298,75.521,4.155,3.989,0.129,96.942,NA,NA,31.481,25.891,3.352,RP,103.6,4,4.545,3.352,23.704,9.63,14.074,4.021,0.67,-0.134,NA,NA,NA,NA,NA,NA,NA,NA,NA,NA,NA,NA,NA,NA,NA,NA,NA,NA,NA,NA,NA,NA,NA,NA,pitcher,NA,NA,NA,NA,NA,NA,NA,NA,NA,NA
13449,573124,Taylor Rogers,2026,35,65,0,60.333,276,65,29,5,54,31,6,5,0.337,70.213,4.18,5.178,0.06,92.117,88.026,NA,28.778,28.067,4.104,RP,101.7,11,5.914,4.104,19.565,11.232,8.333,4.326,0.222,0.146,2.725,26.584,9.45,17.134,3.355,-0.63,3.786,-1.062,6.989,24.919,0.294,78.798,32.004,0.119,1.601,-7.018,1.782,-8.801,0.749,3.859,-3.937,-1.075,-8.585,0.043,pitcher,1.258,-5.662,0.767,-6.429,0.437,3.266,-3.137,-1.21,-8.292,0.042
30081,701719,Tyler Samaniego,2026,27,20,1,20.333,90,22,6,1,17,8,0,2,0.35,78.431,3.545,4.316,0.053,93.325,88.417,NA,28.492,26.032,4.809,RP,106.1,2,3.175,4.809,18.889,8.889,10,2.656,-2.153,-0.889,NA,NA,NA,NA,NA,NA,NA,NA,NA,NA,NA,NA,NA,NA,NA,NA,NA,NA,NA,NA,NA,NA,NA,NA,pitcher,NA,NA,NA,NA,NA,NA,NA,NA,NA,NA
31663,690279,Mason Adams,2026,26,6,6,29,124,31,13,6,31,12,0,1,0.338,75.843,4.999,3.818,0.207,92.778,88.345,NA,29.365,28.419,5.076,SP,104.4,8,10,5.076,25,9.677,15.323,4.034,-1.042,-0.964,NA,NA,NA,NA,NA,NA,NA,NA,NA,NA,NA,NA,NA,NA,NA,NA,NA,NA,NA,NA,NA,NA,NA,NA,pitcher,NA,NA,NA,NA,NA,NA,NA,NA,NA,NA
24975,681867,Cooper Criswell,2026,29,36,0,39.667,167,40,15,3,31,15,3,1,0.322,73.359,3.733,3.929,0.097,90.772,87.136,NA,36.316,26.984,3.705,RP,105.8,5,4.167,3.705,18.563,8.982,9.581,3.403,-0.302,-0.329,NA,NA,NA,NA,NA,NA,NA,NA,NA,NA,NA,NA,NA,NA,NA,NA,NA,NA,NA,NA,NA,NA,NA,NA,pitcher,NA,NA,NA,NA,NA,NA,NA,NA,NA,NA
14857,573009,Joe Mantiply,2026,35,25,0,27,111,27,9,3,22,5,0,1,0.308,79.861,3.584,3.481,0.125,88.26,NA,NA,34.934,24.311,5.378,RP,107.3,9,10.843,5.378,19.82,4.505,15.315,3,-2.378,-0.584,4.072,21.106,7.111,13.995,3.321,0.751,2.749,1.323,7.843,41.387,0.293,61.727,28.352,0.032,-1.072,-1.286,-2.606,1.32,2.057,-6.452,-4.041,3,18.134,0.015,pitcher,-1.415,0.07,-3.621,3.691,1.745,-7.045,-3.241,2.865,18.427,0.014
28393,692064,Jose Rodriguez,2026,24,4,0,4.667,16,3,0,0,5,0,0,0,0.273,100,0.959,2.253,0,97.314,NA,NA,34.146,35.294,2.881,RP,102.1,0,0,2.881,31.25,0,31.25,0,-2.881,-0.959,NA,NA,NA,NA,NA,NA,NA,NA,NA,NA,NA,NA,NA,NA,NA,NA,NA,NA,NA,NA,NA,NA,NA,NA,pitcher,NA,NA,NA,NA,NA,NA,NA,NA,NA,NA
31461,690829,Ben Joyce,2026,25,16,0,15.333,61,8,7,1,18,9,1,1,0.219,54.217,3.559,4.187,0.067,101.017,NA,94.855,25.517,29.344,3.816,RP,100.9,3,9.091,3.816,29.508,14.754,14.754,4.109,0.293,0.55,2.105,23.239,9.859,13.38,3.22,-1.115,3.195,-1.09,4.396,30.537,0.278,84.507,28.651,0.05,2.003,6.269,4.895,1.374,0.596,-5.02,0.693,4.695,-30.29,-0.059,pitcher,1.66,7.625,3.88,3.745,0.285,-5.612,1.493,4.56,-29.997,-0.06
16977,592866,Trevor Williams,2026,34,15,1,28.667,120,24,10,4,34,10,0,2,0.286,85.526,3.8,3.302,0.16,89.467,NA,NA,32.923,25.486,3.83,RP,104.3,5,6.757,3.83,28.333,8.333,20,3.14,-0.69,-0.66,NA,NA,NA,NA,NA,NA,NA,NA,NA,NA,NA,NA,NA,NA,NA,NA,NA,NA,NA,NA,NA,NA,NA,NA,pitcher,NA,NA,NA,NA,NA,NA,NA,NA,NA,NA
24937,681810,Austin Warren,2026,30,40,2,49.333,210,43,22,6,55,23,0,3,0.301,75.908,4.035,3.8,0.136,94.025,88.846,NA,28.333,31.828,4.38,RP,105.5,14,10.853,4.38,26.19,10.952,15.238,4.014,-0.367,-0.021,NA,NA,NA,NA,NA,NA,NA,NA,NA,NA,NA,NA,NA,NA,NA,NA,NA,NA,NA,NA,NA,NA,NA,NA,pitcher,NA,NA,NA,NA,NA,NA,NA,NA,NA,NA
22191,668964,Tobias Myers,2026,27,32,3,53.667,230,56,33,9,41,16,1,0,0.29,60.606,4.649,4.578,0.12,92.565,86.558,80.207,33.696,23.804,4.148,RP,104.1,9,5.202,4.148,17.826,6.957,10.87,5.534,1.386,0.885,NA,NA,NA,NA,NA,NA,NA,NA,NA,NA,NA,NA,NA,NA,NA,NA,NA,NA,NA,NA,NA,NA,NA,NA,pitcher,NA,NA,NA,NA,NA,NA,NA,NA,NA,NA
33603,815081,Mark Manfredi,2026,26,13,0,15.667,68,15,6,1,15,9,0,0,0.326,79.646,3.741,4.645,0.056,94.209,NA,NA,26.452,27.037,4.727,RP,104.2,4,9.091,4.727,22.059,13.235,8.824,3.447,-1.28,-0.294,NA,NA,NA,NA,NA,NA,NA,NA,NA,NA,NA,NA,NA,NA,NA,NA,NA,NA,NA,NA,NA,NA,NA,NA,pitcher,NA,NA,NA,NA,NA,NA,NA,NA,NA,NA
25139,682120,Tim Herrin,2026,29,67,0,56.667,240,46,19,5,54,28,3,5,0.279,79.167,4.091,4.515,0.085,94.171,NA,NA,33.333,28.586,3.889,RP,104.7,13,8.497,3.889,22.5,11.667,10.833,3.018,-0.871,-1.073,2.383,26.457,9.753,16.704,3.413,-1.029,2.999,-0.615,6.884,32.408,0.253,76.635,31.28,0.05,0.634,-3.957,1.913,-5.871,0.476,0.925,-2.694,1.613,2.532,0.026,pitcher,0.291,-2.601,0.898,-3.499,0.165,0.333,-1.893,1.478,2.825,0.026
6175,544150,Albert Suarez,2026,36,28,0,63,262,57,27,8,46,20,0,0,0.261,68.389,4.245,4.582,0.096,93.625,85.691,NA,33.887,22.966,4.074,RP,103.9,14,7.143,4.074,17.557,7.634,9.924,3.857,-0.217,-0.388,NA,NA,NA,NA,NA,NA,NA,NA,NA,NA,NA,NA,NA,NA,NA,NA,NA,NA,NA,NA,NA,NA,NA,NA,pitcher,NA,NA,NA,NA,NA,NA,NA,NA,NA,NA
29640,696522,Hayden Juenger,2026,25,15,0,16,81,24,16,0,6,8,0,1,0.375,51.515,4.04,6.586,0,94.618,91.368,NA,31.892,21.233,6.088,RP,102.8,5,7.576,6.088,7.407,9.877,-2.469,9,2.912,4.96,NA,NA,NA,NA,NA,NA,NA,NA,NA,NA,NA,NA,NA,NA,NA,NA,NA,NA,NA,NA,NA,NA,NA,NA,pitcher,NA,NA,NA,NA,NA,NA,NA,NA,NA,NA
27914,694037,Daniel Palencia,2026,26,32,0,29.667,123,25,12,4,30,11,1,1,0.273,76.433,4.046,4.023,0.118,99.254,NA,89.643,34.386,25.786,3.733,RP,101.5,4,4.938,3.733,24.39,8.943,15.447,3.64,-0.093,-0.406,5.601,24.847,15.337,9.509,4.446,1.155,3.772,1.829,5.782,25.893,0.326,61.387,26.702,0.042,-1.961,-0.456,-6.394,5.938,-0.713,8.493,-0.916,-0.844,15.046,-0.053,pitcher,-2.304,0.9,-7.409,8.309,-1.024,7.9,-0.115,-0.979,15.339,-0.054
22370,670103,Raymond Burgos,2026,27,9,0,21.333,82,17,10,3,16,1,0,0,0.23,50.725,3.571,3.37,0.13,90.561,86.2,NA,35.897,28.425,3.138,RP,102.2,4,6.154,3.138,19.512,1.22,18.293,4.219,1.081,0.648,NA,NA,NA,NA,NA,NA,NA,NA,NA,NA,NA,NA,NA,NA,NA,NA,NA,NA,NA,NA,NA,NA,NA,NA,pitcher,NA,NA,NA,NA,NA,NA,NA,NA,NA,NA
26163,681973,Josh Hendrickson,2026,28,2,0,2.667,9,2,1,0,3,0,0,0,0.333,50,0.852,1.984,0,92.214,85.312,NA,35,40,2.006,RP,103,0,0,2.006,33.333,0,33.333,3.375,1.369,2.523,NA,NA,NA,NA,NA,NA,NA,NA,NA,NA,NA,NA,NA,NA,NA,NA,NA,NA,NA,NA,NA,NA,NA,NA,pitcher,NA,NA,NA,NA,NA,NA,NA,NA,NA,NA
22754,672629,Gerardo Carrillo,2026,27,13,0,17.333,81,14,8,0,21,16,1,1,0.333,67.742,3.622,4.84,0,96.961,92.902,84.383,25.521,27.532,3.759,RP,103.9,3,6.977,3.759,25.926,19.753,6.173,4.154,0.394,0.532,NA,NA,NA,NA,NA,NA,NA,NA,NA,NA,NA,NA,NA,NA,NA,NA,NA,NA,NA,NA,NA,NA,NA,NA,pitcher,NA,NA,NA,NA,NA,NA,NA,NA,NA,NA
24282,678906,Kai-Wei Teng,2026,27,30,10,73.667,329,69,39,10,73,33,0,13,0.296,71.287,4.758,4.694,0.12,93.351,NA,NA,30.299,29.779,4.949,RP,103.6,17,8.095,4.949,22.188,10.03,12.158,4.765,-0.184,0.006,NA,NA,NA,NA,NA,NA,NA,NA,NA,NA,NA,NA,NA,NA,NA,NA,NA,NA,NA,NA,NA,NA,NA,NA,pitcher,NA,NA,NA,NA,NA,NA,NA,NA,NA,NA
31616,688158,David Morgan,2026,26,32,0,33.333,162,37,14,2,39,22,3,4,0.38,78.073,3.882,4.37,0.071,97.39,NA,NA,36.695,28.763,3.798,RP,101.9,3,3.093,3.798,24.074,13.58,10.494,3.78,-0.018,-0.102,NA,NA,NA,NA,NA,NA,NA,NA,NA,NA,NA,NA,NA,NA,NA,NA,NA,NA,NA,NA,NA,NA,NA,NA,pitcher,NA,NA,NA,NA,NA,NA,NA,NA,NA,NA
23381,676510,Nolan Hoffman,2026,28,14,0,14.333,64,16,6,0,11,6,0,3,0.372,76,3.451,4.504,0,93.027,88.424,NA,31.061,23.874,5.113,RP,101.7,0,0,5.113,17.188,9.375,7.812,3.767,-1.346,0.316,NA,NA,NA,NA,NA,NA,NA,NA,NA,NA,NA,NA,NA,NA,NA,NA,NA,NA,NA,NA,NA,NA,NA,NA,pitcher,NA,NA,NA,NA,NA,NA,NA,NA,NA,NA
20099,663978,Chris Paddack,2026,30,14,9,57,267,76,43,9,40,19,0,2,0.344,62.796,4.857,4.843,0.117,92.973,86.455,NA,35.323,23.448,5.058,SP,104.2,17,8.252,5.058,14.981,7.116,7.865,6.789,1.731,1.933,5.006,20.573,5.469,15.104,4.81,0.196,4.185,0.82,9.894,33.452,0.327,70.881,27.018,0.122,1.784,-5.592,1.647,-7.239,0.248,1.871,-3.57,-1.642,-8.085,0.016,pitcher,1.44,-4.235,0.632,-4.868,-0.063,1.278,-2.769,-1.776,-7.792,0.016
31764,805123,A.J. Blubaugh,2026,25,64,0,96,401,76,39,13,94,42,0,3,0.255,77.821,4.311,4.547,0.102,95.819,88.907,NA,31.69,25.061,4.248,RP,104.4,27,10.305,4.248,23.441,10.474,12.968,3.656,-0.591,-0.654,NA,NA,NA,NA,NA,NA,NA,NA,NA,NA,NA,NA,NA,NA,NA,NA,NA,NA,NA,NA,NA,NA,NA,NA,pitcher,NA,NA,NA,NA,NA,NA,NA,NA,NA,NA
29952,684665,Luke Murphy,2026,26,21,0,19.667,88,21,15,2,20,11,0,1,0.352,52.98,4.221,4.434,0.1,95.697,90.333,NA,29.63,23.947,4.424,RP,104.1,3,5.357,4.424,22.727,12.5,10.227,6.864,2.441,2.643,NA,NA,NA,NA,NA,NA,NA,NA,NA,NA,NA,NA,NA,NA,NA,NA,NA,NA,NA,NA,NA,NA,NA,NA,pitcher,NA,NA,NA,NA,NA,NA,NA,NA,NA,NA
19867,656288,Griffin Canning,2026,30,29,11,85.667,377,89,53,14,85,40,0,5,0.325,69.93,4.818,4.279,0.156,94.399,90.165,NA,29.208,26.063,4.595,RP,105.1,21,8.502,4.595,22.546,10.61,11.936,5.568,0.973,0.75,NA,NA,NA,NA,NA,NA,NA,NA,NA,NA,NA,NA,NA,NA,NA,NA,NA,NA,NA,NA,NA,NA,NA,NA,pitcher,NA,NA,NA,NA,NA,NA,NA,NA,NA,NA
34847,699823,Tyler Davis,2026,27,31,0,32,128,21,13,3,27,16,2,0,0.22,67.073,4.134,4.801,0.075,96.294,NA,86.129,36.491,24.335,3.423,RP,103.1,5,5.882,3.423,21.094,12.5,8.594,3.656,0.233,-0.477,NA,NA,NA,NA,NA,NA,NA,NA,NA,NA,NA,NA,NA,NA,NA,NA,NA,NA,NA,NA,NA,NA,NA,NA,pitcher,NA,NA,NA,NA,NA,NA,NA,NA,NA,NA
6655,518886,Craig Kimbrel,2026,38,46,0,46,196,40,23,4,40,22,2,3,0.286,63.973,4.124,4.864,0.07,93.704,NA,NA,32.298,23.008,4.218,RP,102,7,5.344,4.218,20.408,11.224,9.184,4.5,0.282,0.376,4.714,32.136,12.423,19.713,4.016,0.698,4.073,0.641,10.369,27.641,0.272,66.354,30,0.134,-0.214,-11.727,-1.199,-10.529,0.202,4.658,-6.993,-5.026,-2.38,0.014,pitcher,-0.557,-10.371,-2.214,-8.157,-0.109,4.065,-6.192,-5.161,-2.087,0.013
21656,665645,Kervin Castro,2026,27,5,0,6.333,23,3,1,0,8,2,0,0,0.231,80,1.523,2.476,0,93.877,92.611,NA,36.842,26.596,2.287,RP,104.6,0,0,2.287,34.783,8.696,26.087,1.421,-0.866,-0.102,NA,NA,NA,NA,NA,NA,NA,NA,NA,NA,NA,NA,NA,NA,NA,NA,NA,NA,NA,NA,NA,NA,NA,NA,pitcher,NA,NA,NA,NA,NA,NA,NA,NA,NA,NA
20349,677161,Zack Kelly,2026,31,17,0,16.333,71,14,6,1,14,7,0,1,0.277,67.961,3.653,4.151,0.071,96.046,90.661,NA,28.313,24.735,5.986,RP,103.4,4,8.163,5.986,19.718,9.859,9.859,3.306,-2.68,-0.347,NA,NA,NA,NA,NA,NA,NA,NA,NA,NA,NA,NA,NA,NA,NA,NA,NA,NA,NA,NA,NA,NA,NA,NA,pitcher,NA,NA,NA,NA,NA,NA,NA,NA,NA,NA
13932,608650,Dietrich Enns,2026,35,13,0,16,70,13,7,0,13,11,0,0,0.289,66.667,3.54,5.709,0,93.825,NA,NA,29.31,24.399,3.786,RP,104.3,3,6.522,3.786,18.571,15.714,2.857,3.938,0.152,0.398,NA,NA,NA,NA,NA,NA,NA,NA,NA,NA,NA,NA,NA,NA,NA,NA,NA,NA,NA,NA,NA,NA,NA,NA,pitcher,NA,NA,NA,NA,NA,NA,NA,NA,NA,NA
33850,687075,Brandon Sproat,2026,25,22,19,97,422,88,60,17,101,52,0,10,0.296,70.523,5.216,4.431,0.177,96.481,93.011,NA,27.879,26.067,5.012,SP,104.3,22,8.494,5.012,23.934,12.322,11.611,5.567,0.555,0.351,NA,NA,NA,NA,NA,NA,NA,NA,NA,NA,NA,NA,NA,NA,NA,NA,NA,NA,NA,NA,NA,NA,NA,NA,pitcher,NA,NA,NA,NA,NA,NA,NA,NA,NA,NA
33027,703725,Luis Gastelum,2026,24,34,0,36.667,152,34,18,6,44,12,0,2,0.318,63.131,3.975,3.206,0.182,93.954,NA,NA,34.349,32.22,4.562,RP,103.5,9,9.574,4.562,28.947,7.895,21.053,4.418,-0.144,0.443,NA,NA,NA,NA,NA,NA,NA,NA,NA,NA,NA,NA,NA,NA,NA,NA,NA,NA,NA,NA,NA,NA,NA,NA,pitcher,NA,NA,NA,NA,NA,NA,NA,NA,NA,NA
30180,701519,Travis Adams,2026,26,40,0,59,247,53,30,8,62,25,0,0,0.298,68.862,4.035,3.985,0.119,94.429,91.779,NA,34.536,26.526,4.175,RP,104.4,10,6.25,4.175,25.101,10.121,14.98,4.576,0.401,0.542,NA,NA,NA,NA,NA,NA,NA,NA,NA,NA,NA,NA,NA,NA,NA,NA,NA,NA,NA,NA,NA,NA,NA,NA,pitcher,NA,NA,NA,NA,NA,NA,NA,NA,NA,NA
19362,669211,Keegan Akin,2026,31,24,2,25.333,114,29,16,3,17,9,0,0,0.31,59.172,4.365,5.328,0.071,93.79,NA,NA,31.667,25.056,3.724,RP,101.8,5,5.682,3.724,14.912,7.895,7.018,5.684,1.96,1.319,3.666,30.257,6.089,24.167,2.711,0.955,2.985,0.68,8.102,30.834,0.267,68.851,31.431,0.095,2.019,-15.345,1.805,-17.15,1.013,0.833,-6.375,-2.42,-9.68,0.042,pitcher,1.675,-13.988,0.79,-14.778,0.702,0.24,-5.575,-2.555,-9.386,0.042
14120,621121,Lance McCullers Jr.,2026,32,10,8,44,195,41,32,7,48,27,0,2,0.306,54.817,4.966,4.304,0.171,91.382,89.073,NA,28.776,26.734,4.58,SP,104.9,9,7.627,4.58,24.615,13.846,10.769,6.545,1.966,1.58,NA,NA,NA,NA,NA,NA,NA,NA,NA,NA,NA,NA,NA,NA,NA,NA,NA,NA,NA,NA,NA,NA,NA,NA,pitcher,NA,NA,NA,NA,NA,NA,NA,NA,NA,NA
19427,669456,Shane Bieber,2026,31,11,11,55.667,242,55,27,10,44,24,0,0,0.274,78.462,5.15,4.631,0.149,92.346,87.42,NA,31.448,26.344,5.974,SP,105.2,19,10.92,5.974,18.182,9.917,8.264,4.365,-1.609,-0.785,2.963,25,5.539,19.461,4.412,-1.448,3.106,-0.143,6.996,30.579,0.318,79.46,30.871,0.095,1.402,-6.818,4.378,-11.197,1.563,0.868,-4.527,3.924,-0.998,-0.044,pitcher,1.058,-5.462,3.363,-8.825,1.251,0.276,-3.727,3.789,-0.705,-0.045
33865,694753,Khristian Curtis,2026,24,6,0,21,87,15,11,1,13,12,0,1,0.233,63.91,4.34,6.093,0.03,95.426,91.766,NA,32.883,24.069,3.732,RP,102.1,5,8.197,3.732,14.943,13.793,1.149,4.714,0.982,0.374,NA,NA,NA,NA,NA,NA,NA,NA,NA,NA,NA,NA,NA,NA,NA,NA,NA,NA,NA,NA,NA,NA,NA,NA,pitcher,NA,NA,NA,NA,NA,NA,NA,NA,NA,NA
23055,673380,Dedniel Nunez,2026,30,18,0,19,72,17,7,4,20,0,0,0,0.271,70.175,3.734,2.983,0.16,96.658,NA,NA,50.42,34.272,3.585,RP,103.1,6,11.538,3.585,27.778,0,27.778,3.316,-0.27,-0.418,2.314,35.556,5.926,29.63,2.39,-0.076,2.224,0.091,10.127,41.241,0.276,75.54,32.567,0.107,1.002,-7.778,-5.926,-1.852,1.195,9.179,1.705,1.412,-5.364,-0.005,pitcher,0.658,-6.421,-6.941,0.52,0.884,8.587,2.506,1.277,-5.071,-0.006
20422,663558,Jovani Moran,2026,29,49,3,65,268,40,23,9,72,32,2,2,0.205,81.433,4.256,4.058,0.13,92.865,85.202,NA,32.227,30.335,3.238,RP,102.8,12,7.407,3.238,26.866,11.94,14.925,3.185,-0.053,-1.072,5.344,26.087,14.674,11.413,3.69,1.654,3.822,1.522,6.422,26.739,0.302,60.554,32.802,0.075,-2.16,0.779,-2.734,3.512,-0.452,5.488,-2.467,0.985,20.88,-0.097,pitcher,-2.503,2.135,-3.749,5.884,-0.764,4.896,-1.667,0.85,21.173,-0.097
33464,691946,George Klassen,2026,24,6,6,27,125,23,11,2,24,21,0,1,0.273,75.829,4.732,5.166,0.08,96.466,NA,NA,26.46,25.662,5.607,SP,106.6,7,8.861,5.607,19.2,16.8,2.4,3.667,-1.94,-1.065,NA,NA,NA,NA,NA,NA,NA,NA,NA,NA,NA,NA,NA,NA,NA,NA,NA,NA,NA,NA,NA,NA,NA,NA,pitcher,NA,NA,NA,NA,NA,NA,NA,NA,NA,NA
13133,571882,Derek Law,2026,35,7,1,9,34,8,1,0,5,2,0,1,0.308,90.909,2.991,4.165,0,93.382,89.931,NA,32.353,21.935,5.831,RP,102.2,1,3.846,5.831,14.706,5.882,8.824,1,-4.831,-1.991,2.769,20.449,7.341,13.109,3.892,-1.123,3.555,-0.786,3.973,36.103,0.289,78.138,27.612,0.097,-1.769,-5.744,-1.458,-4.285,1.939,-3.75,-5.676,-0.127,12.771,0.019,pitcher,-2.113,-4.387,-2.474,-1.914,1.628,-4.343,-4.876,-0.262,13.064,0.018
31624,702153,Brian Fitzpatrick,2026,26,5,0,6.667,30,7,1,0,5,3,0,0,0.318,80,2.952,4.537,0,93.744,87.818,NA,24.074,24.771,2.728,RP,100.9,1,4.545,2.728,16.667,10,6.667,1.35,-1.378,-1.602,NA,NA,NA,NA,NA,NA,NA,NA,NA,NA,NA,NA,NA,NA,NA,NA,NA,NA,NA,NA,NA,NA,NA,NA,pitcher,NA,NA,NA,NA,NA,NA,NA,NA,NA,NA
31853,687309,Cooper Hjerpe,2026,25,4,0,12.333,55,7,6,0,15,9,0,2,0.241,66.667,3.346,4.569,0,90.47,86.208,NA,31.613,28.235,3.827,RP,104.6,0,0,3.827,27.273,16.364,10.909,4.378,0.552,1.033,NA,NA,NA,NA,NA,NA,NA,NA,NA,NA,NA,NA,NA,NA,NA,NA,NA,NA,NA,NA,NA,NA,NA,NA,pitcher,NA,NA,NA,NA,NA,NA,NA,NA,NA,NA
15849,592288,Kent Emanuel,2026,34,1,1,5,23,5,2,0,4,3,0,1,0.333,77.778,3.902,6.015,0,89.889,NA,NA,28.846,27.083,3.993,SP,106.9,1,6.667,3.993,17.391,13.043,4.348,3.6,-0.393,-0.302,NA,NA,NA,NA,NA,NA,NA,NA,NA,NA,NA,NA,NA,NA,NA,NA,NA,NA,NA,NA,NA,NA,NA,NA,pitcher,NA,NA,NA,NA,NA,NA,NA,NA,NA,NA
24248,678868,Eddy Yean,2026,25,8,1,11,45,8,3,1,7,2,0,1,0.206,83.333,3.83,4.157,0.091,96.792,NA,NA,21.505,22.024,3.099,RP,102,1,2.857,3.099,15.556,4.444,11.111,2.455,-0.645,-1.375,NA,NA,NA,NA,NA,NA,NA,NA,NA,NA,NA,NA,NA,NA,NA,NA,NA,NA,NA,NA,NA,NA,NA,NA,pitcher,NA,NA,NA,NA,NA,NA,NA,NA,NA,NA
29922,681544,Wyatt Olds,2026,26,13,0,15,64,11,2,2,20,7,0,1,0.265,86.42,3.769,3.545,0.133,96.621,90.139,NA,34.177,28.195,3.315,RP,104.9,3,8.333,3.315,31.25,10.938,20.312,1.2,-2.115,-2.569,NA,NA,NA,NA,NA,NA,NA,NA,NA,NA,NA,NA,NA,NA,NA,NA,NA,NA,NA,NA,NA,NA,NA,NA,pitcher,NA,NA,NA,NA,NA,NA,NA,NA,NA,NA
31552,688642,Zach Agnos,2026,25,41,3,91,407,102,60,10,58,35,2,5,0.309,60.938,4.575,5.252,0.079,94.122,91.879,86.178,33.747,23.553,5.291,RP,104.4,27,8.738,5.291,14.251,8.6,5.651,5.934,0.643,1.359,NA,NA,NA,NA,NA,NA,NA,NA,NA,NA,NA,NA,NA,NA,NA,NA,NA,NA,NA,NA,NA,NA,NA,NA,pitcher,NA,NA,NA,NA,NA,NA,NA,NA,NA,NA
29514,689981,River Ryan,2026,27,1,1,3,12,2,0,0,3,1,0,0,0.25,100,2.102,3.108,0,95.947,93.2,NA,36.667,32.558,3.617,SP,109.3,0,0,3.617,25,8.333,16.667,0,-3.617,-2.102,1.343,22.222,11.111,11.111,4,-2.657,3.363,-2.02,7.407,27.811,0.264,88.496,26.014,0.048,-1.343,2.778,-2.778,5.556,-0.383,8.856,6.545,-7.407,11.504,-0.014,pitcher,-1.687,4.134,-3.793,7.927,-0.694,8.263,7.345,-7.542,11.798,-0.015
20185,647315,Zach Pop,2026,29,7,1,7.333,31,5,3,0,6,3,0,1,0.238,66.667,3.102,4.749,0,96.293,95.429,NA,25,26.154,4.269,RP,100.8,1,4.762,4.269,19.355,9.677,9.677,3.682,-0.587,0.58,NA,NA,NA,NA,NA,NA,NA,NA,NA,NA,NA,NA,NA,NA,NA,NA,NA,NA,NA,NA,NA,NA,NA,NA,pitcher,NA,NA,NA,NA,NA,NA,NA,NA,NA,NA
20257,676620,Blake Weiman,2026,30,18,0,17.667,79,22,5,3,16,3,3,0,0.345,81.731,4.008,4.021,0.115,90.309,NA,NA,32.639,30.634,3.024,RP,101.9,6,10,3.024,20.253,3.797,16.456,2.547,-0.477,-1.461,NA,NA,NA,NA,NA,NA,NA,NA,NA,NA,NA,NA,NA,NA,NA,NA,NA,NA,NA,NA,NA,NA,NA,NA,pitcher,NA,NA,NA,NA,NA,NA,NA,NA,NA,NA
31571,801434,Paul Gervase,2026,26,4,0,7.667,34,7,2,0,8,5,0,0,0.333,83.333,2.972,4.547,0,92.782,90.368,NA,31.579,29.839,3.954,RP,100.6,1,4.762,3.954,23.529,14.706,8.824,2.348,-1.606,-0.624,NA,NA,NA,NA,NA,NA,NA,NA,NA,NA,NA,NA,NA,NA,NA,NA,NA,NA,NA,NA,NA,NA,NA,NA,pitcher,NA,NA,NA,NA,NA,NA,NA,NA,NA,NA
20370,669145,Bruce Zimmermann,2026,31,1,0,5,21,6,3,0,2,1,0,0,0.333,57.143,2.902,5.619,0,89.677,86.125,83.727,27.5,27.778,2.818,SP,102.4,0,0,2.818,9.524,4.762,4.762,5.4,2.582,2.498,NA,NA,NA,NA,NA,NA,NA,NA,NA,NA,NA,NA,NA,NA,NA,NA,NA,NA,NA,NA,NA,NA,NA,NA,pitcher,NA,NA,NA,NA,NA,NA,NA,NA,NA,NA
21992,666808,Camilo Doval,2026,28,65,0,59.667,269,57,28,7,65,32,2,3,0.311,65.693,4.208,3.872,0.149,98.488,NA,NA,28.783,26.388,3.791,RP,103.8,11,6.509,3.791,24.164,11.896,12.268,4.223,0.433,0.015,4.349,29.342,13.071,16.271,3.304,1.045,3.467,0.882,7.64,31.841,0.326,67.517,31.453,0.109,-0.125,-5.178,-1.175,-4.003,0.487,-3.058,-5.065,-1.131,-1.824,-0.016,pitcher,-0.469,-3.822,-2.19,-1.631,0.176,-3.651,-4.265,-1.266,-1.531,-0.016
31811,695684,Elmer Rodriguez,2026,22,6,6,26.667,125,26,16,2,21,16,0,5,0.3,70.136,4.865,5.531,0.069,95.759,92.5,NA,26.073,29.175,5.55,SP,103.1,7,8.434,5.55,16.8,12.8,4,5.4,-0.15,0.535,NA,NA,NA,NA,NA,NA,NA,NA,NA,NA,NA,NA,NA,NA,NA,NA,NA,NA,NA,NA,NA,NA,NA,NA,pitcher,NA,NA,NA,NA,NA,NA,NA,NA,NA,NA
17920,664074,Cody Ponce,2026,32,1,1,2.333,10,1,1,0,3,1,0,0,0.167,50,1.817,3.757,0,96,NA,NA,52.632,34.043,2.444,SP,101.5,0,0,2.444,30,10,20,3.857,1.413,2.041,NA,NA,NA,NA,NA,NA,NA,NA,NA,NA,NA,NA,NA,NA,NA,NA,NA,NA,NA,NA,NA,NA,NA,NA,pitcher,NA,NA,NA,NA,NA,NA,NA,NA,NA,NA
25377,663903,Brady Singer,2026,29,31,31,157,725,188,102,32,126,62,0,15,0.321,71.753,5.618,4.756,0.172,91.145,87.171,NA,29.069,27.266,5.962,SP,105.5,55,10.536,5.962,17.379,8.552,8.828,5.847,-0.115,0.229,4.133,21.519,7.062,14.458,4.716,-0.583,4.018,0.115,7.921,29.008,0.309,74.784,28.255,0.141,1.714,-4.14,1.49,-5.63,1.247,0.061,-0.989,2.615,-3.031,0.012,pitcher,1.371,-2.784,0.475,-3.259,0.935,-0.532,-0.189,2.48,-2.737,0.012
35325,696270,Ryan Johnson,2026,23,22,19,100,437,96,56,18,79,43,1,6,0.269,70.117,5.332,5.18,0.124,92.467,89.787,84.679,30.793,26.945,4.833,SP,104,29,9.385,4.833,18.078,9.84,8.238,5.04,0.207,-0.292,NA,NA,NA,NA,NA,NA,NA,NA,NA,NA,NA,NA,NA,NA,NA,NA,NA,NA,NA,NA,NA,NA,NA,NA,pitcher,NA,NA,NA,NA,NA,NA,NA,NA,NA,NA
23363,676395,Robert Garcia,2026,30,19,0,18.333,70,13,5,1,11,9,0,0,0.245,72.816,4.084,4.939,0.053,93.968,NA,NA,26.667,28.269,3.825,RP,101.7,2,4,3.825,15.714,12.857,2.857,2.455,-1.371,-1.63,4.165,29.318,6.818,22.5,2.689,1.476,2.546,1.619,3.219,37.369,0.324,58.363,30.934,0.086,-1.711,-13.604,6.039,-19.643,1.137,-10.702,-2.666,0.781,14.452,-0.079,pitcher,-2.054,-12.247,5.024,-17.271,0.825,-11.295,-1.865,0.646,14.745,-0.079
24580,680686,Josiah Gray,2026,28,3,0,4,15,3,0,0,2,1,0,0,0.25,100,2.852,5.116,0,92.25,NA,86,29.412,25.862,2.322,RP,101.7,0,0,2.322,13.333,6.667,6.667,0,-2.322,-2.852,NA,NA,NA,NA,NA,NA,NA,NA,NA,NA,NA,NA,NA,NA,NA,NA,NA,NA,NA,NA,NA,NA,NA,NA,pitcher,NA,NA,NA,NA,NA,NA,NA,NA,NA,NA
19454,621074,Michael Rucker,2026,32,37,0,43.667,186,39,27,6,50,17,0,2,0.3,54.435,3.904,3.465,0.154,96.087,89.839,NA,34.945,29.458,3.908,RP,104.2,10,8.547,3.908,26.882,9.14,17.742,5.565,1.657,1.661,NA,NA,NA,NA,NA,NA,NA,NA,NA,NA,NA,NA,NA,NA,NA,NA,NA,NA,NA,NA,NA,NA,NA,NA,pitcher,NA,NA,NA,NA,NA,NA,NA,NA,NA,NA
21267,656234,Jake Bird,2026,30,44,0,38.667,172,42,23,6,41,13,0,5,0.336,71.705,4.395,4.134,0.133,94.304,NA,NA,25.798,32.253,4.274,RP,104.9,10,8.85,4.274,23.837,7.558,16.279,5.353,1.079,0.958,4.343,20.21,7.087,13.123,4.48,-0.137,3.546,0.797,8.148,26.783,0.333,67.726,27.514,0.083,1.01,3.627,0.472,3.156,-0.206,-0.985,4.739,0.701,3.98,0.003,pitcher,0.667,4.984,-0.544,5.527,-0.517,-1.578,5.539,0.566,4.273,0.002
12784,572143,Burch Smith,2026,36,13,1,17,73,18,6,2,20,7,0,0,0.372,76.577,3.514,3.139,0.154,93.874,87.767,NA,28.916,27.875,3.432,RP,105.7,2,4.348,3.432,27.397,9.589,17.808,3.176,-0.256,-0.338,4.973,19.087,4.979,14.108,4.46,0.513,3.664,1.31,9.392,29.707,0.331,63.218,23.996,0.092,-1.797,8.31,4.61,3.7,-1.028,-0.791,3.879,-5.044,13.358,0.041,pitcher,-2.14,9.667,3.595,6.072,-1.339,-1.384,4.679,-5.179,13.651,0.04
29036,699044,Miguel Ullola,2026,24,10,2,15.667,58,7,4,2,15,4,0,2,0.143,88.235,3.996,4.552,0.087,94.795,86.5,NA,31.746,28.44,2.389,RP,104.7,4,10.811,2.389,25.862,6.897,18.966,2.298,-0.091,-1.698,NA,NA,NA,NA,NA,NA,NA,NA,NA,NA,NA,NA,NA,NA,NA,NA,NA,NA,NA,NA,NA,NA,NA,NA,pitcher,NA,NA,NA,NA,NA,NA,NA,NA,NA,NA
31920,805326,Tyler Schweitzer,2026,25,18,0,37.333,154,37,13,3,18,12,0,0,0.283,80.357,4.147,5.245,0.057,93.957,NA,NA,33.654,23.852,5.656,RP,105,11,8.871,5.656,11.688,7.792,3.896,3.134,-2.522,-1.013,NA,NA,NA,NA,NA,NA,NA,NA,NA,NA,NA,NA,NA,NA,NA,NA,NA,NA,NA,NA,NA,NA,NA,NA,pitcher,NA,NA,NA,NA,NA,NA,NA,NA,NA,NA
21189,621139,Brooks Kriske,2026,32,2,0,2.667,11,2,0,0,2,1,0,0,0.25,100,2.727,4.991,0,92.417,85.143,81.789,37.5,28.947,2.468,RP,108.1,1,12.5,2.468,18.182,9.091,9.091,0,-2.468,-2.727,NA,NA,NA,NA,NA,NA,NA,NA,NA,NA,NA,NA,NA,NA,NA,NA,NA,NA,NA,NA,NA,NA,NA,NA,pitcher,NA,NA,NA,NA,NA,NA,NA,NA,NA,NA
27793,694820,Braxton Roxby,2026,27,3,0,3.667,18,6,2,0,3,0,0,1,0.429,71.429,2.284,3.93,0,93.583,NA,NA,31.579,32.895,2.691,RP,101.2,0,0,2.691,16.667,0,16.667,4.909,2.219,2.625,NA,NA,NA,NA,NA,NA,NA,NA,NA,NA,NA,NA,NA,NA,NA,NA,NA,NA,NA,NA,NA,NA,NA,NA,pitcher,NA,NA,NA,NA,NA,NA,NA,NA,NA,NA
31615,687531,William Kempner,2026,25,9,0,12.333,50,8,4,1,14,4,0,2,0.241,79.365,3.346,3.882,0.077,95.2,87.458,NA,31.967,32.161,3.946,RP,99.2,1,3.333,3.946,28,8,20,2.919,-1.027,-0.427,NA,NA,NA,NA,NA,NA,NA,NA,NA,NA,NA,NA,NA,NA,NA,NA,NA,NA,NA,NA,NA,NA,NA,NA,pitcher,NA,NA,NA,NA,NA,NA,NA,NA,NA,NA
25501,687606,Paxton Schultz,2026,28,27,1,32.333,153,43,23,5,32,12,1,1,0.376,61.224,4.339,4.663,0.1,93.618,88.828,NA,29.155,25.902,5.039,RP,105.1,9,8.333,5.039,20.915,7.843,13.072,6.402,1.363,2.063,NA,NA,NA,NA,NA,NA,NA,NA,NA,NA,NA,NA,NA,NA,NA,NA,NA,NA,NA,NA,NA,NA,NA,NA,pitcher,NA,NA,NA,NA,NA,NA,NA,NA,NA,NA
27498,675911,Spencer Strider,2026,27,8,8,39,165,33,23,9,46,20,0,1,0.27,72.464,5.359,4.371,0.173,95.185,NA,NA,31.776,27.352,3.525,SP,103.9,11,11.224,3.525,27.879,12.121,15.758,5.308,1.783,-0.051,3.867,36.828,7.602,29.227,3.09,0.777,2.853,1.014,7.952,37.866,0.316,70.252,33.806,0.122,1.441,-8.95,4.52,-13.469,0.435,-6.09,-6.455,3.273,2.211,-0.046,pitcher,1.098,-7.593,3.505,-11.098,0.123,-6.683,-5.654,3.138,2.504,-0.047
33862,694494,Ty Johnson,2026,24,8,0,7.667,34,7,3,1,11,4,0,0,0.353,83.333,3.494,3.766,0.1,93.264,NA,NA,37.5,29.814,3.859,RP,104.3,2,10.526,3.859,32.353,11.765,20.588,3.522,-0.338,0.028,NA,NA,NA,NA,NA,NA,NA,NA,NA,NA,NA,NA,NA,NA,NA,NA,NA,NA,NA,NA,NA,NA,NA,NA,pitcher,NA,NA,NA,NA,NA,NA,NA,NA,NA,NA
23455,676702,Hunter Stratton,2026,29,3,0,3.333,15,6,2,0,3,0,0,0,0.5,66.667,1.302,1.755,0,96.815,93.545,NA,42.857,26.786,6.596,RP,104.4,0,0,6.596,20,0,20,5.4,-1.196,4.098,3.629,20.886,4.43,16.456,3.29,0.339,3.246,0.383,6.087,37.612,0.304,70.093,27.598,0.068,1.771,-0.886,-4.43,3.544,3.306,5.245,-0.812,-6.087,-3.427,0.196,pitcher,1.428,0.47,-5.445,5.916,2.994,4.652,-0.012,-6.222,-3.134,0.196
31280,700842,Eduardo Rivera,2026,23,4,3,10,44,8,7,1,10,6,0,0,0.259,55.556,4.202,4.26,0.111,95.404,NA,NA,31.452,25.714,3.669,SP,108.2,1,3.571,3.669,22.727,13.636,9.091,6.3,2.631,2.098,NA,NA,NA,NA,NA,NA,NA,NA,NA,NA,NA,NA,NA,NA,NA,NA,NA,NA,NA,NA,NA,NA,NA,NA,pitcher,NA,NA,NA,NA,NA,NA,NA,NA,NA,NA
30161,692230,Carlos Rodriguez,2026,24,4,0,9.333,42,10,4,1,8,4,0,0,0.31,79.365,4.067,5.261,0.062,94.143,90.204,NA,29.63,23.077,3.31,RP,97.7,1,3.333,3.31,19.048,9.524,9.524,3.857,0.547,-0.209,NA,NA,NA,NA,NA,NA,NA,NA,NA,NA,NA,NA,NA,NA,NA,NA,NA,NA,NA,NA,NA,NA,NA,NA,pitcher,NA,NA,NA,NA,NA,NA,NA,NA,NA,NA
24017,678606,Jose A. Ferrer,2026,26,73,0,64.667,295,75,30,7,54,20,2,7,0.333,74.837,4.092,4.015,0.123,97.602,NA,NA,33.684,25.801,4.084,RP,104.5,13,6.075,4.084,18.305,6.78,11.525,4.175,0.091,0.083,3.808,18.904,5.86,13.043,2.971,0.837,3.24,0.567,1.544,31.821,0.29,68.998,27.243,0.078,0.368,-0.599,0.92,-1.518,1.113,1.863,-1.442,4.531,5.839,0.044,pitcher,0.024,0.758,-0.096,0.853,0.801,1.27,-0.642,4.396,6.133,0.043
30158,689149,Chad Dallas,2026,26,6,0,14.333,64,13,8,2,17,8,0,0,0.297,71.429,4.219,4.3,0.111,93.933,92.98,NA,36.932,26.154,3.492,RP,103.2,2,5.128,3.492,26.562,12.5,14.062,5.023,1.531,0.805,NA,NA,NA,NA,NA,NA,NA,NA,NA,NA,NA,NA,NA,NA,NA,NA,NA,NA,NA,NA,NA,NA,NA,NA,pitcher,NA,NA,NA,NA,NA,NA,NA,NA,NA,NA
30334,702885,Cesar Perdomo,2026,24,5,4,24.667,104,27,10,4,14,7,0,0,0.291,84.507,4.927,4.715,0.129,93.109,NA,NA,31.754,23.2,4.459,SP,103,6,7.229,4.459,13.462,6.731,6.731,3.649,-0.81,-1.278,NA,NA,NA,NA,NA,NA,NA,NA,NA,NA,NA,NA,NA,NA,NA,NA,NA,NA,NA,NA,NA,NA,NA,NA,pitcher,NA,NA,NA,NA,NA,NA,NA,NA,NA,NA
29945,695378,Jack Sinclair,2026,27,10,0,10.333,43,6,3,0,7,4,0,3,0.207,76.923,3.78,5.094,0,96.691,NA,NA,30,21.854,4.209,RP,106.9,1,3.448,4.209,16.279,9.302,6.977,2.613,-1.596,-1.167,NA,NA,NA,NA,NA,NA,NA,NA,NA,NA,NA,NA,NA,NA,NA,NA,NA,NA,NA,NA,NA,NA,NA,NA,pitcher,NA,NA,NA,NA,NA,NA,NA,NA,NA,NA
16511,656756,Jordan Montgomery,2026,33,12,0,23.333,94,18,12,3,17,6,1,1,0.224,62.5,4.217,3.774,0.158,90.493,NA,NA,32.432,25.729,3.297,RP,103.4,5,7.143,3.297,18.085,6.383,11.702,4.629,1.332,0.412,NA,NA,NA,NA,NA,NA,NA,NA,NA,NA,NA,NA,NA,NA,NA,NA,NA,NA,NA,NA,NA,NA,NA,NA,pitcher,NA,NA,NA,NA,NA,NA,NA,NA,NA,NA
25625,682982,Daniel Espino,2026,25,14,3,15.333,65,12,7,3,25,7,0,0,0.3,81.081,3.754,2.687,0.2,98.911,NA,NA,35.152,32.234,2.901,RP,103.8,4,12.121,2.901,38.462,10.769,27.692,4.109,1.207,0.354,NA,NA,NA,NA,NA,NA,NA,NA,NA,NA,NA,NA,NA,NA,NA,NA,NA,NA,NA,NA,NA,NA,NA,NA,pitcher,NA,NA,NA,NA,NA,NA,NA,NA,NA,NA
30031,687924,Julian Aguiar,2026,25,1,0,3,14,4,2,0,2,1,0,0,0.364,60,2.769,5.284,0,93.481,NA,NA,29.032,18.519,2.608,RP,97.7,0,0,2.608,14.286,7.143,7.143,6,3.392,3.231,NA,NA,NA,NA,NA,NA,NA,NA,NA,NA,NA,NA,NA,NA,NA,NA,NA,NA,NA,NA,NA,NA,NA,NA,pitcher,NA,NA,NA,NA,NA,NA,NA,NA,NA,NA
23293,676051,Codi Heuer,2026,29,8,0,9.667,46,12,5,0,6,5,0,1,0.353,72.222,3.723,5.752,0,95.488,NA,NA,30.435,25.397,4.819,RP,103.9,1,2.941,4.819,13.043,10.87,2.174,4.655,-0.164,0.932,NA,NA,NA,NA,NA,NA,NA,NA,NA,NA,NA,NA,NA,NA,NA,NA,NA,NA,NA,NA,NA,NA,NA,NA,pitcher,NA,NA,NA,NA,NA,NA,NA,NA,NA,NA
29615,679775,Kyle Backhus,2026,28,21,1,20,94,25,11,3,20,6,0,2,0.349,72.917,4.252,3.887,0.143,90.801,NA,NA,28.866,28.814,3.99,RP,102.8,3,4.545,3.99,21.277,6.383,14.894,4.95,0.96,0.698,NA,NA,NA,NA,NA,NA,NA,NA,NA,NA,NA,NA,NA,NA,NA,NA,NA,NA,NA,NA,NA,NA,NA,NA,pitcher,NA,NA,NA,NA,NA,NA,NA,NA,NA,NA
17578,664141,JT Brubaker,2026,32,41,1,60.333,250,49,24,5,39,26,0,2,0.247,71.429,4.279,5.003,0.069,93.625,NA,NA,30.933,25.649,5.025,RP,104.3,10,5.464,5.025,15.6,10.4,5.2,3.58,-1.445,-0.699,NA,NA,NA,NA,NA,NA,NA,NA,NA,NA,NA,NA,NA,NA,NA,NA,NA,NA,NA,NA,NA,NA,NA,NA,pitcher,NA,NA,NA,NA,NA,NA,NA,NA,NA,NA
29629,694335,Matt Svanson,2026,27,41,1,43.333,207,55,35,5,41,21,0,2,0.365,54.93,4.302,4.752,0.089,96.329,92.087,NA,30.575,21.827,6.011,RP,106.4,10,6.993,6.011,19.807,10.145,9.662,7.269,1.259,2.967,NA,NA,NA,NA,NA,NA,NA,NA,NA,NA,NA,NA,NA,NA,NA,NA,NA,NA,NA,NA,NA,NA,NA,NA,pitcher,NA,NA,NA,NA,NA,NA,NA,NA,NA,NA
31994,804926,Austin Peterson,2026,26,1,0,2,8,1,0,0,3,0,0,0,0.2,100,0.102,0.857,0,93.909,87.889,NA,42.105,35.484,0.85,RP,98.3,0,0,0.85,37.5,0,37.5,0,-0.85,-0.102,NA,NA,NA,NA,NA,NA,NA,NA,NA,NA,NA,NA,NA,NA,NA,NA,NA,NA,NA,NA,NA,NA,NA,NA,pitcher,NA,NA,NA,NA,NA,NA,NA,NA,NA,NA
25550,663362,Matt Waldron,2026,29,17,4,42.667,194,57,31,7,33,11,0,2,0.357,64.784,4.602,4.592,0.117,91.831,87.959,NA,33.77,25.072,3.551,RP,103.3,8,5.405,3.551,17.01,5.67,11.34,6.539,2.988,1.937,NA,NA,NA,NA,NA,NA,NA,NA,NA,NA,NA,NA,NA,NA,NA,NA,NA,NA,NA,NA,NA,NA,NA,NA,pitcher,NA,NA,NA,NA,NA,NA,NA,NA,NA,NA
31850,685464,Cade Winquest,2026,26,11,0,13.667,57,9,6,1,16,8,0,1,0.258,60.241,3.688,3.841,0.1,95.901,92.613,NA,22.388,28.98,2.42,RP,98.9,1,3.125,2.42,28.07,14.035,14.035,3.951,1.532,0.264,NA,NA,NA,NA,NA,NA,NA,NA,NA,NA,NA,NA,NA,NA,NA,NA,NA,NA,NA,NA,NA,NA,NA,NA,pitcher,NA,NA,NA,NA,NA,NA,NA,NA,NA,NA
27861,693308,Nick Frasso,2026,27,19,0,20.667,96,25,14,3,21,7,0,2,0.355,63.758,4.264,4.056,0.13,95.522,90.077,NA,34.703,26.26,4.489,RP,103.7,3,4.545,4.489,21.875,7.292,14.583,6.097,1.607,1.833,NA,NA,NA,NA,NA,NA,NA,NA,NA,NA,NA,NA,NA,NA,NA,NA,NA,NA,NA,NA,NA,NA,NA,NA,pitcher,NA,NA,NA,NA,NA,NA,NA,NA,NA,NA
12976,595978,Austin Hedges,2026,33,4,0,4.333,20,7,3,0,1,0,0,0,0.368,57.143,2.641,4.73,0,69.2,NA,NA,43.75,21.818,2.386,RP,101.1,0,0,2.386,5,0,5,6.231,3.845,3.59,NA,NA,NA,NA,NA,NA,NA,NA,NA,NA,NA,NA,NA,NA,NA,NA,NA,NA,NA,NA,NA,NA,NA,NA,pitcher,NA,NA,NA,NA,NA,NA,NA,NA,NA,NA
11189,592826,Vince Velasquez,2026,34,2,0,3.333,11,1,0,0,1,0,0,0,0.1,100,2.502,5.219,0,92.261,89.75,NA,33.333,25.581,1.044,RP,100.2,0,0,1.044,9.091,0,9.091,0,-1.044,-2.502,NA,NA,NA,NA,NA,NA,NA,NA,NA,NA,NA,NA,NA,NA,NA,NA,NA,NA,NA,NA,NA,NA,NA,NA,pitcher,NA,NA,NA,NA,NA,NA,NA,NA,NA,NA
14361,621389,Ty Blach,2026,35,1,0,3,9,1,0,0,2,0,0,0,0.143,100,1.769,2.272,0,91.263,NA,NA,42.857,36.667,3.014,RP,100,0,0,3.014,22.222,0,22.222,0,-3.014,-1.769,NA,NA,NA,NA,NA,NA,NA,NA,NA,NA,NA,NA,NA,NA,NA,NA,NA,NA,NA,NA,NA,NA,NA,NA,pitcher,NA,NA,NA,NA,NA,NA,NA,NA,NA,NA
27271,686228,Juan Burgos,2026,26,4,0,4.333,17,3,1,0,0,0,0,1,0.214,75,3.795,6.581,0,96.5,91.579,NA,30,16.981,3.122,RP,102.7,1,6.25,3.122,0,0,0,2.077,-1.045,-1.718,NA,NA,NA,NA,NA,NA,NA,NA,NA,NA,NA,NA,NA,NA,NA,NA,NA,NA,NA,NA,NA,NA,NA,NA,pitcher,NA,NA,NA,NA,NA,NA,NA,NA,NA,NA
22915,672841,Carlos Vargas,2026,26,16,0,19,81,16,10,2,17,4,0,4,0.259,66.038,3.944,4.006,0.111,96.115,93.883,NA,31.788,21.631,4.347,RP,104.8,5,8.929,4.347,20.988,4.938,16.049,4.737,0.39,0.792,NA,NA,NA,NA,NA,NA,NA,NA,NA,NA,NA,NA,NA,NA,NA,NA,NA,NA,NA,NA,NA,NA,NA,NA,pitcher,NA,NA,NA,NA,NA,NA,NA,NA,NA,NA
30944,801725,Luis De Leon,2026,23,8,0,9.333,36,6,2,1,6,2,0,0,0.185,75.758,3.852,3.753,0.125,95.929,NA,83.962,40.299,28.571,2.126,RP,105.3,2,7.143,2.126,16.667,5.556,11.111,1.929,-0.197,-1.924,NA,NA,NA,NA,NA,NA,NA,NA,NA,NA,NA,NA,NA,NA,NA,NA,NA,NA,NA,NA,NA,NA,NA,NA,pitcher,NA,NA,NA,NA,NA,NA,NA,NA,NA,NA
30064,675920,Seth Lonsway,2026,27,1,0,2,11,5,2,0,2,0,0,0,0.556,40,1.102,1.857,0,91.444,87.5,NA,20,30.303,1.698,RP,105.5,0,0,1.698,18.182,0,18.182,9,7.302,7.898,NA,NA,NA,NA,NA,NA,NA,NA,NA,NA,NA,NA,NA,NA,NA,NA,NA,NA,NA,NA,NA,NA,NA,NA,pitcher,NA,NA,NA,NA,NA,NA,NA,NA,NA,NA
26260,686753,Drey Jameson,2026,28,12,0,19.333,86,19,11,1,13,10,0,1,0.295,66.434,4.137,5.182,0.045,96.284,NA,NA,33.143,29.739,5.026,RP,103.2,3,4.839,5.026,15.116,11.628,3.488,5.121,0.094,0.984,NA,NA,NA,NA,NA,NA,NA,NA,NA,NA,NA,NA,NA,NA,NA,NA,NA,NA,NA,NA,NA,NA,NA,NA,pitcher,NA,NA,NA,NA,NA,NA,NA,NA,NA,NA
28846,695001,Alimber Santa,2026,23,10,0,15.333,59,8,2,1,9,6,0,0,0.163,63.492,3.95,4.579,0.067,94.324,NA,NA,26.667,24.268,2.966,RP,101.5,1,2.273,2.966,15.254,10.169,5.085,1.174,-1.792,-2.776,NA,NA,NA,NA,NA,NA,NA,NA,NA,NA,NA,NA,NA,NA,NA,NA,NA,NA,NA,NA,NA,NA,NA,NA,pitcher,NA,NA,NA,NA,NA,NA,NA,NA,NA,NA
31872,690990,Cade Horton,2026,24,2,2,7.333,26,4,2,1,4,2,0,0,0.158,86.957,4.602,3.858,0.2,95.547,NA,NA,37.037,29.348,3.329,SP,109.7,1,5,3.329,15.385,7.692,7.692,2.455,-0.874,-2.148,NA,NA,NA,NA,NA,NA,NA,NA,NA,NA,NA,NA,NA,NA,NA,NA,NA,NA,NA,NA,NA,NA,NA,NA,pitcher,NA,NA,NA,NA,NA,NA,NA,NA,NA,NA
27666,685112,Zach McCambley,2026,27,10,0,11.333,54,13,6,1,11,6,1,1,0.343,75.269,4.161,4.612,0.083,93.935,88.544,NA,34.677,30.233,6.975,RP,104.6,4,11.111,6.975,20.37,11.111,9.259,4.765,-2.211,0.604,NA,NA,NA,NA,NA,NA,NA,NA,NA,NA,NA,NA,NA,NA,NA,NA,NA,NA,NA,NA,NA,NA,NA,NA,pitcher,NA,NA,NA,NA,NA,NA,NA,NA,NA,NA
27583,670183,Garrett Acton,2026,28,7,0,11,51,10,7,1,14,6,1,2,0.321,48.193,3.92,4.659,0.071,94.491,NA,87.25,33.333,32.512,4.26,RP,108.8,3,10.345,4.26,27.451,11.765,15.686,5.727,1.468,1.807,NA,NA,NA,NA,NA,NA,NA,NA,NA,NA,NA,NA,NA,NA,NA,NA,NA,NA,NA,NA,NA,NA,NA,NA,pitcher,NA,NA,NA,NA,NA,NA,NA,NA,NA,NA
19261,641656,Ian Hamilton,2026,31,4,0,4.667,23,6,4,0,4,3,0,0,0.375,55.556,3.317,3.963,0,94.457,NA,NA,29.825,31.522,5.036,RP,109,0,0,5.036,17.391,13.043,4.348,7.714,2.679,4.398,3.449,26.374,9.341,17.033,3.661,-0.212,2.965,0.484,4.422,35.846,0.33,73.901,33.09,0.061,4.265,-8.982,3.703,-12.685,1.374,-6.021,-1.568,-4.422,-18.346,0.045,pitcher,3.922,-7.626,2.688,-10.314,1.063,-6.614,-0.767,-4.556,-18.052,0.045
19695,657756,Connor Seabold,2026,30,21,0,24,115,30,14,2,20,11,0,3,0.354,70.388,4.269,5.261,0.061,93.591,86.854,NA,34.507,24.16,3.985,RP,104,5,6.173,3.985,17.391,9.565,7.826,5.25,1.265,0.981,NA,NA,NA,NA,NA,NA,NA,NA,NA,NA,NA,NA,NA,NA,NA,NA,NA,NA,NA,NA,NA,NA,NA,NA,pitcher,NA,NA,NA,NA,NA,NA,NA,NA,NA,NA
26020,686751,Seth Johnson,2026,27,27,0,32,150,36,22,5,38,18,0,2,0.356,65.306,4.634,4.441,0.128,97.447,NA,90.5,30.031,28.998,4.687,RP,103.9,11,11.957,4.687,25.333,12,13.333,6.188,1.501,1.554,NA,NA,NA,NA,NA,NA,NA,NA,NA,NA,NA,NA,NA,NA,NA,NA,NA,NA,NA,NA,NA,NA,NA,NA,pitcher,NA,NA,NA,NA,NA,NA,NA,NA,NA,NA
15007,605441,Yacksel Rios,2026,33,1,0,1.667,5,0,0,0,2,0,0,0,0,NA,0.702,1.608,0,98.3,NA,92,25,46.154,4.805,RP,106.6,0,0,4.805,40,0,40,0,-4.805,-0.702,NA,NA,NA,NA,NA,NA,NA,NA,NA,NA,NA,NA,NA,NA,NA,NA,NA,NA,NA,NA,NA,NA,NA,NA,pitcher,NA,NA,NA,NA,NA,NA,NA,NA,NA,NA
13607,605218,Carl Edwards Jr.,2026,34,2,0,6,25,3,1,1,11,4,0,0,0.222,107.143,3.602,2.442,0.25,92.566,NA,NA,27.869,37.374,2.767,RP,100.9,1,10,2.767,44,16,28,1.5,-1.267,-2.102,3.75,16.901,11.972,4.93,4.21,-0.46,3.855,-0.105,4,33.728,0.303,73.529,24.382,0.033,-2.25,27.099,4.028,23.07,-1.443,-5.859,12.992,6,33.613,-0.081,pitcher,-2.593,28.455,3.013,25.442,-1.754,-6.452,13.793,5.865,33.907,-0.081
31870,690155,Matthew Pushard,2026,28,6,0,7,32,6,4,0,6,4,0,1,0.3,54.545,3.531,5.256,0,95.091,NA,NA,30.682,23.333,5.213,RP,100,0,0,5.213,18.75,12.5,6.25,5.143,-0.07,1.612,NA,NA,NA,NA,NA,NA,NA,NA,NA,NA,NA,NA,NA,NA,NA,NA,NA,NA,NA,NA,NA,NA,NA,NA,pitcher,NA,NA,NA,NA,NA,NA,NA,NA,NA,NA
29318,700327,Welinton Herrera,2026,22,3,0,2.333,10,2,0,0,2,1,0,0,0.286,100,2.674,4.614,0,94.536,NA,NA,20.833,24.444,4.765,RP,103.4,0,0,4.765,20,10,10,0,-4.765,-2.674,NA,NA,NA,NA,NA,NA,NA,NA,NA,NA,NA,NA,NA,NA,NA,NA,NA,NA,NA,NA,NA,NA,NA,NA,pitcher,NA,NA,NA,NA,NA,NA,NA,NA,NA,NA
20151,675916,James Karinchak,2026,30,9,0,9.667,37,4,2,1,8,5,0,0,0.13,92.105,4.344,5.34,0.067,95.031,NA,NA,23.158,28.395,2.988,RP,103.8,2,8.333,2.988,21.622,13.514,8.108,1.862,-1.126,-2.482,NA,NA,NA,NA,NA,NA,NA,NA,NA,NA,NA,NA,NA,NA,NA,NA,NA,NA,NA,NA,NA,NA,NA,NA,pitcher,NA,NA,NA,NA,NA,NA,NA,NA,NA,NA
19339,670032,Nicky Lopez,2026,31,1,0,1,7,4,1,0,1,0,0,0,0.667,75,1.102,2.611,0,60.958,NA,NA,31.25,20.833,4.976,RP,97.8,0,0,4.976,14.286,0,14.286,9,4.024,7.898,NA,NA,NA,NA,NA,NA,NA,NA,NA,NA,NA,NA,NA,NA,NA,NA,NA,NA,NA,NA,NA,NA,NA,NA,pitcher,NA,NA,NA,NA,NA,NA,NA,NA,NA,NA
26259,685801,Hunter Bigge,2026,28,18,0,19.333,85,14,15,1,14,14,1,0,0.232,41.353,4.499,5.934,0.037,96.543,NA,87.706,26.923,25.392,4.078,RP,102.1,3,5.263,4.078,16.471,16.471,0,6.983,2.905,2.484,2.632,32.877,6.849,26.027,3.94,-1.308,2.763,-0.131,11.364,38.202,0.357,88.542,30.333,0.111,4.351,-16.406,9.621,-26.027,0.138,-11.279,-4.941,-6.1,-47.188,-0.125,pitcher,4.008,-15.05,8.606,-23.656,-0.174,-11.872,-4.141,-6.235,-46.895,-0.126
28040,682769,Eiberson Castellano,2026,25,1,0,3,12,4,0,0,2,0,0,1,0.444,100,2.769,2.769,0,95.8,NA,NA,34.783,28.571,6.292,RP,105.4,0,0,6.292,16.667,0,16.667,0,-6.292,-2.769,NA,NA,NA,NA,NA,NA,NA,NA,NA,NA,NA,NA,NA,NA,NA,NA,NA,NA,NA,NA,NA,NA,NA,NA,pitcher,NA,NA,NA,NA,NA,NA,NA,NA,NA,NA
26443,691951,Sam Aldegheri,2026,24,9,6,33.667,151,31,19,5,22,17,0,1,0.245,66.667,5.33,5.73,0.096,92.167,87.312,NA,30.748,24.754,5.494,SP,104.6,10,9.009,5.494,14.57,11.258,3.311,5.079,-0.415,-0.251,NA,NA,NA,NA,NA,NA,NA,NA,NA,NA,NA,NA,NA,NA,NA,NA,NA,NA,NA,NA,NA,NA,NA,NA,pitcher,NA,NA,NA,NA,NA,NA,NA,NA,NA,NA
27908,668716,Noah Murdock,2026,27,3,0,3.333,15,3,0,0,4,3,0,0,0.375,100,3.402,4.308,0,94.065,90.333,NA,21.053,23.438,2.784,RP,108.6,0,0,2.784,26.667,20,6.667,0,-2.784,-3.402,NA,NA,NA,NA,NA,NA,NA,NA,NA,NA,NA,NA,NA,NA,NA,NA,NA,NA,NA,NA,NA,NA,NA,NA,pitcher,NA,NA,NA,NA,NA,NA,NA,NA,NA,NA
30165,694357,Ricky Tiedemann,2026,23,5,0,6,29,5,1,0,8,6,0,1,0.357,91.667,3.936,4.942,0,95.936,90.5,NA,24.324,34.677,5.228,RP,100.3,0,0,5.228,27.586,20.69,6.897,1.5,-3.728,-2.436,NA,NA,NA,NA,NA,NA,NA,NA,NA,NA,NA,NA,NA,NA,NA,NA,NA,NA,NA,NA,NA,NA,NA,NA,pitcher,NA,NA,NA,NA,NA,NA,NA,NA,NA,NA
21951,666711,Joel Peguero,2026,29,11,0,11.333,48,10,3,0,5,4,0,2,0.27,68.75,3.808,5.539,0,99.654,NA,NA,37.895,22.485,2.702,RP,97.5,0,0,2.702,10.417,8.333,2.083,2.382,-0.319,-1.426,NA,NA,NA,NA,NA,NA,NA,NA,NA,NA,NA,NA,NA,NA,NA,NA,NA,NA,NA,NA,NA,NA,NA,NA,pitcher,NA,NA,NA,NA,NA,NA,NA,NA,NA,NA
15467,594835,Marco Gonzales,2026,34,3,0,6.667,29,7,1,0,3,4,1,0,0.318,90.909,4.002,6.492,0,90,87.15,NA,32.308,23.729,2.961,RP,99.2,1,4.545,2.961,10.345,13.793,-3.448,1.35,-1.611,-2.652,NA,NA,NA,NA,NA,NA,NA,NA,NA,NA,NA,NA,NA,NA,NA,NA,NA,NA,NA,NA,NA,NA,NA,NA,pitcher,NA,NA,NA,NA,NA,NA,NA,NA,NA,NA
19452,668670,Jake Rogers,2026,31,3,0,2.333,12,3,0,0,3,1,0,1,0.429,100,3.102,3.749,0,62.814,NA,NA,16.667,27.907,4.868,RP,101.9,0,0,4.868,25,8.333,16.667,0,-4.868,-3.102,NA,NA,NA,NA,NA,NA,NA,NA,NA,NA,NA,NA,NA,NA,NA,NA,NA,NA,NA,NA,NA,NA,NA,NA,pitcher,NA,NA,NA,NA,NA,NA,NA,NA,NA,NA
27590,671109,Jake Eder,2026,27,4,0,4,15,3,1,0,1,1,0,0,0.231,75,3.352,6.37,0,95.059,NA,NA,40.625,10.714,10.544,RP,104.1,4,30.769,10.544,6.667,6.667,0,2.25,-8.294,-1.102,NA,NA,NA,NA,NA,NA,NA,NA,NA,NA,NA,NA,NA,NA,NA,NA,NA,NA,NA,NA,NA,NA,NA,NA,pitcher,NA,NA,NA,NA,NA,NA,NA,NA,NA,NA
17998,664126,Pete Fairbanks,2026,32,46,1,41.333,183,35,29,8,57,21,1,3,0.287,56.485,4.602,4.131,0.143,97.249,89.559,NA,35.242,33.116,4.405,RP,105.2,12,11.765,4.405,31.148,11.475,19.672,6.315,1.909,1.712,3.343,27.064,9.608,17.456,3.716,-0.374,3.3,0.043,5.052,27.24,0.265,71.857,31.286,0.093,2.972,4.084,1.868,2.216,0.689,8.002,1.83,6.713,-15.371,0.023,pitcher,2.629,5.44,0.853,4.588,0.377,7.409,2.63,6.578,-15.078,0.022
19531,671345,Jason Foley,2026,30,23,0,25,113,27,12,2,15,11,2,0,0.294,65.341,4.262,4.852,0.074,95.818,NA,89.164,24.303,23.326,4.057,RP,105,5,5.747,4.057,13.274,9.735,3.54,4.32,0.263,0.058,3,18.811,7.31,11.501,4.076,-1.076,3.525,-0.525,6.001,31.58,0.273,70.48,26.819,0.079,1.32,-5.537,2.425,-7.961,-0.019,-7.277,-3.493,-0.254,-5.139,0.021,pitcher,0.977,-4.18,1.41,-5.59,-0.331,-7.87,-2.693,-0.389,-4.846,0.02
35309,697811,Dylan Ross,2026,25,1,0,1,3,0,0,0,0,0,0,0,0,NA,3.102,4.611,0,99,NA,88.429,42.857,18.182,0.564,RP,86.3,0,0,0.564,0,0,0,0,-0.564,-3.102,NA,NA,NA,NA,NA,NA,NA,NA,NA,NA,NA,NA,NA,NA,NA,NA,NA,NA,NA,NA,NA,NA,NA,NA,pitcher,NA,NA,NA,NA,NA,NA,NA,NA,NA,NA
13774,621107,Zach Eflin,2026,32,1,1,3.667,17,4,1,1,7,2,0,0,0.429,108.696,4.466,1.744,0.5,92.143,88.273,NA,24.444,29.73,3.969,SP,107.3,2,25,3.969,41.176,11.765,29.412,2.455,-1.515,-2.011,3.573,21.343,3.485,17.858,3.504,0.069,3.572,0.001,7.846,35.903,0.289,74.71,28.274,0.114,-1.119,19.833,8.28,11.553,0.465,-11.459,1.456,17.154,33.986,0.139,pitcher,-1.462,21.19,7.265,13.925,0.154,-12.051,2.256,17.02,34.279,0.139
24609,680755,Braydon Fisher,2026,25,75,10,75.667,310,52,27,8,74,44,5,3,0.249,74.032,4.384,4.426,0.113,94.344,92.458,NA,31.202,29.14,4.228,RP,103.4,18,9.524,4.228,23.871,14.194,9.677,3.211,-1.017,-1.173,NA,NA,NA,NA,NA,NA,NA,NA,NA,NA,NA,NA,NA,NA,NA,NA,NA,NA,NA,NA,NA,NA,NA,NA,pitcher,NA,NA,NA,NA,NA,NA,NA,NA,NA,NA
22362,670062,Julian Garcia,2026,31,33,0,46,179,29,16,7,41,19,0,1,0.198,81.633,4.602,4.33,0.135,92.47,NA,NA,32.187,30.014,2.95,RP,102,5,4.237,2.95,22.905,10.615,12.291,3.13,0.181,-1.472,NA,NA,NA,NA,NA,NA,NA,NA,NA,NA,NA,NA,NA,NA,NA,NA,NA,NA,NA,NA,NA,NA,NA,NA,pitcher,NA,NA,NA,NA,NA,NA,NA,NA,NA,NA
14710,621242,Edwin Diaz,2026,32,20,0,17.667,93,26,18,3,27,11,2,3,0.469,61.453,4.631,4.217,0.143,96.525,NA,NA,31.897,29.167,4.825,RP,104.4,4,7.692,4.825,29.032,11.828,17.204,9.17,4.345,4.539,3.553,38.889,9.259,29.63,2.49,1.063,3.017,0.535,6.422,32.7,0.284,73.171,31.947,0.156,5.617,-9.857,2.569,-12.425,2.335,-0.803,-2.781,1.27,-11.718,0.185,pitcher,5.274,-8.5,1.554,-10.054,2.023,-1.396,-1.98,1.135,-11.425,0.184
19588,670871,Guillo Zuniga,2026,27,1,0,1,4,0,0,0,1,1,0,0,0,100,4.102,7.12,0,97.5,NA,NA,42.857,27.778,1.49,RP,81.4,0,0,1.49,25,25,0,0,-1.49,-4.102,4.5,50,0,50,3.23,1.27,-0.745,5.245,25,26.923,0.5,50,23.256,0,-4.5,-25,25,-50,-1.74,15.934,4.522,-25,50,-0.5,pitcher,-4.843,-23.644,23.985,-47.629,-2.052,15.341,5.322,-25.135,50.293,-0.501
18433,664731,P.J. Higgins,2026,33,1,0,1,3,0,0,0,1,0,0,0,0,NA,1.102,4.12,0,53.7,NA,NA,50,40,0.089,RP,79.5,0,0,0.089,33.333,0,33.333,0,-0.089,-1.102,NA,NA,NA,NA,NA,NA,NA,NA,NA,NA,NA,NA,NA,NA,NA,NA,NA,NA,NA,NA,NA,NA,NA,NA,pitcher,NA,NA,NA,NA,NA,NA,NA,NA,NA,NA
19249,622554,Seranthony Dominguez,2026,31,67,0,62,260,46,25,9,65,31,2,3,0.243,77.151,4.538,4.306,0.132,97.421,NA,85.929,32.548,26.169,3.645,RP,104.8,11,6.832,3.645,25,11.923,13.077,3.629,-0.016,-0.909,3.78,21.429,9.821,11.607,4.67,-0.89,4.835,-1.055,8.108,32.47,0.291,77.039,24.447,0.123,-0.151,3.571,2.102,1.47,-1.025,0.078,1.722,-1.276,0.112,-0.047,pitcher,-0.494,4.928,1.087,3.841,-1.336,-0.515,2.522,-1.411,0.405,-0.048
15674,624512,Reese McGuire,2026,31,1,0,1,3,0,0,0,0,0,0,0,0,NA,3.102,7.629,0,65,NA,NA,40,44.444,0.063,RP,92.1,0,0,0.063,0,0,0,0,-0.063,-3.102,NA,NA,NA,NA,NA,NA,NA,NA,NA,NA,NA,NA,NA,NA,NA,NA,NA,NA,NA,NA,NA,NA,NA,NA,pitcher,NA,NA,NA,NA,NA,NA,NA,NA,NA,NA
31883,700187,Troy Taylor,2026,24,1,0,2,10,3,1,0,2,1,0,0,0.429,75,2.602,4.866,0,95,NA,NA,35,32.258,3.383,RP,103.3,1,14.286,3.383,20,10,10,4.5,1.117,1.898,NA,NA,NA,NA,NA,NA,NA,NA,NA,NA,NA,NA,NA,NA,NA,NA,NA,NA,NA,NA,NA,NA,NA,NA,pitcher,NA,NA,NA,NA,NA,NA,NA,NA,NA,NA
29554,680728,Adrian Del Castillo,2026,26,1,0,1.667,10,4,1,0,0,0,0,1,0.444,80,4.902,8.524,0,52,NA,NA,66.667,16.667,16.267,RP,105.8,1,11.111,16.267,0,0,0,5.4,-10.867,0.498,NA,NA,NA,NA,NA,NA,NA,NA,NA,NA,NA,NA,NA,NA,NA,NA,NA,NA,NA,NA,NA,NA,NA,NA,pitcher,NA,NA,NA,NA,NA,NA,NA,NA,NA,NA
24591,680702,Joey Gerber,2026,29,7,0,8.333,34,6,4,1,8,4,0,0,0.238,69.767,4.182,4.433,0.1,93.529,88.796,NA,23.684,28.682,4.019,RP,104.1,2,9.091,4.019,23.529,11.765,11.765,4.32,0.301,0.138,NA,NA,NA,NA,NA,NA,NA,NA,NA,NA,NA,NA,NA,NA,NA,NA,NA,NA,NA,NA,NA,NA,NA,NA,pitcher,NA,NA,NA,NA,NA,NA,NA,NA,NA,NA
11442,596142,Gary Sanchez,2026,33,2,0,2,10,4,0,0,0,0,0,0,0.4,100,3.102,3.857,0,52.733,NA,NA,37.037,18.182,3.897,RP,102.6,0,0,3.897,0,0,0,0,-3.897,-3.102,NA,NA,NA,NA,NA,NA,NA,NA,NA,NA,NA,NA,NA,NA,NA,NA,NA,NA,NA,NA,NA,NA,NA,NA,pitcher,NA,NA,NA,NA,NA,NA,NA,NA,NA,NA
27653,683766,Christian Koss,2026,28,2,0,2,10,5,3,0,0,0,0,0,0.5,40,3.102,5.366,0,49.071,NA,NA,26.316,21.429,7.652,RP,98.8,1,10,7.652,0,0,0,13.5,5.848,10.398,NA,NA,NA,NA,NA,NA,NA,NA,NA,NA,NA,NA,NA,NA,NA,NA,NA,NA,NA,NA,NA,NA,NA,NA,pitcher,NA,NA,NA,NA,NA,NA,NA,NA,NA,NA
23429,676664,JP Sears,2026,30,8,6,32.667,143,33,17,6,25,11,0,2,0.276,71.809,5.153,4.752,0.14,92.716,NA,NA,31.761,23.44,5.156,SP,103.9,9,8.571,5.156,17.483,7.692,9.79,4.684,-0.472,-0.47,4.432,19.01,6.647,12.363,4.481,-0.049,4.819,-0.386,10.293,31.897,0.273,73.678,26.073,0.113,0.251,-1.527,1.046,-2.573,0.674,-0.136,-2.632,-1.722,-1.87,0.002,pitcher,-0.092,-0.171,0.031,-0.201,0.363,-0.729,-1.832,-1.857,-1.577,0.002
17273,622761,Jorge Mateo,2026,31,3,0,2.333,12,5,1,0,1,1,0,0,0.5,83.333,3.531,6.765,0,65.659,NA,NA,24,17.073,6.748,RP,95.9,0,0,6.748,8.333,8.333,0,3.857,-2.891,0.326,NA,NA,NA,NA,NA,NA,NA,NA,NA,NA,NA,NA,NA,NA,NA,NA,NA,NA,NA,NA,NA,NA,NA,NA,pitcher,NA,NA,NA,NA,NA,NA,NA,NA,NA,NA
27783,694350,Zach Brzykcy,2026,26,2,0,3,12,3,1,0,2,2,0,0,0.375,80,3.769,4.272,0,94.13,NA,NA,30.303,25,3.884,RP,102.7,0,0,3.884,16.667,16.667,0,3,-0.884,-0.769,NA,NA,NA,NA,NA,NA,NA,NA,NA,NA,NA,NA,NA,NA,NA,NA,NA,NA,NA,NA,NA,NA,NA,NA,pitcher,NA,NA,NA,NA,NA,NA,NA,NA,NA,NA
25873,671162,Connor Thomas,2026,28,18,0,24.333,114,32,20,4,17,9,0,2,0.341,61.497,5.198,4.612,0.16,91.423,87.652,NA,30.085,24.265,4.558,RP,104.6,4,4.651,4.558,14.912,7.895,7.018,7.397,2.839,2.199,NA,NA,NA,NA,NA,NA,NA,NA,NA,NA,NA,NA,NA,NA,NA,NA,NA,NA,NA,NA,NA,NA,NA,NA,pitcher,NA,NA,NA,NA,NA,NA,NA,NA,NA,NA
31873,691008,Maxwel Rajcic,2026,24,6,0,9,39,6,5,1,8,6,0,0,0.208,66.038,4.769,5.504,0.077,95.5,NA,NA,25.243,26.994,3.283,RP,100.8,2,8,3.283,20.513,15.385,5.128,5,1.717,0.231,NA,NA,NA,NA,NA,NA,NA,NA,NA,NA,NA,NA,NA,NA,NA,NA,NA,NA,NA,NA,NA,NA,NA,NA,pitcher,NA,NA,NA,NA,NA,NA,NA,NA,NA,NA
10472,571771,Enrique Hernandez,2026,34,1,0,1,4,1,0,0,0,0,0,0,0.25,100,3.102,9.139,0,47.75,NA,NA,66.667,25,3.933,RP,106.3,1,25,3.933,0,0,0,0,-3.933,-3.102,4.39,0,0,0,7.14,-2.75,3.166,1.224,5.556,25,0.278,60,15.556,0,-4.39,0,0,0,-3.207,41.667,9.444,19.444,40,-0.028,pitcher,-4.734,1.356,-1.015,2.371,-3.518,41.074,10.245,19.31,40.293,-0.028
15369,643361,Kevin Herget,2026,35,1,0,1,3,0,0,0,0,0,0,0,0,NA,3.102,6.12,0,89.25,86,NA,0,18.182,0.76,RP,99.6,0,0,0.76,0,0,0,0,-0.76,-3.102,1.622,20.93,6.977,13.953,5.14,-3.518,3.519,-1.898,12.903,32.099,0.167,92.105,31.126,0.077,-1.622,-20.93,-6.977,-13.953,-4.38,-32.099,-12.944,-12.903,NA,-0.167,pitcher,-1.965,-19.574,-7.992,-11.582,-4.691,-32.692,-12.144,-13.038,NA,-0.167
24698,681084,Tanner Andrews,2026,30,2,0,3,11,1,0,0,1,2,0,0,0.125,100,4.436,6.448,0,95.188,NA,85.85,29.032,18.605,3.101,RP,99.4,1,12.5,3.101,9.091,18.182,-9.091,0,-3.101,-4.436,NA,NA,NA,NA,NA,NA,NA,NA,NA,NA,NA,NA,NA,NA,NA,NA,NA,NA,NA,NA,NA,NA,NA,NA,pitcher,NA,NA,NA,NA,NA,NA,NA,NA,NA,NA
31991,804668,Rafael Flores,2026,25,1,0,1,5,2,0,0,0,0,0,0,0.4,100,3.102,4.611,0,53.375,NA,NA,33.333,12.5,5.759,RP,102.4,0,0,5.759,0,0,0,0,-5.759,-3.102,NA,NA,NA,NA,NA,NA,NA,NA,NA,NA,NA,NA,NA,NA,NA,NA,NA,NA,NA,NA,NA,NA,NA,NA,pitcher,NA,NA,NA,NA,NA,NA,NA,NA,NA,NA
19562,670097,Zack Short,2026,31,1,0,1,3,0,0,0,0,0,0,0,0,NA,3.102,4.611,0,50.9,NA,NA,70,0,1.751,RP,86.7,0,0,1.751,0,0,0,0,-1.751,-3.102,6,3.125,3.125,0,10.11,-4.11,3.922,2.078,6.897,40.541,0.414,71.429,14,0,-6,-3.125,-3.125,0,-8.359,29.459,-14,-6.897,NA,-0.414,pitcher,-6.343,-1.769,-4.14,2.371,-8.67,28.867,-13.2,-7.031,NA,-0.414
13355,571912,Luke Maile,2026,35,1,0,1,3,0,0,0,0,0,0,0,0,NA,3.102,6.12,0,64.125,NA,NA,40,0,0.133,RP,92,0,0,0.133,0,0,0,0,-0.133,-3.102,NA,NA,NA,NA,NA,NA,NA,NA,NA,NA,NA,NA,NA,NA,NA,NA,NA,NA,NA,NA,NA,NA,NA,NA,pitcher,NA,NA,NA,NA,NA,NA,NA,NA,NA,NA
20308,676694,Jake Meyers,2026,30,1,0,1,3,0,0,0,0,0,0,0,0,NA,3.102,3.102,0,50.556,NA,NA,14.286,22.222,6.54,RP,102.5,0,0,6.54,0,0,0,0,-6.54,-3.102,NA,NA,NA,NA,NA,NA,NA,NA,NA,NA,NA,NA,NA,NA,NA,NA,NA,NA,NA,NA,NA,NA,NA,NA,pitcher,NA,NA,NA,NA,NA,NA,NA,NA,NA,NA
19734,668942,Josh Rojas,2026,32,1,0,1,4,1,0,0,0,0,0,0,0.25,100,3.102,6.12,0,61.462,NA,NA,22.222,7.692,4.3,RP,89.7,0,0,4.3,0,0,0,0,-4.3,-3.102,NA,NA,NA,NA,NA,NA,NA,NA,NA,NA,NA,NA,NA,NA,NA,NA,NA,NA,NA,NA,NA,NA,NA,NA,pitcher,NA,NA,NA,NA,NA,NA,NA,NA,NA,NA
21131,664744,Jose Espada,2026,29,1,0,1,4,2,0,0,0,0,0,0,0.5,100,3.102,4.611,0,93.833,NA,94,40,26.667,4.984,RP,104.3,0,0,4.984,0,0,0,0,-4.984,-3.102,NA,NA,NA,NA,NA,NA,NA,NA,NA,NA,NA,NA,NA,NA,NA,NA,NA,NA,NA,NA,NA,NA,NA,NA,pitcher,NA,NA,NA,NA,NA,NA,NA,NA,NA,NA
13218,605242,Michael Fulmer,2026,33,15,0,13.667,61,11,5,2,18,8,1,1,0.281,75.581,4.346,3.99,0.143,93.809,88.523,NA,35.758,34.091,3.761,RP,102.3,5,14.706,3.761,29.508,13.115,16.393,3.293,-0.468,-1.054,4.421,27.426,11.814,15.612,4.3,0.121,4.15,0.271,6.338,32.086,0.304,71.848,29.789,0.125,-1.128,2.082,1.3,0.782,-0.539,3.672,4.301,8.368,3.734,-0.022,pitcher,-1.472,3.438,0.285,3.153,-0.851,3.079,5.102,8.233,4.027,-0.023
30226,702352,Spencer Bivens,2026,32,6,0,7.667,42,13,8,1,12,6,0,0,0.522,51.136,4.015,4.288,0.1,94.818,89.889,NA,30.556,29.121,5.506,RP,102.5,2,8.333,5.506,28.571,14.286,14.286,9.391,3.885,5.376,NA,NA,NA,NA,NA,NA,NA,NA,NA,NA,NA,NA,NA,NA,NA,NA,NA,NA,NA,NA,NA,NA,NA,NA,pitcher,NA,NA,NA,NA,NA,NA,NA,NA,NA,NA
25611,681520,Antoine Kelly,2026,26,1,0,1.333,4,0,0,0,1,1,0,0,0,100,3.852,3.852,0,96.091,NA,NA,18.182,22.222,10.194,RP,101.8,0,0,10.194,25,25,0,0,-10.194,-3.852,NA,NA,NA,NA,NA,NA,NA,NA,NA,NA,NA,NA,NA,NA,NA,NA,NA,NA,NA,NA,NA,NA,NA,NA,pitcher,NA,NA,NA,NA,NA,NA,NA,NA,NA,NA
31809,686628,Blake Burkhalter,2026,25,1,0,1,5,1,1,0,1,1,0,0,0.333,50,4.102,7.12,0,94.091,88.833,NA,35,21.739,7.103,RP,102,0,0,7.103,20,20,0,9,1.897,4.898,NA,NA,NA,NA,NA,NA,NA,NA,NA,NA,NA,NA,NA,NA,NA,NA,NA,NA,NA,NA,NA,NA,NA,NA,pitcher,NA,NA,NA,NA,NA,NA,NA,NA,NA,NA
3137,453286,Max Scherzer,2026,41,17,17,77.667,337,72,53,15,61,34,0,2,0.254,63.218,5.433,5.39,0.118,93.008,86.065,NA,33.626,23.887,4.345,SP,103.3,21,8.75,4.345,18.101,10.089,8.012,6.142,1.797,0.709,3.869,25.521,6.51,19.01,3.547,0.321,4.258,-0.389,8.263,37.788,0.271,78.347,28.667,0.136,2.273,-7.42,3.579,-10.999,0.797,-4.162,-4.78,0.487,-15.129,-0.016,pitcher,1.93,-6.064,2.564,-8.627,0.486,-4.755,-3.979,0.352,-14.836,-0.017
21045,661527,Seth Martinez,2026,31,1,0,1,6,2,1,0,1,0,0,1,0.5,66.667,4.102,5.611,0,89.727,NA,NA,50,40.909,5.673,RP,99.9,0,0,5.673,16.667,0,16.667,9,3.327,4.898,5.233,23.077,9.744,13.333,5.41,-0.177,4.418,0.815,9.6,29.825,0.333,65.079,27.582,0.106,3.767,-6.41,-9.744,3.333,0.263,20.175,13.327,-9.6,1.587,0.167,pitcher,3.424,-5.054,-10.759,5.705,-0.048,19.583,14.128,-9.735,1.88,0.166
31696,687721,Cameron Weston,2026,25,1,0,1,3,0,0,0,1,1,0,0,0,100,4.102,4.102,0,91.857,NA,79,50,23.529,6.518,RP,99.6,0,0,6.518,33.333,33.333,0,0,-6.518,-4.102,NA,NA,NA,NA,NA,NA,NA,NA,NA,NA,NA,NA,NA,NA,NA,NA,NA,NA,NA,NA,NA,NA,NA,NA,pitcher,NA,NA,NA,NA,NA,NA,NA,NA,NA,NA
27999,693713,Emiliano Teodo,2026,25,1,0,1.667,10,3,2,0,1,2,0,0,0.429,60,5.502,7.313,0,99.52,NA,NA,27.273,25.581,6.448,RP,109.2,0,0,6.448,10,20,-10,10.8,4.352,5.298,NA,NA,NA,NA,NA,NA,NA,NA,NA,NA,NA,NA,NA,NA,NA,NA,NA,NA,NA,NA,NA,NA,NA,NA,pitcher,NA,NA,NA,NA,NA,NA,NA,NA,NA,NA
30195,680916,Franco Aleman,2026,26,21,0,22.333,103,25,11,4,28,10,0,4,0.368,80.838,4.804,4.435,0.138,96.124,NA,NA,29.297,27.869,4.455,RP,104.2,4,6.557,4.455,27.184,9.709,17.476,4.433,-0.022,-0.371,NA,NA,NA,NA,NA,NA,NA,NA,NA,NA,NA,NA,NA,NA,NA,NA,NA,NA,NA,NA,NA,NA,NA,NA,pitcher,NA,NA,NA,NA,NA,NA,NA,NA,NA,NA
26389,687792,DJ Herz,2026,25,1,1,4,19,5,4,1,4,2,0,0,0.333,53.571,5.852,5.243,0.143,93.033,NA,NA,26.471,25.397,8.381,SP,105,3,23.077,8.381,21.053,10.526,10.526,9,0.619,3.148,4.184,27.749,9.424,18.325,3.26,0.924,3.708,0.476,8.017,32.561,0.288,70.281,28.292,0.107,4.816,-6.696,1.102,-7.798,5.121,-6.09,-2.896,15.06,-16.71,0.046,pitcher,4.473,-5.34,0.087,-5.427,4.81,-6.683,-2.095,14.925,-16.417,0.045
26215,671131,Jackson Rutledge,2026,27,1,0,1.333,12,6,7,0,2,2,0,0,0.75,12.5,4.602,5.734,0,94.667,87.5,85.833,30.435,34.091,8.211,RP,104.2,1,12.5,8.211,16.667,16.667,0,47.25,39.039,42.648,3.333,26.471,5.882,20.588,5.14,-1.807,3.646,-0.313,9.091,31.169,0.333,83.333,29.496,0.167,43.917,-9.804,10.784,-20.588,3.071,-0.734,4.595,3.409,-70.833,0.417,pitcher,43.573,-8.447,9.769,-18.217,2.76,-1.327,5.395,3.274,-70.54,0.416
27481,677961,Cole Wilcox,2026,26,23,0,27,123,27,12,2,28,17,1,2,0.338,76.389,4.102,4.145,0.111,96.629,NA,NA,34.276,30.533,5.484,RP,104.3,5,6.579,5.484,22.764,13.821,8.943,4,-1.484,-0.102,NA,NA,NA,NA,NA,NA,NA,NA,NA,NA,NA,NA,NA,NA,NA,NA,NA,NA,NA,NA,NA,NA,NA,NA,pitcher,NA,NA,NA,NA,NA,NA,NA,NA,NA,NA
21464,663494,Bryan Torres,2026,28,1,0,2,8,1,0,0,0,1,0,0,0.143,100,4.602,6.866,0,43.833,NA,NA,46.667,0,14.818,RP,108.2,0,0,14.818,0,12.5,-12.5,0,-14.818,-4.602,NA,NA,NA,NA,NA,NA,NA,NA,NA,NA,NA,NA,NA,NA,NA,NA,NA,NA,NA,NA,NA,NA,NA,NA,pitcher,NA,NA,NA,NA,NA,NA,NA,NA,NA,NA
26143,687859,Troy Johnston,2026,29,2,0,2,9,1,0,0,0,1,0,1,0.143,100,6.102,8.366,0,73.686,NA,NA,50,20,3.495,RP,101.1,0,0,3.495,0,11.111,-11.111,0,-3.495,-6.102,NA,NA,NA,NA,NA,NA,NA,NA,NA,NA,NA,NA,NA,NA,NA,NA,NA,NA,NA,NA,NA,NA,NA,NA,pitcher,NA,NA,NA,NA,NA,NA,NA,NA,NA,NA
21546,663795,Justin Hagenman,2026,29,3,1,8,33,8,3,2,4,2,0,0,0.24,97.222,6.102,5.682,0.133,90.945,84.333,NA,34.94,19.697,6.261,RP,104.9,4,14.815,6.261,12.121,6.061,6.061,3.375,-2.886,-2.727,NA,NA,NA,NA,NA,NA,NA,NA,NA,NA,NA,NA,NA,NA,NA,NA,NA,NA,NA,NA,NA,NA,NA,NA,pitcher,NA,NA,NA,NA,NA,NA,NA,NA,NA,NA
30142,680951,Doug Nikhazy,2026,26,1,0,2,9,1,1,0,1,2,0,0,0.167,66.667,5.102,5.857,0,87.208,NA,NA,8,23.077,3.535,RP,112.7,0,0,3.535,11.111,22.222,-11.111,4.5,0.965,-0.602,NA,NA,NA,NA,NA,NA,NA,NA,NA,NA,NA,NA,NA,NA,NA,NA,NA,NA,NA,NA,NA,NA,NA,NA,pitcher,NA,NA,NA,NA,NA,NA,NA,NA,NA,NA
23691,677588,Jose Tena,2026,25,1,0,1,5,2,1,0,0,1,0,0,0.5,66.667,6.102,7.611,0,39.182,NA,NA,22.222,0,8.843,RP,100,0,0,8.843,0,20,-20,9,0.157,2.898,NA,NA,NA,NA,NA,NA,NA,NA,NA,NA,NA,NA,NA,NA,NA,NA,NA,NA,NA,NA,NA,NA,NA,NA,pitcher,NA,NA,NA,NA,NA,NA,NA,NA,NA,NA
24488,680474,Max Schuemann,2026,29,1,0,1,5,1,0,0,0,1,0,0,0.25,100,6.102,9.12,0,47.571,NA,NA,30.769,14.286,8.843,RP,94.3,0,0,8.843,0,20,-20,0,-8.843,-6.102,NA,NA,NA,NA,NA,NA,NA,NA,NA,NA,NA,NA,NA,NA,NA,NA,NA,NA,NA,NA,NA,NA,NA,NA,pitcher,NA,NA,NA,NA,NA,NA,NA,NA,NA,NA
31676,687931,Carson Whisenhunt,2026,25,8,8,34.667,164,41,25,5,26,21,0,1,0.324,66.071,5.381,5.639,0.102,92.835,NA,NA,32.124,27.715,5.966,SP,104.3,9,7.759,5.966,15.854,12.805,3.049,6.49,0.524,1.109,NA,NA,NA,NA,NA,NA,NA,NA,NA,NA,NA,NA,NA,NA,NA,NA,NA,NA,NA,NA,NA,NA,NA,NA,pitcher,NA,NA,NA,NA,NA,NA,NA,NA,NA,NA
18042,664238,Dylan Moore,2026,33,2,0,1.667,8,1,1,0,0,1,0,1,0.167,66.667,6.702,7.608,0,46.1,NA,NA,31.25,14.286,6.409,RP,98,0,0,6.409,0,12.5,-12.5,5.4,-1.009,-1.302,NA,NA,NA,NA,NA,NA,NA,NA,NA,NA,NA,NA,NA,NA,NA,NA,NA,NA,NA,NA,NA,NA,NA,NA,pitcher,NA,NA,NA,NA,NA,NA,NA,NA,NA,NA
18054,664059,Sam Haggerty,2026,32,1,0,1,3,0,0,0,0,0,0,1,0,100,6.102,6.102,0,34.5,NA,NA,40,50,3.21,RP,70.5,0,0,3.21,0,0,0,0,-3.21,-6.102,NA,NA,NA,NA,NA,NA,NA,NA,NA,NA,NA,NA,NA,NA,NA,NA,NA,NA,NA,NA,NA,NA,NA,NA,pitcher,NA,NA,NA,NA,NA,NA,NA,NA,NA,NA
33785,694795,Josh Ekness,2026,24,29,0,29.667,131,23,11,2,23,20,2,2,0.256,68.72,4.653,5.659,0.054,98.125,NA,NA,25.733,26.542,4.017,RP,102.2,5,5.814,4.017,17.557,15.267,2.29,3.337,-0.68,-1.316,NA,NA,NA,NA,NA,NA,NA,NA,NA,NA,NA,NA,NA,NA,NA,NA,NA,NA,NA,NA,NA,NA,NA,NA,pitcher,NA,NA,NA,NA,NA,NA,NA,NA,NA,NA
18363,645302,Victor Robles,2026,29,1,0,1,9,5,3,0,0,1,0,0,0.625,50,6.102,7.611,0,60.5,NA,NA,18.75,23.077,13.751,RP,103,0,0,13.751,0,11.111,-11.111,27,13.249,20.898,NA,NA,NA,NA,NA,NA,NA,NA,NA,NA,NA,NA,NA,NA,NA,NA,NA,NA,NA,NA,NA,NA,NA,NA,pitcher,NA,NA,NA,NA,NA,NA,NA,NA,NA,NA
25376,683232,Nick Mears,2026,29,21,0,19.333,83,18,11,2,15,11,1,0,0.296,68.702,4.602,4.741,0.105,94.53,NA,NA,30.841,24.927,6.533,RP,104.9,7,12.281,6.533,18.072,13.253,4.819,5.121,-1.412,0.518,5.758,28.772,10.058,18.713,3.288,2.47,3.462,2.296,6.493,33.776,0.35,61.494,29.775,0.104,-0.637,-10.7,3.195,-13.894,3.245,-2.935,-4.848,5.788,7.209,-0.054,pitcher,-0.98,-9.343,2.179,-11.523,2.934,-3.528,-4.048,5.653,7.502,-0.054
29628,689690,Alek Jacob,2026,28,3,0,5,23,5,3,1,6,2,0,1,0.308,75.758,5.102,4.615,0.143,84.148,NA,NA,43.86,32.184,3.085,RP,102.3,1,7.143,3.085,26.087,8.696,17.391,5.4,2.315,0.298,2.368,34.254,3.867,30.387,2.627,-0.259,2.205,0.163,2.779,27.724,0.229,78.825,36.205,0.063,3.032,-8.167,4.828,-12.995,0.457,16.136,-4.021,4.364,-3.067,0.079,pitcher,2.688,-6.811,3.813,-10.624,0.146,15.543,-3.221,4.229,-2.774,0.078
21894,666619,Gregory Santos,2026,26,3,0,5,22,5,2,0,1,3,0,0,0.278,37.5,4.502,6.011,0,97,NA,NA,17.073,20.93,6.277,RP,108,0,0,6.277,4.545,13.636,-9.091,3.6,-2.677,-0.902,3.81,21.99,5.236,16.754,3.108,0.702,2.578,1.232,1.811,35.291,0.329,66.706,29.886,0.036,-0.21,-17.444,8.401,-25.845,3.168,-18.218,-8.956,-1.811,-29.206,-0.051,pitcher,-0.553,-16.088,7.386,-23.473,2.857,-18.811,-8.156,-1.946,-28.913,-0.052
25480,686678,Chase Solesky,2026,28,1,0,3,17,6,2,1,4,1,0,0,0.455,89.286,5.769,3.448,0.25,93.25,87.444,NA,4.348,31.034,5.437,RP,102.6,1,8.333,5.437,23.529,5.882,17.647,6,0.563,0.231,NA,NA,NA,NA,NA,NA,NA,NA,NA,NA,NA,NA,NA,NA,NA,NA,NA,NA,NA,NA,NA,NA,NA,NA,pitcher,NA,NA,NA,NA,NA,NA,NA,NA,NA,NA
14706,607455,Anthony Banda,2026,32,39,0,34.333,156,31,17,3,33,15,1,8,0.292,70.281,4.326,5.036,0.071,94.681,NA,NA,30.585,26.273,4.488,RP,103.1,7,7,4.488,21.154,9.615,11.538,4.456,-0.032,0.131,3.11,23.923,8.612,15.311,3.26,-0.15,3.67,-0.56,6.475,35.927,0.291,78.947,28.424,0.1,1.347,-2.77,1.003,-3.773,1.228,-5.342,-2.151,0.525,-8.666,0.001,pitcher,1.003,-1.413,-0.012,-1.401,0.917,-5.934,-1.351,0.39,-8.373,-0
21573,663884,Nolan Kingham,2026,29,1,0,1,6,1,1,0,1,2,0,0,0.333,66.667,7.102,10.12,0,95.312,NA,NA,26.667,22.727,4.741,RP,92.1,0,0,4.741,16.667,33.333,-16.667,9,4.259,1.898,NA,NA,NA,NA,NA,NA,NA,NA,NA,NA,NA,NA,NA,NA,NA,NA,NA,NA,NA,NA,NA,NA,NA,NA,pitcher,NA,NA,NA,NA,NA,NA,NA,NA,NA,NA
21324,656786,Parker Mushinski,2026,30,8,0,6.667,34,9,2,0,0,5,0,0,0.31,85.714,5.352,7.842,0,92,88.727,NA,25,23.022,6.869,RP,103.7,1,3.448,6.869,0,14.706,-14.706,2.7,-4.169,-2.652,NA,NA,NA,NA,NA,NA,NA,NA,NA,NA,NA,NA,NA,NA,NA,NA,NA,NA,NA,NA,NA,NA,NA,NA,pitcher,NA,NA,NA,NA,NA,NA,NA,NA,NA,NA
32015,702047,Alex Cook,2026,25,4,0,5.667,24,4,3,1,5,2,0,0,0.188,65.217,4.691,5.059,0.1,95.424,NA,NA,25,27.551,2.045,RP,101.8,1,5.882,2.045,20.833,8.333,12.5,4.765,2.72,0.074,NA,NA,NA,NA,NA,NA,NA,NA,NA,NA,NA,NA,NA,NA,NA,NA,NA,NA,NA,NA,NA,NA,NA,NA,pitcher,NA,NA,NA,NA,NA,NA,NA,NA,NA,NA
23265,675989,Cody Bolton,2026,28,8,3,20,95,21,12,3,22,14,0,1,0.333,75.472,5.102,4.888,0.13,94.775,90.819,NA,26.068,24.808,6.439,RP,104.1,6,10.345,6.439,23.158,14.737,8.421,5.4,-1.039,0.298,NA,NA,NA,NA,NA,NA,NA,NA,NA,NA,NA,NA,NA,NA,NA,NA,NA,NA,NA,NA,NA,NA,NA,NA,pitcher,NA,NA,NA,NA,NA,NA,NA,NA,NA,NA
12857,542888,Shawn Armstrong,2026,35,41,0,35.333,154,29,18,4,34,19,1,2,0.266,69.82,4.432,4.797,0.093,93.618,90.02,NA,29.661,23.248,4.195,RP,103.1,7,7.071,4.195,22.078,12.338,9.74,4.585,0.39,0.152,4.166,23.077,7.875,15.201,4.644,-0.478,3.377,0.789,7.909,35.208,0.341,71.289,26.303,0.068,0.419,-0.999,4.462,-5.461,-0.449,-5.547,-3.054,-0.838,-1.469,-0.075,pitcher,0.076,0.357,3.447,-3.09,-0.76,-6.14,-2.254,-0.973,-1.176,-0.076
27497,682997,Tyler Callihan,2026,26,4,0,3,15,3,0,0,1,3,0,0,0.273,100,5.436,8.454,0,69.943,NA,NA,26.19,13.208,6.458,RP,100.2,0,0,6.458,6.667,20,-13.333,0,-6.458,-5.436,NA,NA,NA,NA,NA,NA,NA,NA,NA,NA,NA,NA,NA,NA,NA,NA,NA,NA,NA,NA,NA,NA,NA,NA,pitcher,NA,NA,NA,NA,NA,NA,NA,NA,NA,NA
13185,606115,Orlando Arcia,2026,31,1,0,1,5,1,1,0,0,2,0,0,0.333,66.667,9.102,10.611,0,50.643,NA,NA,9.091,21.429,7.861,RP,92.2,0,0,7.861,0,40,-40,9,1.139,-0.102,NA,NA,NA,NA,NA,NA,NA,NA,NA,NA,NA,NA,NA,NA,NA,NA,NA,NA,NA,NA,NA,NA,NA,NA,pitcher,NA,NA,NA,NA,NA,NA,NA,NA,NA,NA
22505,671083,Buddy Kennedy,2026,27,1,0,1,9,4,4,0,0,2,0,0,0.571,33.333,9.102,13.629,0,64.692,NA,NA,33.333,12.821,14.703,RP,100.3,1,14.286,14.703,0,22.222,-22.222,36,21.297,26.898,NA,NA,NA,NA,NA,NA,NA,NA,NA,NA,NA,NA,NA,NA,NA,NA,NA,NA,NA,NA,NA,NA,NA,NA,pitcher,NA,NA,NA,NA,NA,NA,NA,NA,NA,NA
21584,663941,Tristan Beck,2026,30,14,0,19,83,21,11,2,9,5,0,1,0.292,66.116,4.471,5.167,0.077,94.845,NA,NA,33.69,23.642,4.361,RP,103.4,6,8.824,4.361,10.843,6.024,4.819,5.211,0.849,0.74,3.113,19.82,5.946,13.874,3.752,-0.639,3.99,-0.877,9.378,33.558,0.279,81.527,26.927,0.089,2.098,-8.976,0.078,-9.055,0.61,0.132,-3.284,-0.554,-15.411,0.014,pitcher,1.754,-7.62,-0.937,-6.683,0.298,-0.461,-2.484,-0.689,-15.118,0.013
13361,571927,Steven Matz,2026,35,36,11,80.333,342,74,49,15,61,25,0,2,0.248,63.75,5.019,4.395,0.156,93.656,NA,NA,32.473,25.874,5.038,RP,104.3,27,10.63,5.038,17.836,7.31,10.526,5.49,0.452,0.47,NA,NA,NA,NA,NA,NA,NA,NA,NA,NA,NA,NA,NA,NA,NA,NA,NA,NA,NA,NA,NA,NA,NA,NA,pitcher,NA,NA,NA,NA,NA,NA,NA,NA,NA,NA
20198,641386,Ben Bowden,2026,31,1,0,1,8,2,4,0,0,2,0,1,0.4,20,12.102,15.12,0,93.929,NA,NA,17.857,17.5,16.964,RP,112.4,1,20,16.964,0,25,-25,36,19.036,23.898,NA,NA,NA,NA,NA,NA,NA,NA,NA,NA,NA,NA,NA,NA,NA,NA,NA,NA,NA,NA,NA,NA,NA,NA,pitcher,NA,NA,NA,NA,NA,NA,NA,NA,NA,NA
31687,681343,Shane Smith,2026,26,3,3,8.333,49,12,10,1,11,9,0,1,0.423,48.544,5.622,5.873,0.1,95.67,NA,NA,30.075,28.889,4.734,SP,104.8,0,0,4.734,22.449,18.367,4.082,10.8,6.066,5.178,NA,NA,NA,NA,NA,NA,NA,NA,NA,NA,NA,NA,NA,NA,NA,NA,NA,NA,NA,NA,NA,NA,NA,NA,pitcher,NA,NA,NA,NA,NA,NA,NA,NA,NA,NA
19593,662144,Brian Keller,2026,32,1,0,3,11,2,1,1,3,0,0,0,0.143,166.667,5.436,3.617,0.2,91.75,87.308,NA,47.368,20.513,5.711,RP,109,2,25,5.711,27.273,0,27.273,3,-2.711,-2.436,NA,NA,NA,NA,NA,NA,NA,NA,NA,NA,NA,NA,NA,NA,NA,NA,NA,NA,NA,NA,NA,NA,NA,NA,pitcher,NA,NA,NA,NA,NA,NA,NA,NA,NA,NA
18217,664954,Brett Sullivan,2026,32,7,0,7.667,34,11,4,1,1,2,0,0,0.333,77.586,5.32,5.986,0.083,61.479,NA,NA,38.182,20.213,8.767,RP,101.7,3,9.677,8.767,2.941,5.882,-2.941,4.696,-4.071,-0.624,NA,NA,NA,NA,NA,NA,NA,NA,NA,NA,NA,NA,NA,NA,NA,NA,NA,NA,NA,NA,NA,NA,NA,NA,pitcher,NA,NA,NA,NA,NA,NA,NA,NA,NA,NA
22713,672578,Carlos Hernandez,2026,29,2,0,3,14,5,2,1,4,1,0,0,0.5,86.957,5.769,2.442,0.5,98.5,NA,88,27.586,19.608,15.626,RP,106,2,22.222,15.626,28.571,7.143,21.429,6,-9.626,0.231,4.163,22.999,11.499,11.499,4.21,-0.047,3.842,0.32,9.646,31.785,0.28,66.247,25.82,0.066,1.837,5.573,-4.356,9.929,11.417,-4.198,-6.212,12.576,20.71,0.22,pitcher,1.494,6.929,-5.371,12.301,11.105,-4.791,-5.412,12.442,21.003,0.22
26270,686796,Blake Walston,2026,25,2,0,3,13,1,1,0,2,3,2,0,0.125,50,4.769,6.781,0,91.556,85.062,NA,12,28.571,4.436,RP,107.7,1,12.5,4.436,15.385,23.077,-7.692,3,-1.436,-1.769,NA,NA,NA,NA,NA,NA,NA,NA,NA,NA,NA,NA,NA,NA,NA,NA,NA,NA,NA,NA,NA,NA,NA,NA,pitcher,NA,NA,NA,NA,NA,NA,NA,NA,NA,NA
25463,682227,Brandon Williamson,2026,28,11,8,49.667,215,43,27,8,33,27,1,4,0.245,70.064,5.74,5.621,0.123,92.935,89.554,NA,28.317,25.15,5.877,SP,105.6,14,9.272,5.877,15.349,12.558,2.791,4.893,-0.985,-0.847,4.462,19.959,7.943,12.016,4.73,-0.268,4.631,-0.17,8.239,28.877,0.278,70.189,26.289,0.122,0.431,-4.61,4.615,-9.226,1.147,-0.56,-1.138,1.033,-0.126,-0.034,pitcher,0.088,-3.254,3.6,-6.854,0.836,-1.152,-0.338,0.898,0.168,-0.034
30016,697812,Joe Rock,2026,25,5,0,10.333,56,12,6,0,12,13,0,2,0.414,74.074,5.135,6.887,0,93.456,NA,NA,19.492,25.592,7.354,RP,103.3,1,3.448,7.354,21.429,23.214,-1.786,5.226,-2.128,0.091,NA,NA,NA,NA,NA,NA,NA,NA,NA,NA,NA,NA,NA,NA,NA,NA,NA,NA,NA,NA,NA,NA,NA,NA,pitcher,NA,NA,NA,NA,NA,NA,NA,NA,NA,NA
31942,671382,Cameron Foster,2026,27,6,0,9,49,17,9,1,9,8,0,0,0.516,63.559,5.213,5.278,0.111,96.173,89.947,NA,28.205,26.984,4.85,RP,103,2,6.25,4.85,18.367,16.327,2.041,9,4.15,3.787,NA,NA,NA,NA,NA,NA,NA,NA,NA,NA,NA,NA,NA,NA,NA,NA,NA,NA,NA,NA,NA,NA,NA,NA,pitcher,NA,NA,NA,NA,NA,NA,NA,NA,NA,NA
21844,666129,Braxton Garrett,2026,28,2,2,4.333,28,7,7,0,5,8,0,0,0.467,53.333,6.333,8.423,0,91.431,NA,NA,22.619,19.231,6.706,SP,105.9,2,13.333,6.706,17.857,28.571,-10.714,14.538,7.832,8.205,4.363,22.592,3.59,19.002,4.517,-0.153,3.738,0.626,8.071,33.469,0.306,68.976,29.283,0.148,10.175,-4.735,24.981,-29.716,2.19,-10.85,-10.052,5.262,-15.643,0.161,pitcher,9.832,-3.378,23.966,-27.345,1.878,-11.443,-9.252,5.127,-15.349,0.16
15947,592773,Ryne Stanek,2026,34,70,0,62.667,267,52,28,9,65,32,1,2,0.272,74.932,4.523,4.221,0.138,97.915,NA,90.041,33.333,25.487,4.085,RP,104.8,13,7.738,4.085,24.345,11.985,12.36,4.021,-0.064,-0.501,4.124,23.944,9.859,14.085,4.04,0.084,4.597,-0.474,7.143,31.753,0.258,75.758,25.202,0.104,-0.102,0.401,2.126,-1.725,0.045,1.581,0.284,0.595,-0.826,0.015,pitcher,-0.446,1.757,1.111,0.647,-0.267,0.988,1.085,0.46,-0.533,0.014
13470,608371,Lucas Sims,2026,32,9,0,10,46,9,5,1,10,7,0,1,0.32,64.103,4.802,5.011,0.1,94.114,NA,88.5,27.184,26.316,4.668,RP,103.4,2,7.143,4.668,21.739,15.217,6.522,4.5,-0.168,-0.302,3.098,27.907,15.116,12.791,3.82,-0.722,4.37,-1.271,8.759,30.853,0.212,78.667,28.922,0.061,1.402,-6.168,0.101,-6.269,0.848,-3.668,-2.607,-1.616,-14.564,0.108,pitcher,1.058,-4.811,-0.914,-3.897,0.536,-4.261,-1.806,-1.751,-14.271,0.107
18341,642759,Julian Fernandez,2026,30,3,0,4,18,3,1,1,3,2,0,0,0.167,55.556,6.352,6.498,0.111,96.405,NA,NA,29.787,26.761,3.802,RP,102.9,1,7.692,3.802,16.667,11.111,5.556,2.25,-1.552,-4.102,NA,NA,NA,NA,NA,NA,NA,NA,NA,NA,NA,NA,NA,NA,NA,NA,NA,NA,NA,NA,NA,NA,NA,NA,pitcher,NA,NA,NA,NA,NA,NA,NA,NA,NA,NA
26079,689225,Beau Brieske,2026,28,17,0,22.667,91,20,12,5,21,6,0,0,0.254,73.684,4.911,3.774,0.192,95.704,NA,NA,34.615,24.93,3.766,RP,104.4,5,7.812,3.766,23.077,6.593,16.484,4.765,0.998,-0.146,3.614,23.848,10.22,13.627,3.4,0.214,3.581,0.032,5.522,33.471,0.287,71.552,25.44,0.071,1.151,-0.771,-3.627,2.856,0.366,1.144,-0.51,2.291,2.132,-0.033,pitcher,0.808,0.586,-4.642,5.228,0.055,0.552,0.29,2.156,2.426,-0.034
29114,699151,Jedixson Paez,2026,22,5,1,11.667,57,17,14,4,8,5,0,0,0.325,48.78,7.474,5.474,0.211,91.734,87.095,NA,32.308,23.144,8.2,RP,107.3,7,15.909,8.2,14.035,8.772,5.263,10.8,2.6,3.326,NA,NA,NA,NA,NA,NA,NA,NA,NA,NA,NA,NA,NA,NA,NA,NA,NA,NA,NA,NA,NA,NA,NA,NA,pitcher,NA,NA,NA,NA,NA,NA,NA,NA,NA,NA
31730,686563,Jonathan Cannon,2026,25,2,0,3,18,4,3,0,4,5,0,0,0.444,66.667,5.436,7.448,0,94.698,87.4,NA,30.769,21.25,7.747,RP,109.5,1,11.111,7.747,22.222,27.778,-5.556,9,1.253,3.564,NA,NA,NA,NA,NA,NA,NA,NA,NA,NA,NA,NA,NA,NA,NA,NA,NA,NA,NA,NA,NA,NA,NA,NA,pitcher,NA,NA,NA,NA,NA,NA,NA,NA,NA,NA
17620,664702,Myles Straw,2026,31,4,0,4,20,8,2,1,0,1,0,0,0.389,92.105,7.102,5.739,0.2,42.852,NA,NA,38.298,14.815,5.846,RP,98.1,1,5.263,5.846,0,5,-5,4.5,-1.346,-2.602,NA,NA,NA,NA,NA,NA,NA,NA,NA,NA,NA,NA,NA,NA,NA,NA,NA,NA,NA,NA,NA,NA,NA,NA,pitcher,NA,NA,NA,NA,NA,NA,NA,NA,NA,NA
24458,679922,Carlos Duran,2026,24,2,0,1.333,9,2,2,0,1,3,0,0,0.4,60,8.352,8.352,0,95.077,NA,NA,19.231,22.857,4.766,RP,92.2,0,0,4.766,11.111,33.333,-22.222,13.5,8.734,5.148,NA,NA,NA,NA,NA,NA,NA,NA,NA,NA,NA,NA,NA,NA,NA,NA,NA,NA,NA,NA,NA,NA,NA,NA,pitcher,NA,NA,NA,NA,NA,NA,NA,NA,NA,NA
19388,664062,Tony Gonsolin,2026,32,1,0,2.667,15,4,5,1,5,3,0,0,0.5,35.714,7.602,3.859,0.5,91.919,NA,82.75,24.39,30.159,5.868,RP,109.1,1,14.286,5.868,33.333,20,13.333,16.875,11.007,9.273,NA,NA,NA,NA,NA,NA,NA,NA,NA,NA,NA,NA,NA,NA,NA,NA,NA,NA,NA,NA,NA,NA,NA,NA,pitcher,NA,NA,NA,NA,NA,NA,NA,NA,NA,NA
26117,680604,Blas Castano,2026,27,15,0,27.333,111,27,11,4,21,9,0,2,0.307,80.247,4.675,4.319,0.143,94.286,90.578,NA,30.04,26.739,5.939,RP,103.7,7,8.861,5.939,18.919,8.108,10.811,3.622,-2.317,-1.054,NA,NA,NA,NA,NA,NA,NA,NA,NA,NA,NA,NA,NA,NA,NA,NA,NA,NA,NA,NA,NA,NA,NA,NA,pitcher,NA,NA,NA,NA,NA,NA,NA,NA,NA,NA
18674,663765,Jake Woodford,2026,29,19,0,27.667,134,43,24,5,25,8,0,0,0.4,61.364,4.512,3.853,0.161,93.577,90.244,85.217,29.455,25.773,6.196,RP,104,9,8.911,6.196,18.657,5.97,12.687,7.807,1.611,3.295,NA,NA,NA,NA,NA,NA,NA,NA,NA,NA,NA,NA,NA,NA,NA,NA,NA,NA,NA,NA,NA,NA,NA,NA,pitcher,NA,NA,NA,NA,NA,NA,NA,NA,NA,NA
27589,671106,Logan Allen,2026,27,7,2,16.667,81,23,11,3,16,6,0,2,0.37,63.433,4.962,4.614,0.136,90.471,84.855,82.614,32.065,24.923,4.21,RP,106.2,5,8.772,4.21,19.753,7.407,12.346,5.94,1.73,0.978,NA,NA,NA,NA,NA,NA,NA,NA,NA,NA,NA,NA,NA,NA,NA,NA,NA,NA,NA,NA,NA,NA,NA,NA,pitcher,NA,NA,NA,NA,NA,NA,NA,NA,NA,NA
13324,545121,Ildemaro Vargas,2026,34,3,0,3.667,17,3,2,0,0,3,0,1,0.231,71.429,6.375,9.256,0,56.021,NA,NA,19.444,14.583,6.389,RP,99,1,7.692,6.389,0,17.647,-17.647,4.909,-1.48,-1.466,NA,NA,NA,NA,NA,NA,NA,NA,NA,NA,NA,NA,NA,NA,NA,NA,NA,NA,NA,NA,NA,NA,NA,NA,pitcher,NA,NA,NA,NA,NA,NA,NA,NA,NA,NA
13346,571948,Hoby Milner,2026,35,43,0,40,169,40,17,5,24,10,1,3,0.28,78.261,4.502,4.5,0.116,86.945,NA,NA,31.233,26.852,5.316,RP,103.4,8,6.061,5.316,14.201,5.917,8.284,3.825,-1.491,-0.677,4.032,23.769,5.208,18.561,3.171,0.861,3.134,0.898,3.5,30.398,0.299,64.311,29.13,0.108,-0.207,-9.568,0.709,-10.277,2.145,0.834,-2.278,2.561,13.95,-0.019,pitcher,-0.55,-8.211,-0.306,-7.905,1.834,0.242,-1.478,2.426,14.243,-0.02
23988,678576,Wilkin Ramos,2026,25,2,0,2,15,5,5,0,1,4,0,0,0.5,44.444,8.102,8.857,0,94.82,90.5,NA,31.579,31.148,10.545,RP,101.4,0,0,10.545,6.667,26.667,-20,22.5,11.955,14.398,NA,NA,NA,NA,NA,NA,NA,NA,NA,NA,NA,NA,NA,NA,NA,NA,NA,NA,NA,NA,NA,NA,NA,NA,pitcher,NA,NA,NA,NA,NA,NA,NA,NA,NA,NA
29564,687287,Patrick Monteverde,2026,28,1,0,4,18,5,4,1,2,1,0,0,0.286,43.478,6.102,6.625,0.1,89.667,85.727,81.083,30.556,10.769,3.964,RP,99,1,6.667,3.964,11.111,5.556,5.556,9,5.036,2.898,NA,NA,NA,NA,NA,NA,NA,NA,NA,NA,NA,NA,NA,NA,NA,NA,NA,NA,NA,NA,NA,NA,NA,NA,pitcher,NA,NA,NA,NA,NA,NA,NA,NA,NA,NA
26253,669194,Ryne Nelson,2026,28,18,15,86.333,368,83,46,18,64,24,1,5,0.254,67.972,5.338,4.97,0.134,96.375,93.045,NA,38.81,22.247,5.355,SP,104.6,28,10.182,5.355,17.391,6.522,10.87,4.795,-0.56,-0.542,4.511,18.892,5.899,12.993,4.441,0.069,4.065,0.445,8.521,32.624,0.306,70.583,24.167,0.104,0.285,-1.501,0.623,-2.124,0.914,6.186,-1.92,1.661,-2.61,-0.052,pitcher,-0.059,-0.144,-0.392,0.248,0.602,5.593,-1.12,1.526,-2.317,-0.052
30166,694397,Marco Raya,2026,23,3,0,6,25,5,2,1,4,3,0,0,0.235,90.909,5.436,4.778,0.167,94.689,87,NA,32.308,27,5.016,RP,103.6,1,5.556,5.016,16,12,4,3,-2.016,-2.436,NA,NA,NA,NA,NA,NA,NA,NA,NA,NA,NA,NA,NA,NA,NA,NA,NA,NA,NA,NA,NA,NA,NA,NA,pitcher,NA,NA,NA,NA,NA,NA,NA,NA,NA,NA
28036,681432,Luke Little,2026,25,1,0,1,5,2,1,1,1,0,0,0,0.333,166.667,14.102,2.611,1,96,NA,NA,44.444,36.842,15.846,RP,107.8,1,25,15.846,20,0,20,9,-6.846,-5.102,3.207,26.891,16.246,10.644,3.63,-0.423,3.871,-0.664,3.751,24.174,0.253,75.3,32.509,0.07,5.793,-6.891,-16.246,9.356,12.216,20.27,4.333,21.249,91.367,0.08,pitcher,5.45,-5.534,-17.262,11.727,11.904,19.677,5.134,21.114,91.66,0.079
25589,671111,Sammy Peralta,2026,28,15,1,21.333,102,30,16,4,23,7,0,4,0.413,67.797,4.93,4.191,0.167,88.722,NA,NA,32.474,28.691,5.797,RP,104,4,5.882,5.797,22.549,6.863,15.686,6.75,0.953,1.82,4.05,20,12.222,7.778,4.04,0.01,4.405,-0.355,3.279,30.942,0.288,69.853,27.441,0.087,2.7,2.549,-5.359,7.908,1.757,1.533,1.25,2.604,-2.056,0.125,pitcher,2.357,3.905,-6.375,10.28,1.445,0.94,2.051,2.469,-1.763,0.124
29000,699008,Antwone Kelly,2026,22,7,0,16.333,71,17,8,2,12,7,0,1,0.306,76.577,4.694,4.488,0.133,98.638,NA,NA,30,24.335,4.788,RP,103.3,2,3.922,4.788,16.901,9.859,7.042,4.408,-0.38,-0.286,NA,NA,NA,NA,NA,NA,NA,NA,NA,NA,NA,NA,NA,NA,NA,NA,NA,NA,NA,NA,NA,NA,NA,NA,pitcher,NA,NA,NA,NA,NA,NA,NA,NA,NA,NA
13435,572955,Pierce Johnson,2026,35,56,0,48.667,211,47,25,8,42,19,0,0,0.277,74.818,4.684,4.594,0.121,95.826,91,NA,35.565,29.286,4.896,RP,104,15,10,4.896,19.905,9.005,10.9,4.623,-0.273,-0.061,3.787,29.543,10.66,18.883,3.828,-0.041,3.69,0.098,7.359,31.348,0.323,74.965,31.383,0.133,0.836,-9.638,-1.655,-7.983,1.068,4.217,-2.097,2.641,-0.147,-0.047,pitcher,0.492,-8.281,-2.67,-5.611,0.757,3.624,-1.297,2.506,0.146,-0.047
21587,663967,Cesar Salazar,2026,30,1,0,1,4,1,1,1,0,0,0,0,0,NA,16.102,7.629,0.333,51.3,NA,NA,37.5,10,0.846,RP,98.1,0,0,0.846,0,0,0,9,8.154,-7.102,NA,NA,NA,NA,NA,NA,NA,NA,NA,NA,NA,NA,NA,NA,NA,NA,NA,NA,NA,NA,NA,NA,NA,NA,pitcher,NA,NA,NA,NA,NA,NA,NA,NA,NA,NA
32155,804619,John Klein,2026,24,4,0,8.333,35,5,2,1,7,6,0,0,0.19,72.917,5.142,5.393,0.1,94.765,86.846,NA,28.571,24.324,4.647,RP,103.4,2,9.091,4.647,20,17.143,2.857,2.16,-2.487,-2.982,NA,NA,NA,NA,NA,NA,NA,NA,NA,NA,NA,NA,NA,NA,NA,NA,NA,NA,NA,NA,NA,NA,NA,NA,pitcher,NA,NA,NA,NA,NA,NA,NA,NA,NA,NA
26344,688497,Taylor Rashi,2026,30,4,0,5.667,26,6,5,1,5,3,0,0,0.294,52.632,5.22,4.79,0.143,90.108,NA,85.267,39.583,31.818,5.625,RP,102.4,1,5.556,5.625,19.231,11.538,7.692,7.941,2.316,2.721,NA,NA,NA,NA,NA,NA,NA,NA,NA,NA,NA,NA,NA,NA,NA,NA,NA,NA,NA,NA,NA,NA,NA,NA,pitcher,NA,NA,NA,NA,NA,NA,NA,NA,NA,NA
25241,682445,Domingo Gonzalez,2026,26,5,0,7.667,36,9,4,1,5,5,0,0,0.333,79.365,5.45,5.723,0.1,92.889,NA,NA,24.658,20.155,10.153,RP,105.4,3,11.538,10.153,13.889,13.889,0,4.696,-5.457,-0.754,NA,NA,NA,NA,NA,NA,NA,NA,NA,NA,NA,NA,NA,NA,NA,NA,NA,NA,NA,NA,NA,NA,NA,NA,pitcher,NA,NA,NA,NA,NA,NA,NA,NA,NA,NA
21367,657265,Peter Strzelecki,2026,31,8,0,14,61,13,9,1,8,6,0,2,0.273,61.224,4.602,5.937,0.048,92.305,NA,NA,26.752,22.311,3.61,RP,102,2,4.444,3.61,13.115,9.836,3.279,5.786,2.176,1.183,3.442,21.053,6.908,14.145,4.599,-1.157,3.855,-0.413,8.139,28.868,0.297,79.381,24.853,0.085,2.344,-7.938,2.928,-10.866,-0.989,-2.116,-2.543,-3.695,-18.156,-0.024,pitcher,2,-6.581,1.913,-8.495,-1.301,-2.709,-1.742,-3.83,-17.863,-0.025
18694,663465,Kolby Allard,2026,28,4,0,8.667,45,16,10,2,9,3,1,1,0.467,58.14,5.41,4.151,0.2,89.65,82.975,NA,41.053,24.859,6.678,RP,108,5,15.625,6.678,20,6.667,13.333,10.385,3.706,4.975,NA,NA,NA,NA,NA,NA,NA,NA,NA,NA,NA,NA,NA,NA,NA,NA,NA,NA,NA,NA,NA,NA,NA,NA,pitcher,NA,NA,NA,NA,NA,NA,NA,NA,NA,NA
33197,810938,Ben Williamson,2026,25,5,0,5,21,5,2,1,0,1,0,0,0.211,86.957,6.302,7.022,0.091,49.9,NA,NA,27.586,24,6.013,RP,102.8,1,5,6.013,0,4.762,-4.762,3.6,-2.413,-2.702,NA,NA,NA,NA,NA,NA,NA,NA,NA,NA,NA,NA,NA,NA,NA,NA,NA,NA,NA,NA,NA,NA,NA,NA,pitcher,NA,NA,NA,NA,NA,NA,NA,NA,NA,NA
25942,677053,Andrew Nardi,2026,27,25,0,22.667,99,21,13,4,27,11,0,1,0.309,72.993,4.602,4.039,0.154,94.622,NA,NA,32.227,30.159,5.258,RP,106.4,8,13.333,5.258,27.273,11.111,16.162,5.162,-0.096,0.559,4.441,32.641,8.651,23.991,2.763,1.678,3.403,1.038,7.371,37.228,0.315,70.052,28.081,0.122,0.721,-5.369,2.461,-7.829,2.495,-5,2.077,5.962,2.941,-0.005,pitcher,0.378,-4.012,1.446,-5.458,2.184,-5.593,2.878,5.827,3.234,-0.006
21690,665795,Edward Cabrera,2026,28,18,15,80,350,83,53,16,71,36,0,2,0.3,63.895,5.352,4.28,0.198,96.554,NA,NA,32.606,24.834,5.395,SP,105.8,28,11.618,5.395,20.286,10.286,10,5.962,0.568,0.61,4.785,26.007,12.796,13.211,4.52,0.264,4.617,0.168,8.161,31.584,0.28,68.702,27.911,0.172,1.178,-5.721,-2.51,-3.211,0.874,1.022,-3.077,3.457,-4.808,0.021,pitcher,0.835,-4.365,-3.526,-0.839,0.563,0.429,-2.276,3.322,-4.515,0.02
18067,596117,Garrett Stubbs,2026,33,5,0,4.667,24,8,5,1,0,1,0,1,0.333,58.14,7.174,7.945,0.091,45.109,NA,NA,45.161,13.043,11.753,RP,105,2,9.091,11.753,0,4.167,-4.167,9.643,-2.11,2.469,NA,NA,NA,NA,NA,NA,NA,NA,NA,NA,NA,NA,NA,NA,NA,NA,NA,NA,NA,NA,NA,NA,NA,NA,pitcher,NA,NA,NA,NA,NA,NA,NA,NA,NA,NA
25782,686780,Pedro Pages,2026,27,2,0,2,7,2,1,1,0,0,0,0,0.167,166.667,9.602,5.366,0.333,50.375,NA,NA,57.143,12.5,22.365,RP,108.4,2,28.571,22.365,0,0,0,4.5,-17.865,-5.102,NA,NA,NA,NA,NA,NA,NA,NA,NA,NA,NA,NA,NA,NA,NA,NA,NA,NA,NA,NA,NA,NA,NA,NA,pitcher,NA,NA,NA,NA,NA,NA,NA,NA,NA,NA
20298,646242,Jhonathan Diaz,2026,29,1,0,1.333,6,2,1,1,1,0,0,0,0.25,166.667,11.352,3.866,0.5,88.733,NA,NA,18.182,32,10.412,RP,107.6,1,20,10.412,16.667,0,16.667,6.75,-3.662,-4.602,NA,NA,NA,NA,NA,NA,NA,NA,NA,NA,NA,NA,NA,NA,NA,NA,NA,NA,NA,NA,NA,NA,NA,NA,pitcher,NA,NA,NA,NA,NA,NA,NA,NA,NA,NA
21544,663767,Chase Shugart,2026,29,46,0,53.667,223,43,24,10,59,20,1,4,0.254,73.585,4.668,4.101,0.152,95.32,91.525,NA,26.613,29.988,3.784,RP,103.4,14,10,3.784,26.457,8.969,17.489,4.025,0.24,-0.643,4.39,22.222,8.333,13.889,3.31,1.08,3.859,0.531,4,44.944,0.292,72.917,21.127,0.071,-0.365,4.235,0.635,3.6,0.474,-18.331,8.862,6,0.668,-0.038,pitcher,-0.709,5.592,-0.38,5.971,0.163,-18.924,9.662,5.865,0.961,-0.038
31910,802408,Brycen Mautz,2026,24,8,1,15.333,75,18,10,2,19,11,0,2,0.4,74.468,4.863,4.644,0.133,93.494,NA,NA,24.731,28.146,5.557,RP,105.1,4,9.302,5.557,25.333,14.667,10.667,5.87,0.313,1.006,NA,NA,NA,NA,NA,NA,NA,NA,NA,NA,NA,NA,NA,NA,NA,NA,NA,NA,NA,NA,NA,NA,NA,NA,pitcher,NA,NA,NA,NA,NA,NA,NA,NA,NA,NA
18126,664774,LaMonte Wade Jr.,2026,32,1,0,1,6,3,2,1,0,0,0,0,0.4,62.5,16.102,7.629,0.333,40.909,NA,NA,20,9.091,24.543,RP,106.1,1,16.667,24.543,0,0,0,18,-6.543,1.898,NA,NA,NA,NA,NA,NA,NA,NA,NA,NA,NA,NA,NA,NA,NA,NA,NA,NA,NA,NA,NA,NA,NA,NA,pitcher,NA,NA,NA,NA,NA,NA,NA,NA,NA,NA
33458,688692,Jared Simpson,2026,26,4,1,4.333,20,1,5,0,4,7,0,0,0.111,37.5,6.102,6.799,0,94.638,NA,85.143,20.635,23.656,8.879,RP,106.7,0,0,8.879,20,35,-15,10.385,1.506,4.282,NA,NA,NA,NA,NA,NA,NA,NA,NA,NA,NA,NA,NA,NA,NA,NA,NA,NA,NA,NA,NA,NA,NA,NA,pitcher,NA,NA,NA,NA,NA,NA,NA,NA,NA,NA
26489,529017,Alexander Cornielle,2026,24,1,0,1,7,3,2,1,2,1,0,0,0.667,76.923,15.102,5.12,0.5,93.087,88.5,NA,27.778,17.647,25.088,RP,105.1,2,50,25.088,28.571,14.286,14.286,18,-7.088,2.898,NA,NA,NA,NA,NA,NA,NA,NA,NA,NA,NA,NA,NA,NA,NA,NA,NA,NA,NA,NA,NA,NA,NA,NA,pitcher,NA,NA,NA,NA,NA,NA,NA,NA,NA,NA
20666,642585,Felix Bautista,2026,31,2,0,1.667,10,4,3,1,3,1,0,0,0.6,55.556,9.102,3.113,0.5,95.308,NA,88.667,47.826,40.541,6.304,RP,105.7,1,16.667,6.304,30,10,20,16.2,9.896,7.098,1.475,46.414,10.97,35.443,2.08,-0.605,1.878,-0.403,8.081,35.966,0.274,83.969,35.02,0.085,14.725,-16.414,-0.97,-15.443,4.224,11.86,5.52,8.586,-28.414,0.326,pitcher,14.381,-15.057,-1.986,-13.072,3.913,11.267,6.321,8.451,-28.121,0.326
28489,692437,Winston Santos,2026,24,1,0,2,9,2,2,1,1,1,0,0,0.167,62.5,10.102,6.62,0.25,97.833,NA,NA,20,30.303,6.771,RP,101.9,1,14.286,6.771,11.111,11.111,0,9,2.229,-1.102,NA,NA,NA,NA,NA,NA,NA,NA,NA,NA,NA,NA,NA,NA,NA,NA,NA,NA,NA,NA,NA,NA,NA,NA,pitcher,NA,NA,NA,NA,NA,NA,NA,NA,NA,NA
17464,642546,Jonathan Hernandez,2026,29,16,0,25.333,109,21,16,4,22,13,2,0,0.243,63.38,4.958,4.632,0.138,97.149,NA,90.5,28.631,26.15,4.361,RP,103.1,4,5.405,4.361,20.183,11.927,8.257,5.684,1.323,0.727,5.481,23.129,10.204,12.925,4.96,0.521,4.55,0.931,9.574,27.746,0.344,70.248,30.199,0.121,0.203,-2.946,1.723,-4.668,-0.599,0.885,-4.049,-4.169,-6.868,-0.102,pitcher,-0.14,-1.589,0.707,-2.297,-0.91,0.292,-3.248,-4.304,-6.575,-0.102
27407,691548,Rolddy Munoz,2026,26,1,0,2,12,5,3,1,3,1,0,0,0.571,65.217,8.102,3.111,0.5,95.611,NA,NA,18.519,32.653,8.58,RP,108.1,2,25,8.58,25,8.333,16.667,13.5,4.92,5.398,NA,NA,NA,NA,NA,NA,NA,NA,NA,NA,NA,NA,NA,NA,NA,NA,NA,NA,NA,NA,NA,NA,NA,NA,pitcher,NA,NA,NA,NA,NA,NA,NA,NA,NA,NA
20794,655889,Manuel Rodriguez,2026,29,5,0,5.667,31,6,2,1,9,6,1,1,0.385,86.207,5.926,4.431,0.333,96.391,NA,NA,34.091,24.59,5.098,RP,108.9,1,6.667,5.098,29.032,19.355,9.677,3.176,-1.921,-2.749,2.177,21.519,6.962,14.557,3.41,-1.233,3.671,-1.493,2.778,31.412,0.248,78.431,28.099,0.086,0.999,7.513,12.393,-4.88,1.688,2.679,-3.509,3.889,7.776,0.137,pitcher,0.656,8.87,11.378,-2.508,1.376,2.086,-2.709,3.754,8.069,0.136
33515,814490,Ethan Pecko,2026,23,7,5,31.333,130,24,15,5,21,14,0,2,0.216,72.727,5.368,5.413,0.114,93.201,90.142,NA,32.059,22.119,4.97,SP,104.8,10,10.753,4.97,16.154,10.769,5.385,4.309,-0.662,-1.06,NA,NA,NA,NA,NA,NA,NA,NA,NA,NA,NA,NA,NA,NA,NA,NA,NA,NA,NA,NA,NA,NA,NA,NA,pitcher,NA,NA,NA,NA,NA,NA,NA,NA,NA,NA
11156,518876,Merrill Kelly,2026,37,29,29,162,704,166,89,28,113,70,2,4,0.285,73.207,5.325,4.903,0.143,92.232,91.065,NA,36.71,23.417,6.352,SP,105.4,57,11.025,6.352,16.051,9.943,6.108,4.944,-1.407,-0.38,3.72,23.181,7.768,15.413,4.549,-0.83,4.072,-0.352,9.377,34.558,0.275,74.839,26.759,0.136,1.225,-7.13,2.175,-9.305,1.802,2.152,-3.342,1.648,-1.632,0.009,pitcher,0.881,-5.774,1.16,-6.934,1.491,1.559,-2.541,1.513,-1.339,0.008
17610,663432,Tanner Rainey,2026,33,6,0,7,31,3,3,0,6,8,0,1,0.188,75,5.245,6.97,0,96.79,NA,NA,16.867,31.496,4.252,RP,99.8,0,0,4.252,19.355,25.806,-6.452,3.857,-0.395,-1.388,NA,NA,NA,NA,NA,NA,NA,NA,NA,NA,NA,NA,NA,NA,NA,NA,NA,NA,NA,NA,NA,NA,NA,NA,pitcher,NA,NA,NA,NA,NA,NA,NA,NA,NA,NA
26548,682668,Luisangel Acuna,2026,24,3,0,2.333,10,2,1,1,0,1,0,0,0.125,125,9.959,5.681,0.5,40.25,NA,NA,30.435,14.286,4.984,RP,99.4,0,0,4.984,0,10,-10,3.857,-1.127,-6.102,NA,NA,NA,NA,NA,NA,NA,NA,NA,NA,NA,NA,NA,NA,NA,NA,NA,NA,NA,NA,NA,NA,NA,NA,pitcher,NA,NA,NA,NA,NA,NA,NA,NA,NA,NA
27472,694363,Jared Shuster,2026,27,5,0,9,44,11,9,1,4,6,1,0,0.303,44.872,5.658,6.225,0.083,93.029,88.643,NA,25.743,22.024,4.069,RP,104.2,1,2.941,4.069,9.091,13.636,-4.545,9,4.931,3.342,4.309,17.445,10.28,7.165,4.71,-0.401,4.585,-0.275,7.328,29.058,0.291,73.093,23.643,0.088,4.691,-8.355,3.356,-11.711,-0.641,-3.315,-1.62,-4.386,-28.221,0.012,pitcher,4.347,-6.998,2.341,-9.339,-0.952,-3.908,-0.819,-4.521,-27.928,0.011
16953,644433,Chadwick Tromp,2026,31,1,0,1,6,3,2,1,0,1,0,0,0.5,76.923,19.102,9.12,0.5,40.062,NA,NA,35.714,12.5,7.08,RP,101,0,0,7.08,0,16.667,-16.667,18,10.92,-1.102,NA,NA,NA,NA,NA,NA,NA,NA,NA,NA,NA,NA,NA,NA,NA,NA,NA,NA,NA,NA,NA,NA,NA,NA,pitcher,NA,NA,NA,NA,NA,NA,NA,NA,NA,NA
25386,666745,Jhony Brito,2026,28,5,0,9,35,7,3,2,6,1,0,0,0.192,96.154,4.991,4.45,0.143,94.636,NA,NA,40,28.455,3.393,RP,103.2,3,10.714,3.393,17.143,2.857,14.286,3,-0.393,-1.991,4.167,15.676,5.405,10.27,3.94,0.227,3.716,0.451,6.164,26.59,0.317,67.416,23.651,0.077,-1.167,1.467,-2.548,4.015,-0.547,13.41,4.804,4.55,28.738,-0.125,pitcher,-1.51,2.824,-3.563,6.387,-0.859,12.818,5.605,4.415,29.031,-0.125
21009,660844,Leo Rivas,2026,28,1,0,1,13,9,7,1,0,1,0,0,0.727,11.628,19.102,15.157,0.167,39.065,NA,NA,20,16.129,25.355,RP,103.4,3,25,25.355,0,7.692,-7.692,63,37.645,43.898,NA,NA,NA,NA,NA,NA,NA,NA,NA,NA,NA,NA,NA,NA,NA,NA,NA,NA,NA,NA,NA,NA,NA,NA,pitcher,NA,NA,NA,NA,NA,NA,NA,NA,NA,NA
33664,808825,Andrew Sears,2026,23,6,3,19,92,24,15,3,15,8,0,4,0.339,47.17,5.471,6.039,0.091,93.845,NA,NA,30.18,26.575,4.428,SP,103.8,4,6.154,4.428,16.304,8.696,7.609,7.105,2.677,1.635,NA,NA,NA,NA,NA,NA,NA,NA,NA,NA,NA,NA,NA,NA,NA,NA,NA,NA,NA,NA,NA,NA,NA,NA,pitcher,NA,NA,NA,NA,NA,NA,NA,NA,NA,NA
29961,700413,Tyler Uberstine,2026,27,1,0,2.667,11,3,1,1,2,1,0,0,0.286,115.385,7.602,4.991,0.25,92.55,87.444,NA,45.833,33.333,6.377,RP,103.6,1,12.5,6.377,18.182,9.091,9.091,3.375,-3.002,-4.227,NA,NA,NA,NA,NA,NA,NA,NA,NA,NA,NA,NA,NA,NA,NA,NA,NA,NA,NA,NA,NA,NA,NA,NA,pitcher,NA,NA,NA,NA,NA,NA,NA,NA,NA,NA
19754,665665,Reiver Sanmartin,2026,30,24,0,21.333,93,22,10,3,16,7,1,0,0.288,68.548,4.415,3.506,0.231,91.795,NA,NA,32.653,27.826,4.038,RP,104.5,7,10,4.038,17.204,7.527,9.677,4.219,0.181,-0.196,NA,NA,NA,NA,NA,NA,NA,NA,NA,NA,NA,NA,NA,NA,NA,NA,NA,NA,NA,NA,NA,NA,NA,NA,pitcher,NA,NA,NA,NA,NA,NA,NA,NA,NA,NA
31893,702281,Robby Snelling,2026,22,1,1,5,22,5,3,1,2,4,0,0,0.267,78.947,7.302,6.211,0.2,94.943,NA,NA,32,25.581,6.117,SP,104.7,1,6.25,6.117,9.091,18.182,-9.091,5.4,-0.717,-1.902,NA,NA,NA,NA,NA,NA,NA,NA,NA,NA,NA,NA,NA,NA,NA,NA,NA,NA,NA,NA,NA,NA,NA,NA,pitcher,NA,NA,NA,NA,NA,NA,NA,NA,NA,NA
31492,687060,Blake Adams,2026,25,1,0,1,9,5,5,1,0,2,0,0,0.667,35.714,22.102,15.139,0.25,92.111,86.643,NA,26.087,21.622,47.203,RP,108.7,2,28.571,47.203,0,22.222,-22.222,45,-2.203,22.898,NA,NA,NA,NA,NA,NA,NA,NA,NA,NA,NA,NA,NA,NA,NA,NA,NA,NA,NA,NA,NA,NA,NA,NA,pitcher,NA,NA,NA,NA,NA,NA,NA,NA,NA,NA
5517,543309,Kyle Higashioka,2026,36,3,0,3,18,8,7,1,0,1,0,1,0.467,34.884,9.436,8.12,0.167,43.333,NA,NA,39.474,17.647,20.579,RP,106.7,2,12.5,20.579,0,5.556,-5.556,21,0.421,11.564,NA,NA,NA,NA,NA,NA,NA,NA,NA,NA,NA,NA,NA,NA,NA,NA,NA,NA,NA,NA,NA,NA,NA,NA,pitcher,NA,NA,NA,NA,NA,NA,NA,NA,NA,NA
18318,621097,Jacob Waguespack,2026,32,35,1,47,183,25,13,6,35,18,0,2,0.16,84.699,4.549,4.399,0.128,92.975,86.88,NA,30.789,27.53,3.092,RP,103.2,6,4.688,3.092,19.126,9.836,9.29,2.489,-0.603,-2.06,NA,NA,NA,NA,NA,NA,NA,NA,NA,NA,NA,NA,NA,NA,NA,NA,NA,NA,NA,NA,NA,NA,NA,NA,pitcher,NA,NA,NA,NA,NA,NA,NA,NA,NA,NA
12777,605154,John Brebbia,2026,36,3,0,4.333,21,7,5,2,2,0,0,0,0.294,47.619,8.179,5.662,0.2,92.216,85,NA,34.091,25.532,7.977,RP,107.5,2,10.526,7.977,9.524,0,9.524,10.385,2.407,2.205,5.531,27.959,8.005,19.955,4.576,0.955,4.415,1.116,10.374,33.461,0.308,66.817,27.153,0.151,4.854,-18.436,-8.005,-10.431,3.401,0.63,-1.621,0.152,-19.198,-0.014,pitcher,4.51,-17.079,-9.02,-8.06,3.09,0.037,-0.821,0.017,-18.905,-0.014
17281,623381,Thomas Pannone,2026,32,1,1,3,14,3,2,1,2,2,0,0,0.222,55.556,8.102,5.781,0.25,90.071,88.08,NA,34.375,19.643,7.39,SP,102.8,1,10,7.39,14.286,14.286,0,6,-1.39,-2.102,NA,NA,NA,NA,NA,NA,NA,NA,NA,NA,NA,NA,NA,NA,NA,NA,NA,NA,NA,NA,NA,NA,NA,NA,pitcher,NA,NA,NA,NA,NA,NA,NA,NA,NA,NA
19349,657571,Caleb Ferguson,2026,29,35,1,33,150,37,19,5,31,19,2,0,0.34,75.51,4.92,4.323,0.167,92.316,NA,NA,29.747,26.235,4.771,RP,105.1,7,7,4.771,20.667,12.667,8,5.182,0.411,0.261,4.33,26.647,9.636,17.011,4.041,0.289,3.631,0.699,5.586,32.433,0.346,68.206,28.604,0.122,0.852,-5.98,3.03,-9.011,0.73,-2.686,-2.368,1.414,7.304,-0.006,pitcher,0.508,-4.624,2.015,-6.639,0.418,-3.279,-1.568,1.279,7.597,-0.007
26191,669704,Kade Strowd,2026,28,2,0,2.667,14,2,1,0,1,5,0,0,0.25,85.714,7.977,8.543,0,94.625,91,NA,18.182,10.169,13.166,RP,105.4,0,0,13.166,7.143,35.714,-28.571,3.375,-9.791,-4.602,NA,NA,NA,NA,NA,NA,NA,NA,NA,NA,NA,NA,NA,NA,NA,NA,NA,NA,NA,NA,NA,NA,NA,NA,pitcher,NA,NA,NA,NA,NA,NA,NA,NA,NA,NA
19614,672335,Cionel Perez,2026,30,39,2,44.333,194,47,24,7,42,18,0,0,0.315,72.464,4.478,3.651,0.194,96.649,86.185,NA,31.92,26.918,5.195,RP,107.5,16,11.94,5.195,21.649,9.278,12.371,4.872,-0.323,0.394,4.316,18.939,11.55,7.388,3.641,0.675,3.436,0.88,4.485,28.638,0.301,64.764,25.159,0.014,0.556,2.711,-2.272,4.983,1.554,3.282,1.759,7.455,7.7,0.014,pitcher,0.213,4.067,-3.287,7.354,1.242,2.689,2.559,7.32,7.993,0.013
30231,691945,Carter Baumler,2026,24,4,0,5.667,27,4,2,1,6,6,0,1,0.231,93.75,6.985,6.555,0.143,94.936,NA,NA,28.986,27.35,5.632,RP,103.8,1,7.143,5.632,22.222,22.222,0,3.176,-2.455,-3.808,NA,NA,NA,NA,NA,NA,NA,NA,NA,NA,NA,NA,NA,NA,NA,NA,NA,NA,NA,NA,NA,NA,NA,NA,pitcher,NA,NA,NA,NA,NA,NA,NA,NA,NA,NA
18138,664854,Ryan Helsley,2026,31,17,0,15.333,68,13,7,3,21,9,1,0,0.286,73.034,4.668,3.207,0.273,98.748,87.991,90.121,31.361,32.234,2.914,RP,101.9,2,5.263,2.914,30.882,13.235,17.647,4.109,1.194,-0.559,2.111,30.614,9.11,21.504,2.647,-0.536,2.387,-0.276,3.703,36.648,0.29,77.969,33.079,0.043,1.998,0.268,4.125,-3.857,0.267,-5.287,-0.845,1.56,-4.935,-0.004,pitcher,1.654,1.624,3.11,-1.486,-0.044,-5.88,-0.045,1.425,-4.642,-0.005
20010,670090,Wyatt Mills,2026,31,6,0,6.333,36,5,4,0,5,9,1,2,0.263,68.75,6.734,8.402,0,90.402,NA,NA,23.158,20.134,5.973,RP,105.2,0,0,5.973,13.889,25,-11.111,5.684,-0.289,-1.05,NA,NA,NA,NA,NA,NA,NA,NA,NA,NA,NA,NA,NA,NA,NA,NA,NA,NA,NA,NA,NA,NA,NA,NA,pitcher,NA,NA,NA,NA,NA,NA,NA,NA,NA,NA
29866,694646,Chayce McDermott,2026,27,5,0,7.667,36,8,5,2,6,4,0,0,0.261,76.087,6.494,6.055,0.133,95.281,89.586,86,28.723,22.581,4.838,RP,103,4,15.385,4.838,16.667,11.111,5.556,5.87,1.031,-0.624,NA,NA,NA,NA,NA,NA,NA,NA,NA,NA,NA,NA,NA,NA,NA,NA,NA,NA,NA,NA,NA,NA,NA,NA,pitcher,NA,NA,NA,NA,NA,NA,NA,NA,NA,NA
25590,671936,Adam Macko,2026,25,30,1,31,145,38,18,5,32,14,3,4,0.367,75.51,4.876,4.581,0.135,94.613,NA,NA,34.884,28.547,5.063,RP,106.6,6,6.316,5.063,22.069,9.655,12.414,5.226,0.163,0.349,NA,NA,NA,NA,NA,NA,NA,NA,NA,NA,NA,NA,NA,NA,NA,NA,NA,NA,NA,NA,NA,NA,NA,NA,pitcher,NA,NA,NA,NA,NA,NA,NA,NA,NA,NA
15043,642152,Lou Trivino,2026,34,5,0,6,36,10,10,1,7,7,0,1,0.45,48.193,6.936,6.781,0.125,95.06,91.8,NA,28.125,25,4.648,RP,102.9,1,4.762,4.648,19.444,19.444,0,15,10.352,8.064,NA,NA,NA,NA,NA,NA,NA,NA,NA,NA,NA,NA,NA,NA,NA,NA,NA,NA,NA,NA,NA,NA,NA,NA,pitcher,NA,NA,NA,NA,NA,NA,NA,NA,NA,NA
27690,686894,Joey Wiemer,2026,27,2,0,2,16,7,5,1,0,2,0,1,0.5,58.14,14.102,12.884,0.143,68.163,NA,NA,20.588,15.556,11.469,RP,102.2,1,7.692,11.469,0,12.5,-12.5,22.5,11.031,8.398,NA,NA,NA,NA,NA,NA,NA,NA,NA,NA,NA,NA,NA,NA,NA,NA,NA,NA,NA,NA,NA,NA,NA,NA,pitcher,NA,NA,NA,NA,NA,NA,NA,NA,NA,NA
22224,669169,Jonathan Heasley,2026,29,1,0,4,19,8,5,2,2,0,0,0,0.4,57.692,8.602,5.12,0.25,91.44,NA,NA,45.161,18.75,11.89,RP,108.9,2,11.765,11.89,10.526,0,10.526,11.25,-0.64,2.648,NA,NA,NA,NA,NA,NA,NA,NA,NA,NA,NA,NA,NA,NA,NA,NA,NA,NA,NA,NA,NA,NA,NA,NA,pitcher,NA,NA,NA,NA,NA,NA,NA,NA,NA,NA
33248,684974,Craig Yoho,2026,26,34,0,38.333,164,29,21,6,41,18,0,3,0.245,69.712,4.641,4.181,0.15,94.408,90.797,NA,32.97,29.921,4.286,RP,101.7,9,8.824,4.286,25,10.976,14.024,4.93,0.644,0.289,NA,NA,NA,NA,NA,NA,NA,NA,NA,NA,NA,NA,NA,NA,NA,NA,NA,NA,NA,NA,NA,NA,NA,NA,pitcher,NA,NA,NA,NA,NA,NA,NA,NA,NA,NA
13620,608348,Carson Kelly,2026,31,3,0,3,13,4,2,2,0,0,0,0,0.182,166.667,11.769,7.126,0.25,64.862,NA,NA,41.176,13.793,9.922,RP,103.2,2,15.385,9.922,0,0,0,6,-3.922,-5.769,NA,NA,NA,NA,NA,NA,NA,NA,NA,NA,NA,NA,NA,NA,NA,NA,NA,NA,NA,NA,NA,NA,NA,NA,pitcher,NA,NA,NA,NA,NA,NA,NA,NA,NA,NA
33903,811315,Brody Hopkins,2026,24,6,0,5.333,24,2,3,1,7,6,0,0,0.1,75.758,6.29,4.984,0.25,100,94.857,NA,20.339,33.981,3.028,RP,101.3,0,0,3.028,29.167,25,4.167,5.062,2.034,-1.227,NA,NA,NA,NA,NA,NA,NA,NA,NA,NA,NA,NA,NA,NA,NA,NA,NA,NA,NA,NA,NA,NA,NA,NA,pitcher,NA,NA,NA,NA,NA,NA,NA,NA,NA,NA
17425,607200,Erick Fedde,2026,33,33,15,141,606,139,60,23,99,52,2,4,0.272,78.01,5.01,4.816,0.128,94.11,91.29,88.863,27.676,25.228,4.789,SP,104.3,37,8.204,4.789,16.337,8.581,7.756,3.83,-0.959,-1.18,3.303,21.212,7.163,14.05,3.91,-0.607,3.86,-0.557,7.573,29.032,0.271,79.235,24.801,0.099,0.527,-4.875,1.418,-6.294,0.879,-1.357,0.426,0.631,-1.225,0.002,pitcher,0.183,-3.519,0.403,-3.922,0.567,-1.949,1.227,0.496,-0.932,0.001
15223,624428,Adam Frazier,2026,34,3,0,2,14,7,4,1,0,2,0,0,0.545,65.789,12.602,9.12,0.25,63.733,NA,NA,36.364,17.778,10.88,RP,98.9,0,0,10.88,0,14.286,-14.286,18,7.12,5.398,NA,NA,NA,NA,NA,NA,NA,NA,NA,NA,NA,NA,NA,NA,NA,NA,NA,NA,NA,NA,NA,NA,NA,NA,pitcher,NA,NA,NA,NA,NA,NA,NA,NA,NA,NA
25703,687849,Zak Kent,2026,28,11,0,16.333,77,19,10,3,12,8,0,0,0.296,61.404,5.49,5.597,0.111,92.944,NA,NA,32.768,25.85,5.282,RP,103.4,7,12.281,5.282,15.584,10.39,5.195,5.51,0.229,0.02,NA,NA,NA,NA,NA,NA,NA,NA,NA,NA,NA,NA,NA,NA,NA,NA,NA,NA,NA,NA,NA,NA,NA,NA,pitcher,NA,NA,NA,NA,NA,NA,NA,NA,NA,NA
19666,669920,Jason Alexander,2026,33,4,2,18.333,84,21,19,4,14,8,0,1,0.298,45.082,5.884,4.859,0.182,91.324,85.5,NA,24.051,26.333,4.726,SP,101.2,6,9.836,4.726,16.667,9.524,7.143,9.327,4.601,3.443,NA,NA,NA,NA,NA,NA,NA,NA,NA,NA,NA,NA,NA,NA,NA,NA,NA,NA,NA,NA,NA,NA,NA,NA,pitcher,NA,NA,NA,NA,NA,NA,NA,NA,NA,NA
23917,678391,Jorbit Vivas,2026,25,4,0,4,27,11,6,1,0,1,0,3,0.455,58.824,9.352,10.252,0.091,45.623,NA,NA,43.182,5.556,14.891,RP,102.2,5,21.739,14.891,0,3.704,-3.704,13.5,-1.391,4.148,NA,NA,NA,NA,NA,NA,NA,NA,NA,NA,NA,NA,NA,NA,NA,NA,NA,NA,NA,NA,NA,NA,NA,NA,pitcher,NA,NA,NA,NA,NA,NA,NA,NA,NA,NA
12859,543510,James McCann,2026,36,4,0,4,23,9,5,1,0,3,0,0,0.421,56.604,8.602,7.616,0.167,38.86,NA,NA,34.091,12.698,29.05,RP,111.6,4,20,29.05,0,13.043,-13.043,11.25,-17.8,2.648,NA,NA,NA,NA,NA,NA,NA,NA,NA,NA,NA,NA,NA,NA,NA,NA,NA,NA,NA,NA,NA,NA,NA,NA,pitcher,NA,NA,NA,NA,NA,NA,NA,NA,NA,NA
27877,694360,Beck Way,2026,26,19,1,23.333,105,27,10,4,21,10,0,1,0.333,77.16,4.945,3.881,0.222,97.086,91.349,NA,29.73,29.306,5.004,RP,104.6,5,6.849,5.004,20,9.524,10.476,3.857,-1.146,-1.088,NA,NA,NA,NA,NA,NA,NA,NA,NA,NA,NA,NA,NA,NA,NA,NA,NA,NA,NA,NA,NA,NA,NA,NA,pitcher,NA,NA,NA,NA,NA,NA,NA,NA,NA,NA
26378,666157,Nick Lodolo,2026,28,21,21,108.667,486,115,60,20,83,46,0,17,0.299,78.667,5.707,4.939,0.171,93.729,NA,NA,31.743,25.434,6.47,SP,104.9,30,8.824,6.47,17.078,9.465,7.613,4.969,-1.501,-0.737,4.91,25.106,7.356,17.751,3.832,1.078,4.133,0.778,8.684,33.353,0.305,69.518,29.34,0.132,0.059,-8.028,2.109,-10.138,2.638,-1.61,-3.906,0.14,9.148,-0.006,pitcher,-0.284,-6.672,1.094,-7.766,2.327,-2.203,-3.105,0.005,9.441,-0.007
21212,641585,J.P. France,2026,31,3,0,6.667,31,6,6,1,4,5,0,1,0.25,56.604,6.552,6.64,0.111,92.281,87.185,NA,26.154,20.513,8.288,RP,107.6,3,14.286,8.288,12.903,16.129,-3.226,8.1,-0.188,1.548,NA,NA,NA,NA,NA,NA,NA,NA,NA,NA,NA,NA,NA,NA,NA,NA,NA,NA,NA,NA,NA,NA,NA,NA,pitcher,NA,NA,NA,NA,NA,NA,NA,NA,NA,NA
21420,660787,Yerry De Los Santos,2026,28,16,0,22,94,20,5,4,17,8,1,0,0.254,84.821,5.011,4.5,0.148,95.265,NA,NA,25.414,25.698,4.765,RP,105.1,5,7.246,4.765,18.085,8.511,9.574,2.045,-2.72,-2.966,3.361,17.308,12.5,4.808,3.74,-0.379,4.036,-0.675,5.556,27.948,0.225,70.946,23.678,0.05,-1.316,0.777,-3.989,4.767,1.025,-2.533,2.021,1.691,13.875,0.029,pitcher,-1.659,2.134,-5.004,7.138,0.714,-3.126,2.821,1.556,14.169,0.028
33502,807743,Sean Sullivan,2026,23,5,5,22.333,114,34,22,5,16,11,0,3,0.367,63.415,6.461,6.929,0.1,87.538,82.81,NA,34.222,25.243,4.824,SP,104.7,8,9.524,4.824,14.035,9.649,4.386,8.866,4.042,2.405,NA,NA,NA,NA,NA,NA,NA,NA,NA,NA,NA,NA,NA,NA,NA,NA,NA,NA,NA,NA,NA,NA,NA,NA,pitcher,NA,NA,NA,NA,NA,NA,NA,NA,NA,NA
30085,676508,Ben Casparius,2026,27,5,0,4.667,23,6,5,1,4,4,0,0,0.357,58.14,6.745,6.223,0.143,95.805,93.077,NA,30.882,32.323,6.668,RP,103.6,2,13.333,6.668,17.391,17.391,0,9.643,2.974,2.898,2.222,32.432,10.811,21.622,3.56,-1.338,1.726,0.496,4.762,34.177,0.429,76.923,34.615,0,7.421,-15.041,6.58,-21.622,3.108,-3.295,-2.292,8.571,-18.784,-0.071,pitcher,7.077,-13.685,5.565,-19.25,2.797,-3.888,-1.492,8.437,-18.49,-0.072
16350,621366,Ryan Borucki,2026,32,21,0,23.667,104,27,13,3,15,9,1,2,0.32,71.006,4.877,5.078,0.103,93.549,90.722,NA,33.333,26.247,4.053,RP,104.2,4,5.128,4.053,14.423,8.654,5.769,4.944,0.891,0.067,2.469,21.711,2.632,19.079,3.33,-0.861,3.503,-1.034,6.306,39.273,0.206,80.986,32.203,0.095,2.475,-7.287,6.022,-13.31,0.723,-5.939,-5.957,-1.178,-9.98,0.114,pitcher,2.131,-5.931,5.007,-10.938,0.411,-6.532,-5.156,-1.313,-9.687,0.114
11423,500779,Jose Quintana,2026,37,11,11,48,212,52,29,10,25,20,1,1,0.273,69.492,6.081,5.92,0.123,89.765,NA,NA,31.898,22.1,5.581,SP,103.8,16,9.639,5.581,11.792,9.434,2.358,5.438,-0.143,-0.644,3.735,18.826,8.623,10.202,4.524,-0.789,4.429,-0.694,6.491,30.511,0.269,77.368,24.928,0.117,1.702,-7.033,0.81,-7.844,1.057,1.387,-2.827,3.148,-7.876,0.004,pitcher,1.359,-5.677,-0.205,-5.472,0.745,0.795,-2.027,3.013,-7.583,0.003
23426,676661,Max Lazar,2026,27,8,0,10,45,12,7,3,8,3,0,0,0.29,74.074,6.302,4.062,0.273,94.82,87.879,86.514,31.325,26.282,3.415,RP,105.2,3,8.824,3.415,17.778,6.667,11.111,6.3,2.885,-0.002,4.773,16.667,3.704,12.963,4.87,-0.097,4.191,0.582,4.651,33.333,0.268,65.574,24.766,0.167,1.527,1.111,2.963,-1.852,-1.455,-2.008,1.516,4.172,8.5,0.022,pitcher,1.184,2.468,1.948,0.52,-1.766,-2.601,2.316,4.037,8.793,0.021
27568,669310,CJ Van Eyk,2026,27,5,1,11.667,55,15,7,2,3,2,0,2,0.283,67.901,5.845,6.204,0.1,93.194,88.345,NA,34.058,20.444,7.09,RP,107,6,12.5,7.09,5.455,3.636,1.818,5.4,-1.69,-0.445,NA,NA,NA,NA,NA,NA,NA,NA,NA,NA,NA,NA,NA,NA,NA,NA,NA,NA,NA,NA,NA,NA,NA,NA,pitcher,NA,NA,NA,NA,NA,NA,NA,NA,NA,NA
24933,681806,Andrew Wantz,2026,30,2,0,3.667,20,5,6,1,1,3,0,2,0.308,46.512,10.193,9.529,0.143,93.953,89.591,NA,34,16.049,10.803,RP,99.6,1,7.143,10.803,5,15,-10,14.727,3.925,4.534,3.913,20.625,9.375,11.25,4.04,-0.127,4.119,-0.206,8.108,31.07,0.224,67.708,25.797,0.073,10.814,-15.625,5.625,-21.25,6.763,2.93,-9.747,-0.965,-21.197,0.083,pitcher,10.471,-14.269,4.61,-18.879,6.451,2.337,-8.947,-1.1,-20.904,0.083
29271,700270,Yilber Diaz,2026,25,5,0,6,34,12,11,2,6,5,0,0,0.476,42.254,7.936,6.369,0.182,97.118,NA,NA,27.586,26.712,11.567,RP,106,3,13.043,11.567,17.647,14.706,2.941,16.5,4.933,8.564,NA,NA,NA,NA,NA,NA,NA,NA,NA,NA,NA,NA,NA,NA,NA,NA,NA,NA,NA,NA,NA,NA,NA,NA,pitcher,NA,NA,NA,NA,NA,NA,NA,NA,NA,NA
23394,676571,PJ Poulin,2026,29,35,11,36.667,153,27,11,4,25,21,1,1,0.225,85.253,4.957,5.308,0.093,89.652,NA,NA,25.815,26.299,5.431,RP,104.9,10,9.434,5.431,16.34,13.725,2.614,2.7,-2.731,-2.257,NA,NA,NA,NA,NA,NA,NA,NA,NA,NA,NA,NA,NA,NA,NA,NA,NA,NA,NA,NA,NA,NA,NA,NA,pitcher,NA,NA,NA,NA,NA,NA,NA,NA,NA,NA
21662,665660,Elvis Alvarado,2026,27,55,0,54,225,44,24,10,62,25,2,2,0.27,80.702,4.713,4.15,0.152,98.554,NA,87.833,32.963,26.667,4.584,RP,104.7,18,13.235,4.584,27.556,11.111,16.444,4,-0.584,-0.713,NA,NA,NA,NA,NA,NA,NA,NA,NA,NA,NA,NA,NA,NA,NA,NA,NA,NA,NA,NA,NA,NA,NA,NA,pitcher,NA,NA,NA,NA,NA,NA,NA,NA,NA,NA
8700,434378,Justin Verlander,2026,43,2,2,9,39,11,7,3,7,3,0,0,0.308,71.429,6.88,5.23,0.188,92.915,NA,NA,36.275,23.392,6.528,SP,107.4,4,13.793,6.528,17.949,7.692,10.256,7,0.472,0.12,4.642,19.709,6.785,12.924,3.726,0.916,4.445,0.196,7.385,32.874,0.289,71.331,25.936,0.095,2.358,-1.76,0.907,-2.668,2.802,3.401,-2.544,6.408,0.098,0.019,pitcher,2.015,-0.404,-0.108,-0.296,2.491,2.808,-1.744,6.273,0.391,0.018
26349,686560,Gavin Collyer,2026,25,24,0,25,113,17,15,2,23,19,1,6,0.238,66.327,5.302,6.134,0.065,96.745,90.566,NA,24.324,29.167,4.586,RP,102.4,4,6.154,4.586,20.354,16.814,3.54,5.4,0.814,0.098,NA,NA,NA,NA,NA,NA,NA,NA,NA,NA,NA,NA,NA,NA,NA,NA,NA,NA,NA,NA,NA,NA,NA,NA,pitcher,NA,NA,NA,NA,NA,NA,NA,NA,NA,NA
20333,675919,Nick Raquet,2026,30,4,0,3.667,17,3,3,1,1,2,0,1,0.167,65.217,8.557,7.892,0.143,91.7,89,NA,23.81,21.333,8.091,RP,102.1,1,7.692,8.091,5.882,11.765,-5.882,7.364,-0.727,-1.193,NA,NA,NA,NA,NA,NA,NA,NA,NA,NA,NA,NA,NA,NA,NA,NA,NA,NA,NA,NA,NA,NA,NA,NA,pitcher,NA,NA,NA,NA,NA,NA,NA,NA,NA,NA
23221,675627,Michael Grove,2026,29,3,0,7,28,7,4,3,6,0,0,0,0.211,71.429,6.959,3.759,0.273,93.912,89.714,NA,36.957,35.955,8.453,RP,105.1,4,18.182,8.453,21.429,0,21.429,5.143,-3.31,-1.817,5.118,25,7.407,17.593,3.64,1.478,3.872,1.245,9.286,32.992,0.299,62.081,28.658,0.125,0.025,-3.571,-7.407,3.836,4.813,3.965,7.297,8.896,9.348,-0.088,pitcher,-0.318,-2.215,-8.422,6.207,4.501,3.372,8.098,8.761,9.641,-0.089
16135,605335,Brandon Leibrandt,2026,33,1,0,6,30,10,5,2,3,3,1,0,0.364,78.431,7.936,6.872,0.154,87.946,NA,NA,39.683,21.212,9.192,SP,104.8,4,16.667,9.192,10,10,0,7.5,-1.692,-0.436,NA,NA,NA,NA,NA,NA,NA,NA,NA,NA,NA,NA,NA,NA,NA,NA,NA,NA,NA,NA,NA,NA,NA,NA,pitcher,NA,NA,NA,NA,NA,NA,NA,NA,NA,NA
26410,666201,Alek Manoah,2026,28,3,0,7.333,39,8,8,1,5,8,0,0,0.28,47.945,6.784,7.687,0.077,87.973,NA,NA,25.962,22.222,6.416,RP,105.8,3,11.538,6.416,12.821,20.513,-7.692,9.818,3.402,3.034,NA,NA,NA,NA,NA,NA,NA,NA,NA,NA,NA,NA,NA,NA,NA,NA,NA,NA,NA,NA,NA,NA,NA,NA,pitcher,NA,NA,NA,NA,NA,NA,NA,NA,NA,NA
27902,642376,Jefry Yan,2026,29,18,1,20.333,96,20,11,3,26,15,0,1,0.34,75.472,4.824,4.241,0.167,97.57,NA,NA,34.764,28.883,4.351,RP,105.2,4,7.407,4.351,27.083,15.625,11.458,4.869,0.518,0.045,NA,NA,NA,NA,NA,NA,NA,NA,NA,NA,NA,NA,NA,NA,NA,NA,NA,NA,NA,NA,NA,NA,NA,NA,pitcher,NA,NA,NA,NA,NA,NA,NA,NA,NA,NA
15905,620443,Luis Torrens,2026,30,2,0,2.333,11,4,2,2,0,0,0,0,0.222,166.667,14.245,5.043,0.667,42.045,NA,NA,43.75,9.091,5.681,RP,98.9,1,9.091,5.681,0,0,0,7.714,2.034,-6.531,NA,NA,NA,NA,NA,NA,NA,NA,NA,NA,NA,NA,NA,NA,NA,NA,NA,NA,NA,NA,NA,NA,NA,NA,pitcher,NA,NA,NA,NA,NA,NA,NA,NA,NA,NA
20958,660710,Rodolfo Duran,2026,28,2,0,3,19,9,9,2,0,1,0,0,0.438,13.889,12.769,9.132,0.2,68.533,NA,NA,44,13.333,4.701,RP,106.1,3,16.667,4.701,0,5.263,-5.263,27,22.299,14.231,NA,NA,NA,NA,NA,NA,NA,NA,NA,NA,NA,NA,NA,NA,NA,NA,NA,NA,NA,NA,NA,NA,NA,NA,pitcher,NA,NA,NA,NA,NA,NA,NA,NA,NA,NA
19358,642215,Weston Wilson,2026,31,4,0,3.333,21,11,7,2,0,0,0,0,0.474,48.78,10.902,7.629,0.2,51.86,NA,NA,42.5,21.667,10.986,RP,104.2,1,4.762,10.986,0,0,0,18.9,7.914,7.998,NA,NA,NA,NA,NA,NA,NA,NA,NA,NA,NA,NA,NA,NA,NA,NA,NA,NA,NA,NA,NA,NA,NA,NA,pitcher,NA,NA,NA,NA,NA,NA,NA,NA,NA,NA
14332,606303,Joel Payamps,2026,32,12,0,7.667,36,9,7,2,9,4,0,0,0.333,39.216,5.711,4.879,0.154,93.779,90,NA,32.584,25.828,6.341,RP,105.9,4,17.391,6.341,25,11.111,13.889,8.217,1.876,2.506,2.913,25.605,7.157,18.448,3.855,-0.943,3.655,-0.742,8.219,30.329,0.231,75.471,28.852,0.112,5.305,-0.605,3.954,-4.559,2.486,2.255,-3.024,9.173,-36.255,0.102,pitcher,4.961,0.752,2.939,-2.187,2.174,1.663,-2.223,9.038,-35.962,0.101
11384,592454,Tommy Kahnle,2026,36,8,0,9,43,12,8,2,5,6,0,0,0.333,65.789,6.88,6.003,0.167,93.647,NA,NA,31.959,22.024,6.488,RP,107.1,5,15.625,6.488,11.628,13.953,-2.326,8,1.512,1.12,2.266,26.496,10.826,15.67,3.227,-0.961,4,-1.734,5.75,32.959,0.232,80.134,31.894,0.161,5.734,-14.868,3.127,-17.995,3.261,-1,-9.87,9.875,-14.345,0.101,pitcher,5.39,-13.511,2.112,-15.624,2.95,-1.593,-9.069,9.74,-14.052,0.1
31865,688883,Peyton Pallette,2026,25,16,0,20.667,97,17,12,2,22,16,0,3,0.278,69.277,4.989,5.192,0.1,95.433,NA,NA,24.242,28.054,5.534,RP,102.2,4,7.143,5.534,22.68,16.495,6.186,5.226,-0.308,0.236,NA,NA,NA,NA,NA,NA,NA,NA,NA,NA,NA,NA,NA,NA,NA,NA,NA,NA,NA,NA,NA,NA,NA,NA,pitcher,NA,NA,NA,NA,NA,NA,NA,NA,NA,NA
27483,676272,Bobby Miller,2026,27,2,0,5.333,24,4,3,1,3,2,1,3,0.2,78.947,7.227,6.205,0.2,96.863,NA,NA,28.788,25,9.885,RP,105.7,2,12.5,9.885,12.5,8.333,4.167,5.062,-4.822,-2.165,NA,NA,NA,NA,NA,NA,NA,NA,NA,NA,NA,NA,NA,NA,NA,NA,NA,NA,NA,NA,NA,NA,NA,NA,pitcher,NA,NA,NA,NA,NA,NA,NA,NA,NA,NA
12791,547184,Michael Kelly,2026,33,5,0,5,32,12,9,1,6,6,0,0,0.579,54.217,6.902,6.113,0.167,95.789,NA,NA,19.643,29.752,9.121,RP,106.3,3,15,9.121,18.75,18.75,0,16.2,7.079,9.298,2.795,18.022,8.571,9.451,3.634,-0.839,3.699,-0.905,2.722,32.974,0.276,75.722,27.508,0.042,13.405,0.728,10.179,-9.451,5.488,-13.331,2.244,12.278,-21.505,0.303,pitcher,13.062,2.084,9.164,-7.079,5.176,-13.924,3.045,12.143,-21.212,0.302
28253,691594,Javier Sanoja,2026,23,5,0,4.667,27,11,7,2,1,1,0,1,0.409,58.824,9.531,9.133,0.125,60.247,NA,NA,34.694,12.329,10.848,RP,104.6,5,20.833,10.848,3.704,3.704,0,13.5,2.652,3.969,NA,NA,NA,NA,NA,NA,NA,NA,NA,NA,NA,NA,NA,NA,NA,NA,NA,NA,NA,NA,NA,NA,NA,NA,pitcher,NA,NA,NA,NA,NA,NA,NA,NA,NA,NA
22487,670912,Johan Oviedo,2026,28,1,0,3.667,18,6,4,2,3,1,0,1,0.364,76.923,10.193,5.572,0.333,92.769,90,NA,38.095,20.833,12.2,RP,105.4,3,23.077,12.2,16.667,5.556,11.111,9.818,-2.382,-0.375,NA,NA,NA,NA,NA,NA,NA,NA,NA,NA,NA,NA,NA,NA,NA,NA,NA,NA,NA,NA,NA,NA,NA,NA,pitcher,NA,NA,NA,NA,NA,NA,NA,NA,NA,NA
27517,657649,Jared Koenig,2026,32,9,0,7,41,12,7,1,7,7,3,1,0.44,59.14,6.388,6.471,0.111,94.203,90.558,NA,18.824,28.571,4.884,RP,109.4,2,7.692,4.884,17.073,17.073,0,9,4.116,2.612,2.468,23.774,8.679,15.094,3.49,-1.022,3.279,-0.812,8,29.143,0.292,78.249,28.557,0.065,6.532,-6.7,8.394,-15.094,1.394,-10.319,0.014,-0.308,-19.11,0.148,pitcher,6.189,-5.344,7.379,-12.723,1.082,-10.912,0.814,-0.443,-18.816,0.147
27567,669298,TJ Shook,2026,28,5,0,7.667,36,12,7,3,7,2,0,0,0.375,71.429,7.146,4.618,0.231,92.525,89.125,NA,31.081,25.926,4.593,RP,106.6,2,7.407,4.593,19.444,5.556,13.889,8.217,3.624,1.072,NA,NA,NA,NA,NA,NA,NA,NA,NA,NA,NA,NA,NA,NA,NA,NA,NA,NA,NA,NA,NA,NA,NA,NA,pitcher,NA,NA,NA,NA,NA,NA,NA,NA,NA,NA
25427,668970,Gavin Hollowell,2026,28,15,0,14.667,64,11,4,2,13,9,0,1,0.231,87.912,5.148,5.844,0.083,94.74,NA,NA,27.333,30.888,5.652,RP,105.9,6,14.634,5.652,20.312,14.062,6.25,2.455,-3.198,-2.693,NA,NA,NA,NA,NA,NA,NA,NA,NA,NA,NA,NA,NA,NA,NA,NA,NA,NA,NA,NA,NA,NA,NA,NA,pitcher,NA,NA,NA,NA,NA,NA,NA,NA,NA,NA
31886,701474,Duncan Davitt,2026,26,5,0,7,31,8,4,2,5,3,0,0,0.286,85.366,6.674,4.468,0.286,92.962,NA,NA,33.333,24.324,6.628,RP,104,2,8.696,6.628,16.129,9.677,6.452,5.143,-1.485,-1.531,NA,NA,NA,NA,NA,NA,NA,NA,NA,NA,NA,NA,NA,NA,NA,NA,NA,NA,NA,NA,NA,NA,NA,NA,pitcher,NA,NA,NA,NA,NA,NA,NA,NA,NA,NA
13897,623168,Tyler Heineman,2026,35,5,0,5.333,26,9,6,2,0,1,0,0,0.304,55.556,8.54,6.211,0.222,50.969,NA,NA,52,18.75,7.533,RP,102.2,2,8,7.533,0,3.846,-3.846,10.125,2.592,1.585,NA,NA,NA,NA,NA,NA,NA,NA,NA,NA,NA,NA,NA,NA,NA,NA,NA,NA,NA,NA,NA,NA,NA,NA,pitcher,NA,NA,NA,NA,NA,NA,NA,NA,NA,NA
19244,608344,Cole Irvin,2026,32,1,0,6,30,8,6,1,5,3,0,1,0.35,56.604,5.602,4.945,0.167,90.386,85,NA,33.333,19.608,6.869,SP,105.9,2,9.524,6.869,16.667,10,6.667,9,2.131,3.398,4.982,16.667,5.96,10.706,5.745,-0.763,4.744,0.238,12.325,30.52,0.311,68.246,25.804,0.119,4.018,0,4.04,-4.04,1.124,2.814,-6.196,-2.801,-11.642,0.039,pitcher,3.675,1.356,3.025,-1.668,0.813,2.221,-5.395,-2.936,-11.349,0.038
26482,681151,Jayden Murray,2026,29,10,0,16.333,79,25,17,3,14,9,0,0,0.415,57.047,5.429,5.72,0.103,95.335,91,NA,33.508,25.574,5.784,RP,104,8,14.286,5.784,17.722,11.392,6.329,9.367,3.583,3.939,NA,NA,NA,NA,NA,NA,NA,NA,NA,NA,NA,NA,NA,NA,NA,NA,NA,NA,NA,NA,NA,NA,NA,NA,pitcher,NA,NA,NA,NA,NA,NA,NA,NA,NA,NA
27685,686730,Carson Spiers,2026,28,1,0,4,17,5,4,3,5,0,0,0,0.222,125,10.352,2.866,0.5,91.75,89,NA,39.286,33.871,6.985,RP,105.3,3,25,6.985,29.412,0,29.412,9,2.015,-1.352,NA,NA,NA,NA,NA,NA,NA,NA,NA,NA,NA,NA,NA,NA,NA,NA,NA,NA,NA,NA,NA,NA,NA,NA,pitcher,NA,NA,NA,NA,NA,NA,NA,NA,NA,NA
16725,624431,Jose Trevino,2026,33,7,0,9,49,22,15,3,3,1,0,1,0.463,45.455,7.436,5.785,0.188,43.854,NA,NA,43.299,16.535,9.628,RP,104.9,6,13.636,9.628,6.122,2.041,4.082,15,5.372,7.564,NA,NA,NA,NA,NA,NA,NA,NA,NA,NA,NA,NA,NA,NA,NA,NA,NA,NA,NA,NA,NA,NA,NA,NA,pitcher,NA,NA,NA,NA,NA,NA,NA,NA,NA,NA
7802,500743,Miguel Rojas,2026,37,4,0,4,23,9,6,2,0,1,0,1,0.368,60.976,11.102,7.243,0.286,49.679,NA,NA,35.897,13.208,9.278,RP,102.6,2,9.524,9.278,0,4.348,-4.348,13.5,4.222,2.398,NA,NA,NA,NA,NA,NA,NA,NA,NA,NA,NA,NA,NA,NA,NA,NA,NA,NA,NA,NA,NA,NA,NA,NA,pitcher,NA,NA,NA,NA,NA,NA,NA,NA,NA,NA
13293,543056,Danny Coulombe,2026,36,29,0,22,96,18,11,1,10,15,0,1,0.246,70.552,4.966,6.158,0.038,89.922,85.218,NA,28.571,22.28,4.363,RP,101.1,1,1.429,4.363,10.417,15.625,-5.208,4.5,0.137,-0.466,2.401,29.002,5.085,23.917,2.969,-0.568,2.828,-0.427,5.46,32.148,0.229,80.844,29.561,0.096,2.099,-18.585,10.54,-29.125,1.394,-3.576,-7.281,-4.032,-10.292,0.017,pitcher,1.756,-17.229,9.525,-26.754,1.083,-4.169,-6.48,-4.167,-9.999,0.016
21741,665871,Javier Assad,2026,28,28,11,94.333,378,81,38,16,63,27,1,3,0.243,81.264,4.926,4.368,0.155,93.482,88.856,NA,27.295,24.287,4.476,RP,103.9,19,6.667,4.476,16.667,7.143,9.524,3.625,-0.85,-1.3,3.052,20.935,9.131,11.804,4.64,-1.588,4.289,-1.236,9.003,26.74,0.268,83.333,25.175,0.123,0.573,-4.269,-1.989,-2.28,-0.164,0.555,-0.889,-2.337,-2.069,-0.025,pitcher,0.23,-2.912,-3.004,0.091,-0.476,-0.038,-0.088,-2.471,-1.776,-0.026
26429,689520,Cody Laweryson,2026,28,15,0,16.667,78,15,9,3,18,8,0,2,0.255,62.5,5.082,4.372,0.167,92.65,84.3,NA,31.818,27.027,4.637,RP,103.5,4,8,4.637,23.077,10.256,12.821,4.86,0.223,-0.222,NA,NA,NA,NA,NA,NA,NA,NA,NA,NA,NA,NA,NA,NA,NA,NA,NA,NA,NA,NA,NA,NA,NA,NA,pitcher,NA,NA,NA,NA,NA,NA,NA,NA,NA,NA
26257,683155,Joey Estes,2026,24,2,1,7.333,34,12,9,4,5,2,0,0,0.348,59.524,9.648,5.438,0.286,92.736,87.68,NA,31.818,26.4,7.132,SP,104.5,4,14.815,7.132,14.706,5.882,8.824,11.045,3.913,1.398,5.024,16.943,4.972,11.971,4.43,0.594,4.937,0.087,9.662,35.417,0.274,69.733,22.792,0.101,6.022,-2.237,0.91,-3.147,2.702,-3.598,3.608,5.153,-10.209,0.074,pitcher,5.678,-0.881,-0.105,-0.776,2.391,-4.191,4.408,5.018,-9.916,0.073
17276,656577,Alex Jackson,2026,30,2,0,2,10,3,3,2,0,1,0,0,0.143,83.333,17.602,9.129,0.333,51.154,NA,NA,40,11.538,1.933,RP,98.9,1,11.111,1.933,0,10,-10,13.5,11.567,-4.102,NA,NA,NA,NA,NA,NA,NA,NA,NA,NA,NA,NA,NA,NA,NA,NA,NA,NA,NA,NA,NA,NA,NA,NA,pitcher,NA,NA,NA,NA,NA,NA,NA,NA,NA,NA
19291,668678,Zac Gallen,2026,30,22,20,105.333,472,128,71,19,64,35,1,4,0.312,63.39,5.343,4.918,0.142,93.362,91.565,NA,32.743,25.462,6.616,SP,106,39,10.569,6.616,13.559,7.415,6.144,6.066,-0.55,0.724,3.592,25.397,7.715,17.682,4.029,-0.438,3.341,0.251,7.953,32.949,0.303,74.179,28.388,0.1,2.475,-11.838,-0.3,-11.538,2.587,-0.206,-2.926,2.616,-10.789,0.009,pitcher,2.131,-10.481,-1.315,-9.166,2.276,-0.799,-2.126,2.482,-10.496,0.008
33827,808970,Woo Suk Go,2026,27,4,0,4,22,8,4,2,5,2,0,0,0.462,83.333,8.602,3.989,0.4,94.529,NA,88.7,28,20.93,6.715,RP,105,3,20,6.715,22.727,9.091,13.636,9,2.285,0.398,NA,NA,NA,NA,NA,NA,NA,NA,NA,NA,NA,NA,NA,NA,NA,NA,NA,NA,NA,NA,NA,NA,NA,NA,pitcher,NA,NA,NA,NA,NA,NA,NA,NA,NA,NA
19392,656716,Zach McKinstry,2026,31,2,0,2,15,3,4,1,0,5,0,1,0.25,65.789,18.602,15.875,0.2,43.123,NA,NA,26.415,27.119,10.238,RP,98.6,0,0,10.238,0,33.333,-33.333,18,7.762,-0.602,NA,NA,NA,NA,NA,NA,NA,NA,NA,NA,NA,NA,NA,NA,NA,NA,NA,NA,NA,NA,NA,NA,NA,NA,pitcher,NA,NA,NA,NA,NA,NA,NA,NA,NA,NA
20418,676596,Josh Fleming,2026,30,1,0,3,18,6,4,1,1,2,0,1,0.385,65.789,9.769,7.448,0.25,89.586,86.25,NA,28.261,16.883,11.246,RP,107.6,1,7.143,11.246,5.556,11.111,-5.556,12,0.754,2.231,NA,NA,NA,NA,NA,NA,NA,NA,NA,NA,NA,NA,NA,NA,NA,NA,NA,NA,NA,NA,NA,NA,NA,NA,pitcher,NA,NA,NA,NA,NA,NA,NA,NA,NA,NA
16933,622694,Elieser Hernandez,2026,31,4,0,11,50,10,3,3,11,6,1,1,0.241,109.375,6.557,5.344,0.176,92.247,80.691,NA,34.426,29.064,3.065,RP,102,3,9.375,3.065,22,12,10,2.455,-0.61,-4.102,NA,NA,NA,NA,NA,NA,NA,NA,NA,NA,NA,NA,NA,NA,NA,NA,NA,NA,NA,NA,NA,NA,NA,NA,pitcher,NA,NA,NA,NA,NA,NA,NA,NA,NA,NA
31097,805074,Yunior Marte,2026,22,5,3,24.333,103,24,12,5,15,10,0,0,0.26,81.481,5.774,4.963,0.167,93.006,NA,82.755,26.168,23.097,5.686,SP,106.3,9,11.538,5.686,14.563,9.709,4.854,4.438,-1.248,-1.335,NA,NA,NA,NA,NA,NA,NA,NA,NA,NA,NA,NA,NA,NA,NA,NA,NA,NA,NA,NA,NA,NA,NA,NA,pitcher,NA,NA,NA,NA,NA,NA,NA,NA,NA,NA
27662,685005,Christian Roa,2026,27,7,0,8.667,43,10,5,1,6,7,0,3,0.346,80.645,6.679,7.443,0.077,95.941,NA,NA,23.585,18.539,8.054,RP,103.6,2,7.407,8.054,13.953,16.279,-2.326,5.192,-2.862,-1.487,NA,NA,NA,NA,NA,NA,NA,NA,NA,NA,NA,NA,NA,NA,NA,NA,NA,NA,NA,NA,NA,NA,NA,NA,pitcher,NA,NA,NA,NA,NA,NA,NA,NA,NA,NA
22176,668834,Easton McGee,2026,28,9,0,11.333,52,17,9,3,9,5,0,0,0.4,73.034,6.279,4.968,0.188,92.764,86.8,NA,38,20.109,5.688,RP,103.5,4,10.526,5.688,17.308,9.615,7.692,7.147,1.459,0.868,NA,NA,NA,NA,NA,NA,NA,NA,NA,NA,NA,NA,NA,NA,NA,NA,NA,NA,NA,NA,NA,NA,NA,NA,pitcher,NA,NA,NA,NA,NA,NA,NA,NA,NA,NA
22717,672582,Angel Zerpa,2026,26,12,0,12.667,55,16,9,2,8,6,0,0,0.368,57.292,5.313,4.332,0.222,95.601,NA,NA,25,27.315,7.562,RP,107.6,3,7.317,7.562,14.545,10.909,3.636,6.395,-1.167,1.082,4.103,20.356,7.23,13.126,4.44,-0.337,4.084,0.019,7.325,25.079,0.321,76.659,25.513,0.148,2.292,-5.81,3.679,-9.489,3.122,-0.079,1.802,-0.008,-19.367,0.047,pitcher,1.948,-4.454,2.664,-7.118,2.811,-0.672,2.603,-0.143,-19.074,0.046
23443,676680,Tom Cosgrove,2026,30,18,0,16.333,74,18,14,3,14,6,0,2,0.306,45.872,5.245,5.352,0.111,88.578,NA,NA,30.714,23.881,4.345,RP,103.9,5,9.615,4.345,18.919,8.108,10.811,7.714,3.369,2.469,1.761,21.463,9.268,12.195,2.67,-0.909,3.703,-1.942,3.65,26.802,0.209,84.646,29.152,0.049,5.953,-2.544,-1.16,-1.384,1.675,3.912,-5.271,5.966,-38.774,0.097,pitcher,5.61,-1.188,-2.175,0.987,1.364,3.32,-4.471,5.831,-38.481,0.096
15507,640451,Hunter Harvey,2026,31,4,0,4,18,5,3,2,4,1,0,0,0.273,93.75,8.352,4.116,0.333,96.737,NA,89.208,32.5,28.947,5.128,RP,105.9,3,23.077,5.128,22.222,5.556,16.667,6.75,1.622,-1.602,4.013,26.009,6.839,19.17,4.693,-0.679,3.46,0.553,8.934,34.017,0.312,70.207,27.926,0.118,2.737,-3.787,-1.283,-2.504,0.435,-1.517,1.022,14.143,23.543,-0.04,pitcher,2.393,-2.43,-2.298,-0.132,0.124,-2.11,1.822,14.008,23.837,-0.04
6632,471911,Carlos Carrasco,2026,39,8,0,16.667,73,21,11,3,7,3,0,2,0.321,68.807,5.502,4.702,0.176,91.172,89.674,NA,39.437,21.951,8.9,RP,103.4,6,9.836,8.9,9.589,4.11,5.479,5.94,-2.96,0.438,NA,NA,NA,NA,NA,NA,NA,NA,NA,NA,NA,NA,NA,NA,NA,NA,NA,NA,NA,NA,NA,NA,NA,NA,pitcher,NA,NA,NA,NA,NA,NA,NA,NA,NA,NA
30412,703615,Jose Cabrera,2026,24,8,5,28.333,129,32,18,6,20,11,0,3,0.295,74.468,5.926,5.303,0.15,93.75,90.009,NA,27.574,23.06,5.2,SP,104.2,9,9.474,5.2,15.504,8.527,6.977,5.718,0.517,-0.208,NA,NA,NA,NA,NA,NA,NA,NA,NA,NA,NA,NA,NA,NA,NA,NA,NA,NA,NA,NA,NA,NA,NA,NA,pitcher,NA,NA,NA,NA,NA,NA,NA,NA,NA,NA
12972,605452,Joe Ross,2026,33,8,0,11.667,57,16,12,3,7,6,0,0,0.317,50.562,6.788,5.773,0.167,95.396,NA,90.711,38.889,21.739,6.93,RP,102.9,5,11.364,6.93,12.281,10.526,1.754,9.257,2.327,2.469,3.77,20.561,9.034,11.526,3.91,-0.14,3.829,-0.058,8,30.781,0.298,72.668,28.297,0.075,5.487,-8.28,1.492,-9.772,3.02,8.108,-6.558,3.364,-22.106,0.019,pitcher,5.143,-6.924,0.477,-7.401,2.709,7.515,-5.758,3.229,-21.813,0.018
27144,684516,Hancel Rincon,2026,24,2,0,1.333,11,5,7,1,1,1,0,1,0.571,0,15.852,8.366,0.5,95.875,NA,NA,29.167,16.279,24.579,RP,103.7,2,25,24.579,9.091,9.091,0,47.25,22.671,31.398,NA,NA,NA,NA,NA,NA,NA,NA,NA,NA,NA,NA,NA,NA,NA,NA,NA,NA,NA,NA,NA,NA,NA,NA,pitcher,NA,NA,NA,NA,NA,NA,NA,NA,NA,NA
33794,694346,Trey Gibson,2026,24,9,8,39.667,185,41,27,7,37,27,0,1,0.304,70.946,5.649,4.458,0.241,95.019,91.671,NA,28.571,28.129,6.12,SP,106.1,10,8.333,6.12,20,14.595,5.405,6.126,0.006,0.478,NA,NA,NA,NA,NA,NA,NA,NA,NA,NA,NA,NA,NA,NA,NA,NA,NA,NA,NA,NA,NA,NA,NA,NA,pitcher,NA,NA,NA,NA,NA,NA,NA,NA,NA,NA
22622,672442,Yovanny Cruz,2026,26,17,0,16,70,16,9,2,15,9,0,2,0.333,74.38,4.915,4.893,0.118,99.945,NA,89.714,31.469,28.906,5.376,RP,105.1,1,2.273,5.376,21.429,12.857,8.571,5.062,-0.314,0.148,NA,NA,NA,NA,NA,NA,NA,NA,NA,NA,NA,NA,NA,NA,NA,NA,NA,NA,NA,NA,NA,NA,NA,NA,pitcher,NA,NA,NA,NA,NA,NA,NA,NA,NA,NA
27741,689546,Nick Davila,2026,27,24,0,27.333,119,24,15,2,13,13,0,4,0.253,62.827,4.968,5.563,0.071,94.8,NA,NA,29.675,25.503,4.989,RP,103.6,4,4.494,4.989,10.924,10.924,0,4.939,-0.05,-0.029,NA,NA,NA,NA,NA,NA,NA,NA,NA,NA,NA,NA,NA,NA,NA,NA,NA,NA,NA,NA,NA,NA,NA,NA,pitcher,NA,NA,NA,NA,NA,NA,NA,NA,NA,NA
27775,693312,Kyle Nicolas,2026,27,7,0,7.333,42,8,7,1,7,13,0,0,0.333,71.429,8.284,8.775,0.091,96.81,NA,NA,18.797,23.737,9.044,RP,101.2,1,4.545,9.044,16.667,30.952,-14.286,8.591,-0.453,0.307,3.985,22.634,12.757,9.877,4.4,-0.415,4.026,-0.041,8.497,28.253,0.315,69.652,25.474,0.078,4.606,-5.967,18.195,-24.162,4.644,-9.456,-1.736,-3.951,1.777,0.018,pitcher,4.262,-4.611,17.18,-21.791,4.333,-10.049,-0.936,-4.086,2.07,0.017
23313,676130,Jose Butto,2026,28,3,0,2,16,6,5,2,5,4,0,0,0.8,69.444,17.102,7.12,0.5,93.171,NA,NA,25.532,26.984,13.004,RP,108,1,14.286,13.004,31.25,25,6.25,22.5,9.496,5.398,2.554,26.871,12.925,13.946,3.44,-0.886,3.829,-1.275,7.558,32.423,0.211,83.333,27.146,0.086,19.946,4.379,12.075,-7.696,9.564,-6.891,-0.162,6.728,-13.889,0.589,pitcher,19.603,5.736,11.06,-5.324,9.252,-7.484,0.638,6.593,-13.596,0.588
25215,682274,Yaramil Hiraldo,2026,30,8,0,9.333,48,9,9,2,13,10,0,1,0.318,63.953,6.638,6.439,0.125,95.814,NA,86.559,34.746,29.534,4.249,RP,102.8,2,8.333,4.249,27.083,20.833,6.25,8.679,4.43,2.041,NA,NA,NA,NA,NA,NA,NA,NA,NA,NA,NA,NA,NA,NA,NA,NA,NA,NA,NA,NA,NA,NA,NA,NA,pitcher,NA,NA,NA,NA,NA,NA,NA,NA,NA,NA
26406,687239,Ben Peoples,2026,25,16,0,16.333,68,14,5,3,10,8,0,1,0.239,95.745,5.919,5.471,0.143,96.08,NA,NA,36.571,23.759,3.924,RP,101.6,3,6.122,3.924,14.706,11.765,2.941,2.755,-1.169,-3.164,NA,NA,NA,NA,NA,NA,NA,NA,NA,NA,NA,NA,NA,NA,NA,NA,NA,NA,NA,NA,NA,NA,NA,NA,pitcher,NA,NA,NA,NA,NA,NA,NA,NA,NA,NA
10078,573204,Caleb Thielbar,2026,39,58,0,50,212,47,27,11,60,18,3,1,0.3,71.146,4.702,3.864,0.164,93.347,87.547,NA,37.576,28.386,4.578,RP,105.9,14,10.526,4.578,28.302,8.491,19.811,4.86,0.282,0.158,4.985,25.391,10.156,15.234,4.073,0.912,4.153,0.832,10.301,30.542,0.314,66.569,28.784,0.122,-0.125,2.911,-1.666,4.577,0.505,7.034,-0.398,0.225,4.577,-0.014,pitcher,-0.469,4.268,-2.681,6.948,0.194,6.441,0.402,0.09,4.87,-0.015
21345,656986,Bennett Sousa,2026,31,35,1,30,141,36,20,5,32,18,0,0,0.365,68.085,4.936,4.982,0.114,93.798,85.5,NA,35.117,32.27,4.135,RP,103.1,9,9.89,4.135,22.695,12.766,9.929,6,1.865,1.064,4,29.412,5.882,23.529,3.23,0.77,3.144,0.856,9.091,34.091,0.238,60.606,26.429,0.1,2,-6.717,6.884,-13.6,0.905,1.026,5.842,0.799,7.479,0.127,pitcher,1.657,-5.36,5.869,-11.229,0.594,0.433,6.642,0.664,7.772,0.126
11861,592094,Jason Adam,2026,34,38,0,34.333,142,30,10,5,22,10,0,3,0.245,91.667,4.85,4.847,0.116,93.556,NA,NA,35.632,26.587,3.774,RP,102.2,8,7.477,3.774,15.493,7.042,8.451,2.621,-1.153,-2.229,2.17,29.213,8.333,20.88,3.387,-1.217,3.23,-1.06,7.58,35.703,0.216,79.095,32.248,0.088,0.451,-13.721,-1.291,-12.429,0.387,-0.071,-5.662,-0.104,12.571,0.029,pitcher,0.108,-12.364,-2.306,-10.058,0.075,-0.664,-4.861,-0.239,12.864,0.029
24930,681799,Ethan Roberts,2026,28,23,0,25.667,110,22,12,3,17,14,0,3,0.26,71.839,5.284,5.293,0.115,93.573,92.922,NA,26.923,25.172,5.042,RP,104.4,3,3.947,5.042,15.455,12.727,2.727,4.208,-0.834,-1.076,3.779,22.034,8.475,13.559,4.31,-0.531,3.916,-0.138,7.407,28.623,0.359,82.011,28.27,0.079,0.429,-6.579,4.253,-10.832,0.732,-1.7,-3.098,-3.46,-10.172,-0.099,pitcher,0.086,-5.223,3.238,-8.461,0.421,-2.293,-2.298,-3.595,-9.878,-0.099
26419,687134,Bradley Blalock,2026,25,4,0,11.333,48,11,7,4,12,4,0,0,0.25,85.106,6.632,3.908,0.286,95.836,93.125,89.107,33.913,25.5,4.985,RP,106,4,12.5,4.985,25,8.333,16.667,5.559,0.574,-1.073,NA,NA,NA,NA,NA,NA,NA,NA,NA,NA,NA,NA,NA,NA,NA,NA,NA,NA,NA,NA,NA,NA,NA,NA,pitcher,NA,NA,NA,NA,NA,NA,NA,NA,NA,NA
16990,621383,Tanner Banks,2026,34,32,1,36.333,176,52,25,8,38,15,1,1,0.389,68.662,5.194,4.533,0.151,91.72,NA,NA,34.837,26.756,4.196,RP,103.2,8,6.557,4.196,21.591,8.523,13.068,6.193,1.996,0.999,4.089,23.99,7.66,16.33,3.62,0.469,3.56,0.529,6.963,28.426,0.309,65.159,27.536,0.096,2.103,-2.399,0.863,-3.262,0.576,6.411,-0.78,-0.406,3.503,0.08,pitcher,1.76,-1.043,-0.152,-0.89,0.264,5.818,0.021,-0.541,3.796,0.08
24581,680689,Lyon Richardson,2026,26,3,1,3.333,16,2,5,2,4,3,0,1,0,31.25,12.102,5.66,0.667,95.781,NA,NA,25,26.471,11.771,RP,106.4,2,25,11.771,25,18.75,6.25,13.5,1.729,1.398,NA,NA,NA,NA,NA,NA,NA,NA,NA,NA,NA,NA,NA,NA,NA,NA,NA,NA,NA,NA,NA,NA,NA,NA,pitcher,NA,NA,NA,NA,NA,NA,NA,NA,NA,NA
29633,694851,Andrew Hoffmann,2026,26,8,0,11.667,59,16,10,3,12,8,0,1,0.382,62.5,6.702,5.3,0.2,94.492,NA,NA,19.118,23.478,4.843,RP,106.3,3,7.895,4.843,20.339,13.559,6.78,7.714,2.872,1.012,NA,NA,NA,NA,NA,NA,NA,NA,NA,NA,NA,NA,NA,NA,NA,NA,NA,NA,NA,NA,NA,NA,NA,NA,pitcher,NA,NA,NA,NA,NA,NA,NA,NA,NA,NA
32070,684442,Kohl Drake,2026,25,5,5,20.667,95,24,15,5,17,7,0,4,0.306,71.429,6.199,5.756,0.135,91.624,86.25,NA,25.764,23.56,7.911,SP,105,11,16.418,7.911,17.895,7.368,10.526,6.532,-1.379,0.333,NA,NA,NA,NA,NA,NA,NA,NA,NA,NA,NA,NA,NA,NA,NA,NA,NA,NA,NA,NA,NA,NA,NA,NA,pitcher,NA,NA,NA,NA,NA,NA,NA,NA,NA,NA
29921,681293,Spencer Arrighetti,2026,26,24,19,110.667,492,89,61,18,106,64,0,15,0.248,70.728,5.443,5.196,0.131,92.377,87.817,NA,27.133,27.418,5.274,SP,103.6,28,9.121,5.274,21.545,13.008,8.537,4.961,-0.313,-0.482,4.531,27.057,10.285,16.772,4.05,0.481,4.18,0.351,7.712,29.67,0.321,72.137,29.374,0.128,0.43,-5.512,2.723,-8.236,1.224,-2.536,-1.957,1.408,-1.408,-0.072,pitcher,0.086,-4.156,1.708,-5.864,0.913,-3.129,-1.156,1.274,-1.115,-0.073
33838,684320,Yariel Rodriguez,2026,29,10,0,9.333,45,12,8,2,6,7,0,1,0.345,52.326,7.174,6.49,0.154,95.694,NA,88.238,23.364,22.093,7.41,RP,105.5,4,12.903,7.41,13.333,15.556,-2.222,7.714,0.304,0.541,NA,NA,NA,NA,NA,NA,NA,NA,NA,NA,NA,NA,NA,NA,NA,NA,NA,NA,NA,NA,NA,NA,NA,NA,pitcher,NA,NA,NA,NA,NA,NA,NA,NA,NA,NA
27487,689017,Landon Knack,2026,28,4,0,11.667,50,12,5,4,8,2,0,1,0.229,106.383,6.959,5.348,0.182,93.69,NA,NA,31.068,25.134,4.092,RP,103.2,5,12.821,4.092,16,4,12,3.857,-0.235,-3.102,NA,NA,NA,NA,NA,NA,NA,NA,NA,NA,NA,NA,NA,NA,NA,NA,NA,NA,NA,NA,NA,NA,NA,NA,pitcher,NA,NA,NA,NA,NA,NA,NA,NA,NA,NA
15474,608337,Lucas Giolito,2026,31,7,5,29.667,138,32,17,4,18,23,0,1,0.304,73.413,6.069,6.35,0.1,90.856,NA,NA,23.423,24.549,5.587,SP,104.3,4,4.167,5.587,13.043,16.667,-3.623,5.157,-0.43,-0.911,4.889,25.693,9.194,16.499,4.61,0.279,5.268,-0.379,11.024,30.235,0.274,72.831,28.822,0.177,0.269,-12.649,7.473,-20.122,0.977,-6.812,-4.273,-6.857,0.582,0.03,pitcher,-0.075,-11.293,6.458,-17.75,0.666,-7.404,-3.472,-6.992,0.875,0.03
27014,683742,Jose Franco,2026,25,10,0,20.333,93,19,10,3,15,16,0,0,0.271,77.922,5.906,6.066,0.107,95.138,NA,NA,27.184,22.414,5.228,RP,101.5,6,9.677,5.228,16.129,17.204,-1.075,4.426,-0.802,-1.479,NA,NA,NA,NA,NA,NA,NA,NA,NA,NA,NA,NA,NA,NA,NA,NA,NA,NA,NA,NA,NA,NA,NA,NA,pitcher,NA,NA,NA,NA,NA,NA,NA,NA,NA,NA
6984,472610,Luis Garcia,2026,39,15,0,15,74,23,15,2,6,6,0,1,0.362,51.471,5.436,6.217,0.08,95.016,NA,87.699,34.694,23.019,7.189,RP,104.2,3,4.918,7.189,8.108,8.108,0,9,1.811,3.564,4.687,20.603,6.706,13.897,3.678,1.009,4.112,0.575,6.125,33.968,0.302,65.959,26.905,0.156,4.313,-12.494,1.403,-13.897,3.511,0.726,-3.886,-1.207,-14.489,0.061,pitcher,3.97,-11.138,0.388,-11.525,3.2,0.133,-3.085,-1.342,-14.196,0.06
27608,676105,Jeff Criswell,2026,27,3,0,4,18,4,2,2,3,3,0,0,0.2,119.048,10.352,5.739,0.4,95.394,NA,NA,25.532,20.253,9.169,RP,105.8,2,16.667,9.169,16.667,16.667,0,4.5,-4.669,-5.852,NA,NA,NA,NA,NA,NA,NA,NA,NA,NA,NA,NA,NA,NA,NA,NA,NA,NA,NA,NA,NA,NA,NA,NA,pitcher,NA,NA,NA,NA,NA,NA,NA,NA,NA,NA
19453,641312,Shaun Anderson,2026,31,12,0,20,93,25,17,4,17,10,0,1,0.35,55.921,5.652,4.712,0.182,93.298,NA,NA,30.097,26.781,6.918,RP,103.9,6,9.231,6.918,18.28,10.753,7.527,7.65,0.732,1.998,8.385,11.765,1.176,10.588,6.74,1.645,4.697,3.688,10.959,25.893,0.443,53.459,23.77,0.111,-0.735,6.515,9.576,-3.061,0.178,4.204,3.01,-1.728,2.462,-0.093,pitcher,-1.078,7.871,8.561,-0.69,-0.134,3.611,3.811,-1.863,2.755,-0.094
29960,700363,AJ Smith-Shawver,2026,23,8,5,30,139,31,22,6,24,16,0,2,0.275,66.502,5.902,5.415,0.143,96.092,88,82.96,33.832,25.135,4.642,SP,104.2,8,8.247,4.642,17.266,11.511,5.755,6.6,1.958,0.698,0,22.222,11.111,11.111,2.98,-2.98,2.705,-2.705,8.333,24.49,0.25,100,24.138,0,6.6,-4.956,0.4,-5.356,1.662,9.343,0.997,-0.086,-33.498,0.025,pitcher,6.257,-3.6,-0.615,-2.984,1.351,8.75,1.797,-0.221,-33.204,0.024
27984,692030,Jose Corniell,2026,23,2,0,4.333,28,11,10,2,4,4,1,0,0.529,40.984,10.025,7.508,0.2,94.167,90.667,NA,26.23,22.115,5.884,RP,103,2,10,5.884,14.286,14.286,0,20.769,14.885,10.744,NA,NA,NA,NA,NA,NA,NA,NA,NA,NA,NA,NA,NA,NA,NA,NA,NA,NA,NA,NA,NA,NA,NA,NA,pitcher,NA,NA,NA,NA,NA,NA,NA,NA,NA,NA
19865,656212,Charlie Barnes,2026,30,5,0,13,63,17,10,3,6,7,0,1,0.304,67.308,7.025,5.534,0.231,89.381,NA,NA,27.273,21.891,7.482,RP,106.8,4,8.163,7.482,9.524,11.111,-1.587,6.923,-0.559,-0.102,NA,NA,NA,NA,NA,NA,NA,NA,NA,NA,NA,NA,NA,NA,NA,NA,NA,NA,NA,NA,NA,NA,NA,NA,pitcher,NA,NA,NA,NA,NA,NA,NA,NA,NA,NA
33628,815083,Mitch Farris,2026,25,33,0,60,258,60,27,10,63,29,1,1,0.323,80.263,4.669,3.961,0.172,91.729,88.78,NA,29.296,27.492,4.939,RP,106.3,15,9.091,4.939,24.419,11.24,13.178,4.05,-0.889,-0.619,NA,NA,NA,NA,NA,NA,NA,NA,NA,NA,NA,NA,NA,NA,NA,NA,NA,NA,NA,NA,NA,NA,NA,NA,pitcher,NA,NA,NA,NA,NA,NA,NA,NA,NA,NA
21574,663893,Brendon Little,2026,29,30,0,28.333,132,29,20,5,44,25,6,0,0.421,65.957,4.938,3.496,0.312,95.108,95,NA,31.608,32.065,3.323,RP,103.5,4,6.349,3.323,33.333,18.939,14.394,6.353,3.03,1.415,NA,NA,NA,NA,NA,NA,NA,NA,NA,NA,NA,NA,NA,NA,NA,NA,NA,NA,NA,NA,NA,NA,NA,NA,pitcher,NA,NA,NA,NA,NA,NA,NA,NA,NA,NA
30170,695534,Chase Petty,2026,23,16,3,31.667,139,31,17,6,15,9,0,3,0.236,69.364,5.755,5.532,0.128,96.477,NA,NA,30.037,24.528,5.725,RP,104.1,10,8.929,5.725,10.791,6.475,4.317,4.832,-0.893,-0.923,NA,NA,NA,NA,NA,NA,NA,NA,NA,NA,NA,NA,NA,NA,NA,NA,NA,NA,NA,NA,NA,NA,NA,NA,pitcher,NA,NA,NA,NA,NA,NA,NA,NA,NA,NA
23391,676568,Ricky Vanasco,2026,27,5,0,6.333,40,14,11,2,4,6,0,0,0.429,46.512,8.787,8.255,0.133,93.793,NA,NA,27.885,24.561,7.267,RP,103.2,2,6.667,7.267,10,15,-5,15.632,8.364,6.845,6.75,6.667,0,6.667,3.88,2.87,2.666,4.084,0,20,0.214,0,22.222,0,8.882,3.333,15,-11.667,3.387,7.885,2.339,6.667,46.512,0.214,pitcher,8.538,4.69,13.985,-9.295,3.076,7.292,3.14,6.532,46.805,0.214
26790,683409,Angel Chivilli,2026,23,15,0,16.667,73,14,7,4,16,7,0,1,0.222,79.268,5.742,4.795,0.167,98.051,NA,89.924,33.143,27.018,4.016,RP,105.8,3,6.122,4.016,21.918,9.589,12.329,3.78,-0.236,-1.962,NA,NA,NA,NA,NA,NA,NA,NA,NA,NA,NA,NA,NA,NA,NA,NA,NA,NA,NA,NA,NA,NA,NA,NA,pitcher,NA,NA,NA,NA,NA,NA,NA,NA,NA,NA
19481,621053,Tyler Ferguson,2026,32,18,0,18.667,78,15,11,6,21,4,0,3,0.205,80.882,6.156,4.079,0.231,95.485,87.385,NA,39.444,30.034,4.467,RP,103.7,8,16,4.467,26.923,5.128,21.795,5.304,0.837,-0.852,3.699,29.952,11.594,18.357,3.67,0.029,3.283,0.415,8.403,33.333,0.243,66.794,29.548,0.078,1.605,-3.029,-6.466,3.437,0.797,6.111,0.486,7.597,14.088,-0.039,pitcher,1.262,-1.672,-7.481,5.809,0.485,5.518,1.286,7.462,14.382,-0.04
20020,670167,John Schreiber,2026,32,66,0,60.333,246,49,22,7,40,26,4,1,0.246,75.529,4.627,4.62,0.117,93.601,89.632,NA,29.534,26.78,4.013,RP,104,9,5.028,4.013,16.26,10.569,5.691,3.282,-0.731,-1.345,3.739,21.804,9.703,12.1,3.539,0.199,3.378,0.361,4.516,28.765,0.306,71.389,26.056,0.046,-0.457,-5.543,0.866,-6.409,0.474,0.769,0.724,0.512,4.14,-0.06,pitcher,-0.8,-4.187,-0.149,-4.038,0.162,0.176,1.525,0.377,4.433,-0.061
31610,687209,Zach Maxwell,2026,25,12,0,13,67,18,12,3,12,10,0,0,0.357,67.227,6.564,6.35,0.125,98.836,92.772,NA,29.63,23.891,5.898,RP,103.7,5,11.111,5.898,17.91,14.925,2.985,8.308,2.409,1.744,NA,NA,NA,NA,NA,NA,NA,NA,NA,NA,NA,NA,NA,NA,NA,NA,NA,NA,NA,NA,NA,NA,NA,NA,pitcher,NA,NA,NA,NA,NA,NA,NA,NA,NA,NA
17964,656457,Tyler Gilbert,2026,32,5,1,6,32,12,8,2,4,4,0,0,0.455,60.606,8.102,6.284,0.2,90.079,87.294,85.6,27.397,25.926,9.987,RP,105.9,3,12.5,9.987,12.5,12.5,0,12,2.013,3.898,5.263,26.389,6.944,19.444,6.2,-0.937,3.428,1.835,12.5,31.21,0.413,68.966,28.897,0.167,6.737,-13.889,5.556,-19.444,3.787,-3.813,-2.971,0,-8.359,0.042,pitcher,6.393,-12.532,4.541,-17.073,3.475,-4.406,-2.171,-0.135,-8.066,0.041
19884,656686,Corbin Martin,2026,30,7,0,5,25,5,6,2,4,5,0,0,0.214,55.556,9.702,7.219,0.222,94.918,NA,NA,34.722,27.928,7.139,RP,105.6,2,12.5,7.139,16,20,-4,10.8,3.661,1.098,NA,NA,NA,NA,NA,NA,NA,NA,NA,NA,NA,NA,NA,NA,NA,NA,NA,NA,NA,NA,NA,NA,NA,NA,pitcher,NA,NA,NA,NA,NA,NA,NA,NA,NA,NA
29542,701552,Andre Granillo,2026,26,8,0,9.333,50,13,10,2,3,8,0,1,0.314,52.083,8.138,8.263,0.111,94.32,NA,NA,23.438,22.222,7.064,RP,102.9,5,13.158,7.064,6,16,-10,9.643,2.578,1.505,NA,NA,NA,NA,NA,NA,NA,NA,NA,NA,NA,NA,NA,NA,NA,NA,NA,NA,NA,NA,NA,NA,NA,NA,pitcher,NA,NA,NA,NA,NA,NA,NA,NA,NA,NA
23563,676910,Matt Seelinger,2026,31,1,0,2,15,5,7,1,2,4,0,0,0.5,26.316,13.602,10.12,0.25,92.8,86.727,NA,33.333,26.923,7.759,RP,107.1,2,22.222,7.759,13.333,26.667,-13.333,31.5,23.741,17.898,NA,NA,NA,NA,NA,NA,NA,NA,NA,NA,NA,NA,NA,NA,NA,NA,NA,NA,NA,NA,NA,NA,NA,NA,pitcher,NA,NA,NA,NA,NA,NA,NA,NA,NA,NA
23150,674370,Osvaldo Bido,2026,30,11,0,18.667,81,15,13,3,11,10,0,4,0.226,64.516,6.263,6.276,0.115,94.61,NA,NA,33.163,26.814,6.317,RP,106.7,5,8.929,6.317,13.58,12.346,1.235,6.268,-0.049,0.005,NA,NA,NA,NA,NA,NA,NA,NA,NA,NA,NA,NA,NA,NA,NA,NA,NA,NA,NA,NA,NA,NA,NA,NA,pitcher,NA,NA,NA,NA,NA,NA,NA,NA,NA,NA
26097,690440,Bradley Hanner,2026,27,5,0,7.333,34,11,7,4,7,1,0,0,0.318,78.125,8.693,4.277,0.308,92.488,87.333,NA,31.081,21.094,5.701,RP,105,4,15.385,5.701,20.588,2.941,17.647,8.591,2.89,-0.102,NA,NA,NA,NA,NA,NA,NA,NA,NA,NA,NA,NA,NA,NA,NA,NA,NA,NA,NA,NA,NA,NA,NA,NA,pitcher,NA,NA,NA,NA,NA,NA,NA,NA,NA,NA
11847,455119,Chris Martin,2026,40,16,0,14,66,25,14,4,9,2,0,1,0.42,58.036,6.174,4.507,0.211,94.379,91.442,87.708,35.556,22.984,7.678,RP,106.4,6,11.111,7.678,13.636,3.03,10.606,9,1.322,2.826,2.797,26.522,2.3,24.222,3.348,-0.551,2.69,0.107,3.504,39.037,0.339,74.456,28.02,0.114,6.203,-12.886,0.73,-13.616,4.33,-3.481,-5.037,7.608,-16.42,0.081,pitcher,5.859,-11.53,-0.285,-11.244,4.019,-4.074,-4.236,7.473,-16.127,0.08
27707,687765,Mitch Spence,2026,28,3,1,9.333,56,19,22,3,6,9,0,0,0.421,25.21,8.888,6.811,0.231,92.27,91.921,NA,31.148,21.5,5.703,RP,104,1,2.439,5.703,10.714,16.071,-5.357,21.214,15.511,12.326,NA,NA,NA,NA,NA,NA,NA,NA,NA,NA,NA,NA,NA,NA,NA,NA,NA,NA,NA,NA,NA,NA,NA,NA,pitcher,NA,NA,NA,NA,NA,NA,NA,NA,NA,NA
33980,702752,Jonathan Pintaro,2026,28,22,0,30.667,130,26,18,5,30,16,0,3,0.284,68.421,5.124,4.53,0.161,95.218,91.173,NA,29.43,26.145,4.32,RP,103.9,5,6.173,4.32,23.077,12.308,10.769,5.283,0.962,0.159,NA,NA,NA,NA,NA,NA,NA,NA,NA,NA,NA,NA,NA,NA,NA,NA,NA,NA,NA,NA,NA,NA,NA,NA,pitcher,NA,NA,NA,NA,NA,NA,NA,NA,NA,NA
21846,666142,Cole Ragans,2026,28,8,8,35.333,151,27,19,10,45,23,0,0,0.233,83.333,6.187,4.387,0.227,94.95,89.806,NA,29.695,27.7,5.115,SP,104.8,13,15.663,5.115,29.801,15.232,14.57,4.84,-0.276,-1.348,3.143,29.265,8.793,20.472,3.31,-0.167,2.995,0.149,6.223,33.08,0.29,74.747,28.929,0.081,1.696,0.536,6.439,-5.903,1.805,-3.385,-1.229,9.439,8.586,-0.058,pitcher,1.353,1.893,5.424,-3.531,1.494,-3.978,-0.429,9.305,8.879,-0.058
21461,663485,Cole Sands,2026,28,13,0,12,56,15,11,3,11,5,0,1,0.343,59.524,6.019,4.781,0.188,93.03,87.571,87.118,30.508,26.316,5.82,RP,106.1,4,10.256,5.82,19.643,8.929,10.714,8.25,2.43,2.231,3.291,29.11,4.11,25,3.24,0.051,2.634,0.657,6.349,33.639,0.29,68.513,28.51,0.074,4.959,-9.467,4.819,-14.286,2.58,-3.131,-2.194,3.907,-8.989,0.053,pitcher,4.615,-8.11,3.804,-11.914,2.269,-3.723,-1.393,3.772,-8.696,0.053
22051,667463,John King,2026,31,50,1,49.667,197,33,22,7,33,17,2,4,0.193,67.873,4.874,4.652,0.132,90.534,NA,NA,32.767,25.874,4.057,RP,103.9,12,8.392,4.057,16.751,8.629,8.122,3.987,-0.071,-0.888,2.985,14.872,5.771,9.101,3.938,-0.953,3.725,-0.74,6.042,35.953,0.29,75.909,25.108,0.108,1.002,1.879,2.858,-0.979,0.119,-3.186,0.766,2.35,-8.036,-0.098,pitcher,0.658,3.235,1.843,1.392,-0.192,-3.779,1.566,2.215,-7.743,-0.098
16609,650556,Bryan Abreu,2026,29,66,0,62.667,268,44,26,9,80,41,0,5,0.267,80.103,4.618,4.148,0.155,95.667,92.891,NA,28.824,30.65,4.111,RP,102.7,9,6.338,4.111,29.851,15.299,14.552,3.734,-0.377,-0.884,2.791,32.409,10.063,22.345,3.276,-0.485,3.37,-0.579,8.948,31.726,0.28,84.008,33.086,0.113,0.943,-2.558,5.235,-7.793,0.835,-2.902,-2.436,-2.61,-3.905,-0.012,pitcher,0.599,-1.202,4.22,-5.422,0.523,-3.495,-1.636,-2.745,-3.612,-0.013
30128,672021,Eric Cerantola,2026,26,4,0,5.333,27,4,6,2,7,10,0,0,0.25,71.429,10.977,7.234,0.5,94.457,90.333,NA,17.045,27.049,7.421,RP,101.5,2,20,7.421,25.926,37.037,-11.111,10.125,2.704,-0.852,NA,NA,NA,NA,NA,NA,NA,NA,NA,NA,NA,NA,NA,NA,NA,NA,NA,NA,NA,NA,NA,NA,NA,NA,pitcher,NA,NA,NA,NA,NA,NA,NA,NA,NA,NA
31761,702566,Owen Murphy,2026,22,5,1,12,56,17,8,4,9,3,0,1,0.333,71.429,6.936,5.369,0.182,92.902,NA,NA,38.053,23.585,7.488,RP,104.8,5,11.628,7.488,16.071,5.357,10.714,6,-1.488,-0.936,NA,NA,NA,NA,NA,NA,NA,NA,NA,NA,NA,NA,NA,NA,NA,NA,NA,NA,NA,NA,NA,NA,NA,NA,pitcher,NA,NA,NA,NA,NA,NA,NA,NA,NA,NA
12763,606965,Chris Devenski,2026,35,9,0,7.667,38,14,10,3,5,1,0,1,0.393,50.847,7.668,5.139,0.231,92.927,86.6,NA,38.272,23.134,4.782,RP,102.5,3,9.677,4.782,13.158,2.632,10.526,11.739,6.957,4.072,4.489,24.277,6.358,17.919,4.58,-0.091,3.964,0.526,13.445,33.252,0.265,60.606,28.781,0.125,7.25,-11.12,-3.727,-7.393,0.202,5.02,-5.647,-3.768,-9.759,0.127,pitcher,6.906,-9.763,-4.742,-5.021,-0.11,4.427,-4.846,-3.903,-9.465,0.127
21863,666277,George Soriano,2026,27,70,0,66,290,57,31,10,66,35,2,3,0.27,76.543,4.799,4.43,0.143,96.591,NA,NA,35.029,29.321,4.551,RP,104.6,17,9.14,4.551,22.759,12.069,10.69,4.227,-0.323,-0.572,3.808,22.807,10.088,12.719,4.48,-0.672,4.37,-0.563,7.432,29.365,0.282,73.171,28.959,0.105,0.42,-0.048,1.981,-2.03,0.071,5.664,0.361,1.707,3.372,-0.012,pitcher,0.076,1.308,0.966,0.342,-0.241,5.071,1.162,1.572,3.666,-0.012
20203,669212,Eli Morgan,2026,30,16,0,19.333,91,24,11,5,16,9,0,2,0.322,85.714,6.516,5.183,0.192,91.222,NA,NA,35.071,27.729,7.28,RP,102.7,4,6.25,7.28,17.582,9.89,7.692,5.121,-2.16,-1.395,2.657,22.125,7.125,15,3.052,-0.395,3.731,-1.074,4.933,38.073,0.265,80.031,27.176,0.091,2.464,-4.543,2.765,-7.308,4.228,-3.002,0.553,1.317,5.683,0.057,pitcher,2.121,-3.186,1.75,-4.936,3.917,-3.595,1.353,1.182,5.977,0.056
26197,683734,Andrew Vaughn,2026,28,2,0,3,26,12,10,4,1,5,0,1,0.533,64.516,25.769,11.957,0.571,46.614,NA,NA,27.027,19.048,18.265,RP,104.5,3,15.789,18.265,3.846,19.231,-15.385,30,11.735,4.231,NA,NA,NA,NA,NA,NA,NA,NA,NA,NA,NA,NA,NA,NA,NA,NA,NA,NA,NA,NA,NA,NA,NA,NA,pitcher,NA,NA,NA,NA,NA,NA,NA,NA,NA,NA
20517,680704,Nick Sandlin,2026,29,8,0,8.667,40,9,11,2,6,5,0,3,0.292,42.254,7.487,6.402,0.182,91.486,NA,84.405,23.469,25.478,6.32,RP,103.2,2,7.692,6.32,15,12.5,2.5,11.423,5.103,3.936,NA,NA,NA,NA,NA,NA,NA,NA,NA,NA,NA,NA,NA,NA,NA,NA,NA,NA,NA,NA,NA,NA,NA,NA,pitcher,NA,NA,NA,NA,NA,NA,NA,NA,NA,NA
20070,663559,Bailey Falter,2026,29,7,2,13,69,26,15,4,8,6,0,0,0.431,64.394,7.256,5.113,0.25,92.306,83.714,85.5,26.496,24.424,6.722,RP,105.9,4,7.273,6.722,11.594,8.696,2.899,10.385,3.662,3.128,NA,NA,NA,NA,NA,NA,NA,NA,NA,NA,NA,NA,NA,NA,NA,NA,NA,NA,NA,NA,NA,NA,NA,NA,pitcher,NA,NA,NA,NA,NA,NA,NA,NA,NA,NA
17192,656222,Jalen Beeks,2026,32,29,0,26,113,28,11,6,21,8,1,0,0.289,90.58,5.41,4.151,0.2,93.399,81.378,NA,31.982,28.501,5.788,RP,105.6,9,10.714,5.788,18.584,7.08,11.504,3.808,-1.98,-1.602,4.748,18.794,9.043,9.752,3.751,0.997,3.966,0.783,5.266,28.768,0.321,65.195,24.084,0.075,-0.94,-0.21,-1.963,1.753,2.037,3.214,4.417,5.448,25.385,-0.031,pitcher,-1.284,1.146,-2.978,4.124,1.725,2.622,5.217,5.313,25.678,-0.032
17878,642701,Dennis Santana,2026,30,57,0,56.667,250,56,35,10,49,25,2,3,0.284,65.714,5.149,4.959,0.127,94.058,90.01,NA,36.62,26.882,4.681,RP,103,14,8.092,4.681,19.6,10,9.6,5.559,0.878,0.409,3.919,24.042,7.317,16.725,3.17,0.749,3.013,0.906,4.663,37.66,0.28,64.136,29.396,0.051,1.64,-4.442,2.683,-7.125,1.511,-1.041,-2.514,3.429,1.578,0.004,pitcher,1.297,-3.085,1.668,-4.753,1.2,-1.633,-1.714,3.294,1.871,0.003
19320,664192,Joey Lucchesi,2026,33,5,0,3.333,24,7,5,1,4,6,0,1,0.5,63.492,10.902,8.36,0.333,92.041,NA,NA,32.53,22.321,8.8,RP,103.4,2,15.385,8.8,16.667,25,-8.333,13.5,4.7,2.598,NA,NA,NA,NA,NA,NA,NA,NA,NA,NA,NA,NA,NA,NA,NA,NA,NA,NA,NA,NA,NA,NA,NA,NA,pitcher,NA,NA,NA,NA,NA,NA,NA,NA,NA,NA
30167,695239,Robby Ahlstrom,2026,27,42,0,37,164,38,25,7,34,15,3,3,0.301,64.935,5.183,4.518,0.159,94.431,NA,NA,28.457,26.08,4.311,RP,102.8,8,7.143,4.311,20.732,9.146,11.585,6.081,1.77,0.898,NA,NA,NA,NA,NA,NA,NA,NA,NA,NA,NA,NA,NA,NA,NA,NA,NA,NA,NA,NA,NA,NA,NA,NA,pitcher,NA,NA,NA,NA,NA,NA,NA,NA,NA,NA
25779,686475,Tyler Tolbert,2026,28,5,0,4.667,33,17,13,4,0,3,0,1,0.52,51.948,16.817,8.261,0.5,46.689,NA,NA,29.762,23.585,22.195,RP,103.1,4,13.793,22.195,0,9.091,-9.091,25.071,2.877,8.255,NA,NA,NA,NA,NA,NA,NA,NA,NA,NA,NA,NA,NA,NA,NA,NA,NA,NA,NA,NA,NA,NA,NA,NA,pitcher,NA,NA,NA,NA,NA,NA,NA,NA,NA,NA
25311,682610,Roddery Munoz,2026,26,3,0,4,25,7,7,3,6,6,0,0,0.4,68.182,14.352,6.866,0.5,94.952,91.316,NA,28.205,30.088,9.403,RP,103,2,15.385,9.403,24,24,0,15.75,6.347,1.398,NA,NA,NA,NA,NA,NA,NA,NA,NA,NA,NA,NA,NA,NA,NA,NA,NA,NA,NA,NA,NA,NA,NA,NA,pitcher,NA,NA,NA,NA,NA,NA,NA,NA,NA,NA
17556,623474,Jimmy Herget,2026,32,51,3,53.667,237,56,34,10,47,26,2,3,0.309,67.606,5.394,5.025,0.137,91.207,NA,NA,31.444,27.061,4.483,RP,104.8,16,9.938,4.483,19.831,10.97,8.861,5.702,1.219,0.308,4.463,28.846,5.769,23.077,2.91,1.553,3.572,0.891,8.824,35.238,0.344,75.758,31.746,0.105,1.239,-9.015,5.201,-14.216,1.573,-3.794,-4.685,1.114,-8.152,-0.035,pitcher,0.896,-7.658,4.186,-11.845,1.261,-4.387,-3.884,0.979,-7.859,-0.036
21205,641401,Connor Brogdon,2026,31,16,0,16,70,15,9,5,15,3,0,1,0.233,58.333,6.04,4.335,0.2,94.701,87.815,NA,30.357,22.34,5.147,RP,105.7,7,13.725,5.147,21.429,4.286,17.143,5.062,-0.084,-0.977,NA,NA,NA,NA,NA,NA,NA,NA,NA,NA,NA,NA,NA,NA,NA,NA,NA,NA,NA,NA,NA,NA,NA,NA,pitcher,NA,NA,NA,NA,NA,NA,NA,NA,NA,NA
21842,666126,Carlos Cortes,2026,29,9,0,9.333,49,15,11,4,1,8,0,0,0.306,63.218,11.031,8.693,0.2,71.013,NA,NA,25.472,15.723,7.694,RP,103.7,4,10,7.694,2.041,16.327,-14.286,10.607,2.914,-0.424,NA,NA,NA,NA,NA,NA,NA,NA,NA,NA,NA,NA,NA,NA,NA,NA,NA,NA,NA,NA,NA,NA,NA,NA,pitcher,NA,NA,NA,NA,NA,NA,NA,NA,NA,NA
27570,669371,Cole Henry,2026,26,11,0,13.667,70,17,12,4,15,7,0,3,0.325,60.748,6.907,5.863,0.16,93.945,90.95,NA,31.818,23.759,6.212,RP,103.8,6,13.333,6.212,21.429,10,11.429,7.902,1.691,0.995,NA,NA,NA,NA,NA,NA,NA,NA,NA,NA,NA,NA,NA,NA,NA,NA,NA,NA,NA,NA,NA,NA,NA,NA,pitcher,NA,NA,NA,NA,NA,NA,NA,NA,NA,NA
31878,694680,Trevor Martin,2026,25,7,0,14.333,66,18,7,4,8,6,0,2,0.304,73.529,7.288,5.766,0.2,94.797,88.755,86.936,30.075,24.891,5.626,RP,103.4,5,10,5.626,12.121,9.091,3.03,4.395,-1.231,-2.893,NA,NA,NA,NA,NA,NA,NA,NA,NA,NA,NA,NA,NA,NA,NA,NA,NA,NA,NA,NA,NA,NA,NA,NA,pitcher,NA,NA,NA,NA,NA,NA,NA,NA,NA,NA
30187,702474,Mike Paredes,2026,25,9,5,34.333,154,36,18,6,19,13,0,3,0.27,75.688,5.665,5.459,0.128,93.088,87.4,NA,32.812,22.464,5.261,SP,105.2,8,6.723,5.261,12.338,8.442,3.896,4.718,-0.543,-0.947,NA,NA,NA,NA,NA,NA,NA,NA,NA,NA,NA,NA,NA,NA,NA,NA,NA,NA,NA,NA,NA,NA,NA,NA,pitcher,NA,NA,NA,NA,NA,NA,NA,NA,NA,NA
33527,694462,Hurston Waldrep,2026,24,3,2,10.667,56,13,10,3,9,10,0,2,0.312,72.115,8.446,5.922,0.375,94.253,91.353,84.098,23.438,24.651,5.655,SP,105.1,3,8.571,5.655,16.071,17.857,-1.786,8.438,2.783,-0.009,NA,NA,NA,NA,NA,NA,NA,NA,NA,NA,NA,NA,NA,NA,NA,NA,NA,NA,NA,NA,NA,NA,NA,NA,pitcher,NA,NA,NA,NA,NA,NA,NA,NA,NA,NA
31760,702275,JR Ritchie,2026,23,16,10,67.667,300,58,36,12,66,41,1,6,0.263,74.83,5.541,4.729,0.179,94.488,89.2,NA,27.709,25.357,4.904,SP,103.1,18,9.626,4.904,22,13.667,8.333,4.788,-0.116,-0.753,NA,NA,NA,NA,NA,NA,NA,NA,NA,NA,NA,NA,NA,NA,NA,NA,NA,NA,NA,NA,NA,NA,NA,NA,pitcher,NA,NA,NA,NA,NA,NA,NA,NA,NA,NA
24710,681168,Luis Curvelo,2026,25,9,0,10.333,55,17,11,4,6,7,2,0,0.342,65.217,9.006,7.186,0.182,95.277,NA,83.385,29.545,24.064,6.765,RP,104.9,4,9.524,6.765,10.909,12.727,-1.818,9.581,2.816,0.575,NA,NA,NA,NA,NA,NA,NA,NA,NA,NA,NA,NA,NA,NA,NA,NA,NA,NA,NA,NA,NA,NA,NA,NA,pitcher,NA,NA,NA,NA,NA,NA,NA,NA,NA,NA
24914,681751,Lazaro Estrada,2026,27,8,0,13,57,8,8,2,9,10,1,1,0.171,61.728,6.256,5.997,0.133,92.851,87,84.429,31.655,26.201,4.765,RP,101.8,3,8.108,4.765,15.789,17.544,-1.754,5.538,0.773,-0.718,NA,NA,NA,NA,NA,NA,NA,NA,NA,NA,NA,NA,NA,NA,NA,NA,NA,NA,NA,NA,NA,NA,NA,NA,pitcher,NA,NA,NA,NA,NA,NA,NA,NA,NA,NA
33026,814305,Yunior Tur,2026,26,8,0,12.667,78,25,23,6,14,11,0,1,0.413,34.965,9.892,6.831,0.231,94.909,90.346,86.753,30.481,26.19,9.257,RP,105.1,7,13.462,9.257,17.949,14.103,3.846,16.342,7.085,6.45,NA,NA,NA,NA,NA,NA,NA,NA,NA,NA,NA,NA,NA,NA,NA,NA,NA,NA,NA,NA,NA,NA,NA,NA,pitcher,NA,NA,NA,NA,NA,NA,NA,NA,NA,NA
28052,684049,Brandan Bidois,2026,25,15,0,15.667,80,19,11,5,20,12,0,1,0.341,64,7.187,5.543,0.192,96.933,NA,NA,35.052,30.462,5.804,RP,105.7,8,17.021,5.804,25,15,10,6.319,0.515,-0.868,NA,NA,NA,NA,NA,NA,NA,NA,NA,NA,NA,NA,NA,NA,NA,NA,NA,NA,NA,NA,NA,NA,NA,NA,pitcher,NA,NA,NA,NA,NA,NA,NA,NA,NA,NA
25595,675540,Xzavion Curry,2026,27,9,1,21.333,94,22,13,7,15,9,0,1,0.242,85.586,7.368,6.356,0.152,90.57,NA,84.075,29.268,22.35,5.01,RP,104.9,9,13.043,5.01,15.957,9.574,6.383,5.484,0.474,-1.884,4.427,16.413,5.543,10.87,5.009,-0.582,4.658,-0.231,9.452,29.964,0.259,68.704,24.342,0.097,1.057,-0.456,4.031,-4.487,0.002,-0.696,-1.992,3.591,16.882,-0.017,pitcher,0.714,0.901,3.016,-2.115,-0.31,-1.289,-1.192,3.456,17.175,-0.018
19315,640454,Matt Krook,2026,31,11,0,8.333,46,9,10,2,9,10,0,2,0.304,54.945,8.382,6.349,0.333,89.654,87.286,NA,29.31,25.967,7.836,RP,106.2,1,4,7.836,19.565,21.739,-2.174,10.8,2.964,2.418,NA,NA,NA,NA,NA,NA,NA,NA,NA,NA,NA,NA,NA,NA,NA,NA,NA,NA,NA,NA,NA,NA,NA,NA,pitcher,NA,NA,NA,NA,NA,NA,NA,NA,NA,NA
33787,695034,Kade Morris,2026,24,6,2,17.333,89,30,21,5,10,7,0,3,0.391,57.576,7.429,5.333,0.263,93.911,NA,NA,32.323,19.814,5.658,RP,105.6,4,5.797,5.658,11.236,7.865,3.371,10.904,5.245,3.475,NA,NA,NA,NA,NA,NA,NA,NA,NA,NA,NA,NA,NA,NA,NA,NA,NA,NA,NA,NA,NA,NA,NA,NA,pitcher,NA,NA,NA,NA,NA,NA,NA,NA,NA,NA
27649,683175,Connor Phillips,2026,25,27,0,30,145,23,18,3,29,31,0,3,0.253,71.97,5.869,6.782,0.068,98.341,NA,NA,23.782,26.058,6.166,RP,102.9,7,8.537,6.166,20,21.379,-1.379,5.4,-0.766,-0.469,NA,NA,NA,NA,NA,NA,NA,NA,NA,NA,NA,NA,NA,NA,NA,NA,NA,NA,NA,NA,NA,NA,NA,NA,pitcher,NA,NA,NA,NA,NA,NA,NA,NA,NA,NA
22175,668820,Max Kranick,2026,28,17,0,18.333,94,27,19,4,11,13,0,1,0.359,62.147,7.03,6.663,0.133,95.431,NA,NA,32.683,24.118,6.03,RP,104.1,4,5.797,6.03,11.702,13.83,-2.128,9.327,3.297,2.298,NA,NA,NA,NA,NA,NA,NA,NA,NA,NA,NA,NA,NA,NA,NA,NA,NA,NA,NA,NA,NA,NA,NA,NA,pitcher,NA,NA,NA,NA,NA,NA,NA,NA,NA,NA
24737,681402,Gus Varland,2026,29,34,0,33,155,43,24,7,32,15,1,0,0.36,66.39,5.284,4.904,0.135,95.135,NA,NA,36.471,27.069,6.95,RP,106.3,17,15.741,6.95,20.645,9.677,10.968,6.545,-0.405,1.261,3.448,23.478,6.957,16.522,3.59,-0.142,3.129,0.32,5.063,27.273,0.364,74.586,30.11,0.065,3.097,-2.833,2.721,-5.554,3.36,9.198,-3.041,10.677,-8.196,-0.004,pitcher,2.754,-1.477,1.706,-3.183,3.049,8.605,-2.24,10.543,-7.902,-0.004
18297,641755,Tyler Kinley,2026,35,64,0,57.333,232,40,22,10,48,26,4,3,0.21,81.818,5.213,4.919,0.133,94.426,NA,86.667,29.002,29.703,3.467,RP,102.3,10,6.452,3.467,20.69,11.207,9.483,3.453,-0.014,-1.759,6.149,22.368,7.895,14.474,4.67,1.479,4.847,1.302,7.692,31.214,0.367,71.429,24.161,0.107,-2.696,-1.679,3.312,-4.991,-1.203,-2.212,5.542,-1.241,10.39,-0.158,pitcher,-3.039,-0.322,2.297,-2.619,-1.514,-2.805,6.342,-1.376,10.683,-0.158
19361,669203,Corbin Burnes,2026,31,3,3,10.333,47,12,9,5,8,4,0,0,0.233,77.778,9.006,6.074,0.217,93,92.009,NA,31.148,26.263,6.856,SP,106.7,6,17.143,6.856,17.021,8.511,8.511,7.839,0.983,-1.167,3.041,23.693,6.696,16.996,3.35,-0.309,3.614,-0.573,6.342,35.263,0.263,75.326,28.716,0.119,4.798,-6.671,1.814,-8.486,3.506,-4.115,-2.454,10.801,2.452,-0.03,pitcher,4.455,-5.315,0.799,-6.114,3.195,-4.708,-1.653,10.666,2.745,-0.03
23165,674444,Steven Cruz,2026,27,56,2,58.667,246,54,28,14,65,20,2,3,0.282,81.882,5.165,3.58,0.237,98.548,93.844,NA,33.199,26.745,4.058,RP,105.2,18,11.392,4.058,26.423,8.13,18.293,4.295,0.237,-0.869,2.266,23.276,9.483,13.793,3.124,-0.858,3.358,-1.092,4.581,27.139,0.19,86.143,26.015,0.03,2.029,3.147,-1.353,4.5,0.934,6.06,0.73,6.811,-4.262,0.091,pitcher,1.686,4.503,-2.368,6.871,0.623,5.467,1.531,6.676,-3.968,0.091
18064,664208,Phil Maton,2026,33,31,0,27.667,136,34,19,5,31,16,0,5,0.372,75,5.488,4.338,0.227,89.787,NA,NA,31.544,29.121,6.841,RP,105.2,10,11.905,6.841,22.794,11.765,11.029,6.181,-0.661,0.693,3.488,23.761,9.074,14.687,4.002,-0.514,4.127,-0.638,7.041,33.287,0.249,75.388,28.252,0.108,2.692,-0.966,2.691,-3.657,2.839,-1.743,0.869,4.863,-0.388,0.123,pitcher,2.349,0.39,1.676,-1.286,2.528,-2.336,1.669,4.728,-0.095,0.122
24728,681347,Mike Burrows,2026,26,18,17,94.667,423,112,63,21,75,35,0,4,0.316,67.434,5.638,4.858,0.159,94.874,NA,NA,34.32,25.541,4.797,SP,104.1,26,8.414,4.797,17.73,8.274,9.456,5.989,1.193,0.352,NA,NA,NA,NA,NA,NA,NA,NA,NA,NA,NA,NA,NA,NA,NA,NA,NA,NA,NA,NA,NA,NA,NA,NA,pitcher,NA,NA,NA,NA,NA,NA,NA,NA,NA,NA
31312,676467,Colton Gordon,2026,27,5,1,14.333,70,25,14,6,12,4,1,1,0.404,69.444,7.916,4.475,0.316,91.4,NA,NA,34.161,22.711,6.089,RP,101.5,4,7.547,6.089,17.143,5.714,11.429,8.791,2.702,0.874,NA,NA,NA,NA,NA,NA,NA,NA,NA,NA,NA,NA,NA,NA,NA,NA,NA,NA,NA,NA,NA,NA,NA,NA,pitcher,NA,NA,NA,NA,NA,NA,NA,NA,NA,NA
19407,669854,Ronel Blanco,2026,32,8,5,33.667,143,30,25,9,29,16,0,1,0.241,63.953,6.37,4.911,0.2,93.45,NA,NA,33.333,25.088,4.87,SP,102.9,9,9.278,4.87,20.28,11.189,9.091,6.683,1.813,0.314,2.801,24.556,10.059,14.497,4,-1.199,4.147,-1.346,9.318,33.822,0.22,83.551,28.187,0.12,3.882,-4.276,1.13,-5.406,0.87,-0.488,-3.1,-0.04,-19.597,0.021,pitcher,3.539,-2.92,0.115,-3.035,0.558,-1.081,-2.299,-0.175,-19.304,0.021
27681,686610,Ken Waldichuk,2026,28,5,0,9.333,41,8,7,4,8,6,0,1,0.182,85.106,9.209,5.578,0.333,93.143,87.593,NA,27.473,28.188,7.207,RP,104.4,5,19.231,7.207,19.512,14.634,4.878,6.75,-0.457,-2.459,NA,NA,NA,NA,NA,NA,NA,NA,NA,NA,NA,NA,NA,NA,NA,NA,NA,NA,NA,NA,NA,NA,NA,NA,pitcher,NA,NA,NA,NA,NA,NA,NA,NA,NA,NA
29950,673929,Jordan Leasure,2026,27,18,1,18.667,78,15,13,6,18,8,1,0,0.196,61.644,6.638,5.208,0.176,95.76,NA,87.222,37.313,23.885,7.6,RP,104.9,13,25,7.6,23.077,10.256,12.821,6.268,-1.332,-0.37,NA,NA,NA,NA,NA,NA,NA,NA,NA,NA,NA,NA,NA,NA,NA,NA,NA,NA,NA,NA,NA,NA,NA,NA,pitcher,NA,NA,NA,NA,NA,NA,NA,NA,NA,NA
25957,681006,Josh Simpson,2026,28,8,0,7.333,38,11,8,4,10,4,0,1,0.368,76.923,9.511,5.096,0.308,92.985,NA,NA,24.138,27.273,6.024,RP,109.6,4,17.391,6.024,26.316,10.526,15.789,9.818,3.794,0.307,NA,NA,NA,NA,NA,NA,NA,NA,NA,NA,NA,NA,NA,NA,NA,NA,NA,NA,NA,NA,NA,NA,NA,NA,pitcher,NA,NA,NA,NA,NA,NA,NA,NA,NA,NA
19995,669270,Joel Kuhnel,2026,31,44,0,44,198,49,22,7,27,17,1,4,0.294,71.429,5.375,4.61,0.184,95.236,90.79,NA,29.812,24.457,5.873,RP,104.1,10,6.667,5.873,13.636,8.586,5.051,4.5,-1.373,-0.875,4.5,12.821,0,12.821,3.72,0.78,3.766,0.734,6.061,33.333,0.219,52.632,23.899,0.067,0,0.816,8.586,-7.77,2.153,-3.521,0.557,0.606,18.797,0.075,pitcher,-0.343,2.172,7.571,-5.399,1.841,-4.114,1.358,0.471,19.09,0.074
22304,669724,Brenan Hanifee,2026,28,23,2,21.333,93,24,12,5,10,7,1,1,0.275,80,6.337,4.634,0.263,95.194,NA,NA,25.862,23.988,6.048,RP,103.6,6,8,6.048,10.753,7.527,3.226,5.062,-0.986,-1.274,1.856,19.167,5,14.167,3.07,-1.214,3.098,-1.243,4.396,30.242,0.281,86.093,24.385,0.077,3.207,-8.414,2.527,-10.941,2.978,-4.38,-0.397,3.604,-6.093,-0.006,pitcher,2.863,-7.058,1.512,-8.569,2.667,-4.973,0.403,3.469,-5.8,-0.006
17677,605488,Jeffrey Springs,2026,33,29,29,142.667,630,152,98,35,112,57,0,5,0.278,66.061,6.025,4.994,0.172,91.402,87.587,NA,32.722,25.731,4.94,SP,104.3,43,9.43,4.94,17.778,9.048,8.73,6.182,1.242,0.157,2.896,28.067,7.692,20.374,3.44,-0.545,3.737,-0.841,8.994,37.448,0.305,88.645,29.904,0.126,3.287,-10.289,1.355,-11.644,1.5,-4.725,-4.173,0.435,-22.585,-0.027,pitcher,2.943,-8.932,0.34,-9.273,1.189,-5.318,-3.373,0.301,-22.292,-0.028
27694,686993,Justin Sterner,2026,29,46,0,42.667,184,46,29,11,40,13,1,0,0.294,64.22,5.493,4.157,0.193,93.544,88.705,NA,37.471,26.171,3.564,RP,104.5,12,9.16,3.564,21.739,7.065,14.674,6.117,2.554,0.624,2.25,21.053,5.263,15.789,1.14,1.11,1.916,0.334,0,30,0.357,66.667,25,0,3.867,0.686,1.802,-1.116,2.424,7.471,1.171,9.16,-2.446,-0.063,pitcher,3.524,2.043,0.787,1.256,2.112,6.878,1.971,9.025,-2.153,-0.064
26104,667652,Jack Ralston,2026,28,16,1,17.333,77,15,11,5,19,9,1,1,0.238,77.778,6.391,4.382,0.25,93.659,NA,82.547,19.075,29.904,4.56,RP,104.9,7,14.583,4.56,24.675,11.688,12.987,5.712,1.152,-0.679,NA,NA,NA,NA,NA,NA,NA,NA,NA,NA,NA,NA,NA,NA,NA,NA,NA,NA,NA,NA,NA,NA,NA,NA,pitcher,NA,NA,NA,NA,NA,NA,NA,NA,NA,NA
15047,608723,Austin Voth,2026,34,3,0,10,56,19,11,3,3,6,0,0,0.364,62.5,8.202,7.622,0.136,91.841,87.51,85.125,26.866,20.465,7.441,RP,103.5,4,8.511,7.441,5.357,10.714,-5.357,9.9,2.459,1.698,NA,NA,NA,NA,NA,NA,NA,NA,NA,NA,NA,NA,NA,NA,NA,NA,NA,NA,NA,NA,NA,NA,NA,NA,pitcher,NA,NA,NA,NA,NA,NA,NA,NA,NA,NA
15145,623437,Justin Topa,2026,35,25,0,22,108,31,17,4,15,12,0,2,0.36,65.99,6.011,5.431,0.154,93.542,91.505,NA,28.163,24.155,5.933,RP,107.5,6,7.595,5.933,13.889,11.111,2.778,6.955,1.022,0.943,2.39,22.112,5.941,16.172,2.82,-0.429,3.019,-0.628,2.804,33.057,0.285,75.413,30.018,0.077,4.564,-8.223,5.171,-13.394,3.113,-4.894,-5.863,4.79,-9.424,0.075,pitcher,4.221,-6.867,4.155,-11.022,2.802,-5.487,-5.063,4.656,-9.13,0.074
33294,678020,Seth Halvorsen,2026,26,32,0,29,141,33,19,6,23,17,2,2,0.29,75.688,6.171,5.199,0.182,98.972,NA,90.723,30.645,21.648,6.257,RP,106.4,7,7.071,6.257,16.312,12.057,4.255,5.897,-0.36,-0.275,1.488,28.261,4.348,23.913,2.68,-1.192,3.896,-2.409,6.667,24.419,0.214,97.561,31.285,0.143,4.409,-11.949,7.709,-19.658,3.577,6.227,-9.637,0.404,-21.873,0.076,pitcher,4.066,-10.592,6.694,-17.286,3.265,5.634,-8.837,0.269,-21.58,0.075
25890,687911,Bryan King,2026,29,59,1,59.667,272,67,35,9,49,22,2,6,0.315,67.961,4.829,4.335,0.155,91.954,NA,NA,33.901,24.306,3.996,RP,102.7,10,5.128,3.996,18.015,8.088,9.926,5.279,1.284,0.451,2.414,29.358,9.174,20.183,3.17,-0.756,2.711,-0.297,3.125,26.794,0.302,82.278,27.885,0.043,2.866,-11.343,-1.086,-10.257,0.826,7.107,-3.578,2.003,-14.317,0.014,pitcher,2.522,-9.987,-2.101,-7.886,0.514,6.514,-2.778,1.868,-14.024,0.013
28148,691384,Luis Perales,2026,23,6,0,11,60,15,14,5,13,13,0,0,0.345,66.667,10.193,6.479,0.312,99.089,93.442,87.617,30.464,27.2,7.048,RP,104.2,5,14.706,7.048,21.667,21.667,0,11.455,4.407,1.261,NA,NA,NA,NA,NA,NA,NA,NA,NA,NA,NA,NA,NA,NA,NA,NA,NA,NA,NA,NA,NA,NA,NA,NA,pitcher,NA,NA,NA,NA,NA,NA,NA,NA,NA,NA
29574,695445,Chase Lee,2026,27,8,0,9.667,42,8,7,3,5,8,2,0,0.2,67.797,8.585,6.424,0.25,89.962,NA,NA,27.174,30.822,4.1,RP,103.1,3,10.345,4.1,11.905,19.048,-7.143,6.517,2.417,-2.068,NA,NA,NA,NA,NA,NA,NA,NA,NA,NA,NA,NA,NA,NA,NA,NA,NA,NA,NA,NA,NA,NA,NA,NA,pitcher,NA,NA,NA,NA,NA,NA,NA,NA,NA,NA
33043,694341,Brendan Beck,2026,27,4,2,12.667,58,13,14,6,13,8,0,0,0.226,55.556,9.102,5.327,0.3,92.667,89,82.826,27.632,29.268,7.39,SP,107.3,9,24.324,7.39,22.414,13.793,8.621,9.947,2.558,0.845,NA,NA,NA,NA,NA,NA,NA,NA,NA,NA,NA,NA,NA,NA,NA,NA,NA,NA,NA,NA,NA,NA,NA,NA,pitcher,NA,NA,NA,NA,NA,NA,NA,NA,NA,NA
19205,669947,Jesse Scholtens,2026,32,11,2,44.667,196,46,20,10,34,14,1,3,0.267,83.673,5.632,4.681,0.172,92.677,NA,84.08,33.495,24.481,5.238,SP,103.3,15,10.345,5.238,17.347,7.143,10.204,4.03,-1.208,-1.602,NA,NA,NA,NA,NA,NA,NA,NA,NA,NA,NA,NA,NA,NA,NA,NA,NA,NA,NA,NA,NA,NA,NA,NA,pitcher,NA,NA,NA,NA,NA,NA,NA,NA,NA,NA
23488,676760,Ron Marinaccio,2026,30,41,0,57.667,260,61,39,11,48,27,0,7,0.299,70.352,5.686,5.169,0.147,93.809,86.621,NA,29.14,23.586,5.209,RP,104,14,7.865,5.209,18.462,10.385,8.077,6.087,0.878,0.401,NA,NA,NA,NA,NA,NA,NA,NA,NA,NA,NA,NA,NA,NA,NA,NA,NA,NA,NA,NA,NA,NA,NA,NA,pitcher,NA,NA,NA,NA,NA,NA,NA,NA,NA,NA
21052,661563,Luis Gil,2026,28,9,4,27.333,124,21,14,6,17,18,0,4,0.19,78.035,7.127,6.316,0.162,95.232,NA,NA,27.742,23.79,5.769,RP,106.2,6,7.059,5.769,13.71,14.516,-0.806,4.61,-1.159,-2.517,NA,NA,NA,NA,NA,NA,NA,NA,NA,NA,NA,NA,NA,NA,NA,NA,NA,NA,NA,NA,NA,NA,NA,NA,pitcher,NA,NA,NA,NA,NA,NA,NA,NA,NA,NA
20379,676604,Tyler Zuber,2026,31,44,0,39.667,175,46,25,10,42,11,0,2,0.327,71.111,5.245,3.832,0.204,95.357,NA,NA,30.749,27.954,3.802,RP,104.7,8,6.667,3.802,24,6.286,17.714,5.672,1.871,0.427,NA,NA,NA,NA,NA,NA,NA,NA,NA,NA,NA,NA,NA,NA,NA,NA,NA,NA,NA,NA,NA,NA,NA,NA,pitcher,NA,NA,NA,NA,NA,NA,NA,NA,NA,NA
20423,676254,Ryan Walker,2026,30,33,0,32.667,155,40,26,5,23,19,3,1,0.34,62.264,5.521,5.332,0.128,95.123,NA,NA,27.811,24.959,4.423,RP,104.3,7,6.25,4.423,14.839,12.258,2.581,7.163,2.741,1.643,2.182,31.592,6.571,25.021,2.71,-0.528,2.774,-0.592,5.68,32.841,0.276,82.622,33.34,0.099,4.981,-16.754,5.687,-22.44,1.713,-5.03,-8.381,0.57,-20.357,0.064,pitcher,4.638,-15.397,4.672,-20.069,1.401,-5.623,-7.581,0.435,-20.064,0.063
17948,663423,Trent Thornton,2026,32,48,0,48.333,196,41,18,8,31,17,2,3,0.243,80.321,5.213,4.872,0.138,94.964,90.987,NA,33.898,24.684,4.955,RP,104.5,15,10.345,4.955,15.816,8.673,7.143,3.352,-1.603,-1.861,3.42,25.521,6.256,19.265,3.309,0.111,3.567,-0.147,7.341,36.124,0.296,73.825,29.412,0.112,-0.068,-9.705,2.417,-12.122,1.646,-2.225,-4.727,3.004,6.496,-0.053,pitcher,-0.411,-8.349,1.402,-9.751,1.334,-2.818,-3.927,2.869,6.789,-0.054
24494,680573,Simeon Woods Richardson,2026,25,20,10,66,303,79,49,11,40,37,0,2,0.322,62.378,5.83,5.858,0.115,92.644,NA,86.857,23.946,23.625,5.974,SP,105.1,19,8.482,5.974,13.201,12.211,0.99,6.682,0.708,0.852,4.189,20.562,8.436,12.127,4.02,0.169,4.117,0.073,8.229,32.639,0.283,73.568,25.065,0.091,2.493,-7.361,3.775,-11.136,1.954,-8.693,-1.44,0.253,-11.19,0.039,pitcher,2.149,-6.005,2.76,-8.765,1.642,-9.286,-0.639,0.118,-10.896,0.038
11836,592836,Taijuan Walker,2026,33,5,4,22.667,115,36,23,8,17,11,0,1,0.359,62.5,7.779,5.521,0.229,91.841,86.619,86.776,27.823,23.113,7.836,SP,103.1,11,12.791,7.836,14.783,9.565,5.217,9.132,1.296,1.354,4.39,18.827,9.686,9.141,4.36,0.03,4.535,-0.145,6.783,30.559,0.272,71.359,24.974,0.106,4.742,-4.044,-0.121,-3.923,3.476,-2.736,-1.86,6.008,-8.859,0.087,pitcher,4.399,-2.688,-1.136,-1.552,3.165,-3.329,-1.06,5.873,-8.566,0.086
19316,641778,Eric Lauer,2026,31,22,18,108.333,466,107,63,26,72,35,0,5,0.25,75.045,6.001,5.402,0.144,91.127,87.624,NA,38.142,21.531,5.031,SP,103.7,39,11.017,5.031,15.451,7.511,7.94,5.234,0.203,-0.767,NA,NA,NA,NA,NA,NA,NA,NA,NA,NA,NA,NA,NA,NA,NA,NA,NA,NA,NA,NA,NA,NA,NA,NA,pitcher,NA,NA,NA,NA,NA,NA,NA,NA,NA,NA
22288,669438,Mason Englert,2026,26,15,4,39.333,179,52,26,13,38,9,3,1,0.333,79.909,6.229,4.158,0.224,92.222,NA,NA,38.725,27.419,6.18,RP,105.5,20,15.267,6.18,21.229,5.028,16.201,5.949,-0.23,-0.28,NA,NA,NA,NA,NA,NA,NA,NA,NA,NA,NA,NA,NA,NA,NA,NA,NA,NA,NA,NA,NA,NA,NA,NA,pitcher,NA,NA,NA,NA,NA,NA,NA,NA,NA,NA
30171,696131,Mason Black,2026,26,17,0,31.333,142,30,15,6,19,20,0,2,0.253,82.569,6.485,6.211,0.13,93.939,90.409,NA,23.438,24.955,6.747,RP,104.1,10,9.901,6.747,13.38,14.085,-0.704,4.309,-2.438,-2.177,NA,NA,NA,NA,NA,NA,NA,NA,NA,NA,NA,NA,NA,NA,NA,NA,NA,NA,NA,NA,NA,NA,NA,NA,pitcher,NA,NA,NA,NA,NA,NA,NA,NA,NA,NA
33174,682995,Hunter Barco,2026,25,7,0,17.667,87,21,15,4,14,13,0,2,0.315,62.5,7.008,5.944,0.182,93.91,NA,84.933,22.749,23.932,6.483,RP,105.9,4,6.897,6.483,16.092,14.943,1.149,7.642,1.158,0.634,NA,NA,NA,NA,NA,NA,NA,NA,NA,NA,NA,NA,NA,NA,NA,NA,NA,NA,NA,NA,NA,NA,NA,NA,pitcher,NA,NA,NA,NA,NA,NA,NA,NA,NA,NA
18439,664849,Danny Young,2026,32,16,1,12.333,65,15,11,3,15,13,2,3,0.4,74.627,7.724,6.152,0.231,93.664,94,NA,21.384,28.679,6.932,RP,105.2,6,17.647,6.932,23.077,20,3.077,8.027,1.095,0.303,4.361,29.245,10.566,18.679,4.778,-0.417,3.563,0.798,6.091,28.577,0.297,66.067,33.155,0.14,3.666,-6.168,9.434,-15.602,2.154,-7.194,-4.475,11.556,8.56,0.103,pitcher,3.323,-4.812,8.419,-13.231,1.843,-7.786,-3.675,11.421,8.853,0.102
19337,663992,Richard Lovelady,2026,30,38,6,35,172,41,16,5,31,24,4,4,0.346,79.032,5.588,5.197,0.147,91.243,NA,NA,31.07,26.48,5.704,RP,103.2,7,6.195,5.704,18.023,13.953,4.07,4.114,-1.59,-1.474,4.487,17.687,7.483,10.204,4.56,-0.073,3.924,0.563,8.333,31.544,0.295,67.757,26.326,0.091,-0.373,0.336,6.47,-6.134,1.144,-0.473,0.154,-2.139,11.275,0.051,pitcher,-0.716,1.693,5.455,-3.763,0.833,-1.066,0.954,-2.274,11.568,0.05
27636,680730,Mitchell Parker,2026,26,22,0,39.667,178,46,29,9,34,13,0,2,0.319,61.983,5.472,4.501,0.173,93.681,NA,84.75,34.06,28.872,5.208,RP,105.6,11,8.527,5.208,19.101,7.303,11.798,6.58,1.372,1.108,NA,NA,NA,NA,NA,NA,NA,NA,NA,NA,NA,NA,NA,NA,NA,NA,NA,NA,NA,NA,NA,NA,NA,NA,pitcher,NA,NA,NA,NA,NA,NA,NA,NA,NA,NA
23899,678368,Valente Bellozo,2026,26,3,0,10.667,48,10,9,5,8,7,2,1,0.192,72.727,9.946,6.257,0.294,89.727,86.15,NA,27.551,25.882,11.599,RP,108.3,5,15.625,11.599,16.667,14.583,2.083,7.594,-4.005,-2.352,NA,NA,NA,NA,NA,NA,NA,NA,NA,NA,NA,NA,NA,NA,NA,NA,NA,NA,NA,NA,NA,NA,NA,NA,pitcher,NA,NA,NA,NA,NA,NA,NA,NA,NA,NA
19360,668674,Lucas Erceg,2026,31,51,0,47.333,224,54,30,5,33,32,2,6,0.333,67.059,5.49,5.424,0.122,97.166,94.867,NA,30.32,22.285,4.766,RP,103.4,7,4.575,4.766,14.732,14.286,0.446,5.704,0.938,0.215,3.697,28.119,8.317,19.802,3.352,0.345,2.727,0.97,6.313,32.258,0.31,66.902,30.475,0.051,2.008,-13.387,5.969,-19.356,1.414,-1.938,-8.19,-1.737,0.157,0.023,pitcher,1.664,-12.03,4.954,-16.984,1.103,-2.531,-7.389,-1.872,0.45,0.022
13892,623149,Paul Sewald,2026,36,61,0,52.333,215,39,28,13,53,13,1,4,0.198,68.783,5.281,4.704,0.141,91.379,88.615,NA,35.546,27.578,4.203,RP,105.6,20,13.793,4.203,24.651,6.047,18.605,4.815,0.612,-0.465,3.948,28.091,7.258,20.833,3.435,0.513,3.821,0.127,7.963,32.272,0.281,75.587,28.984,0.104,0.867,-3.44,-1.212,-2.229,0.768,3.274,-1.406,5.83,-6.804,-0.082,pitcher,0.524,-2.084,-2.227,0.143,0.456,2.681,-0.606,5.695,-6.511,-0.083
29754,696147,Sam Bachman,2026,26,44,0,48.667,217,41,26,7,49,29,1,4,0.266,73.209,4.993,4.456,0.163,98.667,NA,NA,31.622,32.169,4.033,RP,102.7,11,8.148,4.033,22.581,13.364,9.217,4.808,0.775,-0.184,3.176,18.182,14.286,3.896,4.67,-1.494,3.726,-0.549,0,25.824,0.333,75.862,27.76,0,1.632,4.399,-0.922,5.32,-0.637,5.798,4.408,8.148,-2.653,-0.068,pitcher,1.288,5.755,-1.937,7.692,-0.948,5.205,5.209,8.013,-2.36,-0.068
31838,673540,Kodai Senga,2026,33,31,8,61.333,283,60,50,14,75,41,0,4,0.309,63.232,5.825,4.801,0.177,95.936,89.76,83.321,28.121,26.106,5.337,RP,104.4,22,13.497,5.337,26.502,14.488,12.014,7.337,2,1.512,NA,NA,NA,NA,NA,NA,NA,NA,NA,NA,NA,NA,NA,NA,NA,NA,NA,NA,NA,NA,NA,NA,NA,NA,pitcher,NA,NA,NA,NA,NA,NA,NA,NA,NA,NA
20997,660825,Eduard Bazardo,2026,30,72,0,66.333,291,71,29,13,67,24,2,2,0.317,81.218,4.806,4.192,0.153,95.712,NA,90.684,28.243,29.539,4.985,RP,105.4,19,9.596,4.985,23.024,8.247,14.777,3.935,-1.05,-0.871,4.887,29.156,7.928,21.228,2.571,2.317,2.878,2.009,5.195,34.152,0.281,55.914,30.629,0.095,-0.953,-6.132,0.319,-6.451,2.414,-5.909,-1.09,4.401,25.304,0.035,pitcher,-1.296,-4.776,-0.696,-4.079,2.103,-6.502,-0.29,4.267,25.597,0.035
30084,693313,Carson Seymour,2026,27,24,0,30.667,137,31,16,6,22,16,2,1,0.278,73.232,5.874,4.807,0.2,96.886,94.43,91.6,29.01,24.423,6.456,RP,103.2,9,9.184,6.456,16.058,11.679,4.38,4.696,-1.76,-1.178,NA,NA,NA,NA,NA,NA,NA,NA,NA,NA,NA,NA,NA,NA,NA,NA,NA,NA,NA,NA,NA,NA,NA,NA,pitcher,NA,NA,NA,NA,NA,NA,NA,NA,NA,NA
15038,608566,German Marquez,2026,31,13,10,53,236,55,31,14,37,24,0,2,0.258,79.805,6.612,5.399,0.179,94.531,NA,NA,28.713,23.261,5.738,SP,104.9,17,9.827,5.738,15.678,10.169,5.508,5.264,-0.474,-1.348,4.95,21.25,3.75,17.5,4.83,0.12,4.605,0.345,13.333,33.735,0.268,67.073,25.083,0.222,0.314,-5.572,6.419,-11.992,0.908,-5.022,-1.822,-3.507,12.731,-0.01,pitcher,-0.029,-4.216,5.404,-9.62,0.596,-5.615,-1.021,-3.642,13.025,-0.011
32227,806960,Luis Morales,2026,23,5,2,16,90,27,24,7,13,14,0,1,0.364,49.689,9.977,6.553,0.292,97.071,NA,NA,28.571,23.41,7.664,RP,106.9,7,11.29,7.664,14.444,15.556,-1.111,13.5,5.836,3.523,NA,NA,NA,NA,NA,NA,NA,NA,NA,NA,NA,NA,NA,NA,NA,NA,NA,NA,NA,NA,NA,NA,NA,NA,pitcher,NA,NA,NA,NA,NA,NA,NA,NA,NA,NA
24621,680802,Ryan Weiss,2026,29,9,2,26,131,35,22,8,30,20,0,0,0.37,70.776,7.102,5.018,0.242,94.748,NA,NA,30.65,26.226,6.419,RP,104.7,9,11.111,6.419,22.901,15.267,7.634,7.615,1.196,0.513,NA,NA,NA,NA,NA,NA,NA,NA,NA,NA,NA,NA,NA,NA,NA,NA,NA,NA,NA,NA,NA,NA,NA,NA,pitcher,NA,NA,NA,NA,NA,NA,NA,NA,NA,NA
14993,605130,Scott Barlow,2026,33,36,0,33.333,152,26,24,7,29,19,2,7,0.211,61.611,6.432,5.74,0.156,89.092,NA,NA,31.892,30.465,5.623,RP,104.4,9,9.278,5.623,19.079,12.5,6.579,6.48,0.857,0.048,4.288,27.691,12.427,15.264,4.053,0.235,3.844,0.443,5.394,30.775,0.298,71.011,30.669,0.119,2.192,-8.612,0.073,-8.685,1.57,1.116,-0.204,3.884,-9.399,-0.087,pitcher,1.849,-7.255,-0.942,-6.314,1.259,0.524,0.596,3.749,-9.106,-0.087
31741,686930,Mason Barnett,2026,25,20,6,50,229,53,39,14,50,30,1,2,0.293,68.807,6.662,5.044,0.209,94.917,NA,NA,28.752,24.918,5.071,RP,104.5,13,8.844,5.071,21.834,13.1,8.734,7.02,1.949,0.358,NA,NA,NA,NA,NA,NA,NA,NA,NA,NA,NA,NA,NA,NA,NA,NA,NA,NA,NA,NA,NA,NA,NA,NA,pitcher,NA,NA,NA,NA,NA,NA,NA,NA,NA,NA
33821,691769,Philip Abner,2026,24,13,0,19,86,21,15,6,10,11,0,0,0.254,63.559,7.892,5.931,0.222,90.64,NA,NA,29.379,21.406,7.679,RP,104.3,10,15.385,7.679,11.628,12.791,-1.163,7.105,-0.574,-0.787,NA,NA,NA,NA,NA,NA,NA,NA,NA,NA,NA,NA,NA,NA,NA,NA,NA,NA,NA,NA,NA,NA,NA,NA,pitcher,NA,NA,NA,NA,NA,NA,NA,NA,NA,NA
11426,519141,Drew Pomeranz,2026,37,31,0,29,135,32,18,7,17,16,4,2,0.272,77.114,6.93,6.498,0.135,92.232,NA,NA,27.612,21.548,5.34,RP,104.4,9,9,5.34,12.593,11.852,0.741,5.586,0.246,-1.344,NA,NA,NA,NA,NA,NA,NA,NA,NA,NA,NA,NA,NA,NA,NA,NA,NA,NA,NA,NA,NA,NA,NA,NA,pitcher,NA,NA,NA,NA,NA,NA,NA,NA,NA,NA
31261,688297,Chris Roycroft,2026,29,26,0,37.333,179,49,26,10,27,17,1,3,0.322,76.364,6.745,4.476,0.333,96.044,89.165,NA,28.969,21.947,6.041,RP,105.6,13,9.848,6.041,15.084,9.497,5.587,6.268,0.227,-0.477,4.223,21.29,10.968,10.323,3.44,0.783,3.836,0.386,1.98,31.909,0.293,67.073,28.02,0.077,2.045,-6.207,-1.471,-4.736,2.601,-2.939,-6.073,7.868,9.29,0.029,pitcher,1.702,-4.85,-2.486,-2.364,2.289,-3.532,-5.272,7.733,9.584,0.029
27494,690925,Clayton Beeter,2026,27,50,0,48,209,36,24,8,47,31,4,3,0.237,76.531,5.436,4.684,0.178,95.787,NA,NA,31.288,27.764,4.769,RP,104,8,6.25,4.769,22.488,14.833,7.656,4.5,-0.269,-0.936,5.625,33.333,6.667,26.667,3.62,2.005,1.257,4.368,11.111,36.667,0.444,60,31.373,0,-1.125,-10.845,8.166,-19.011,1.149,-5.378,-3.609,-4.861,16.531,-0.207,pitcher,-1.468,-9.489,7.151,-16.64,0.838,-5.971,-2.808,-4.996,16.824,-0.208
17381,657424,Matt Gage,2026,33,34,0,27.333,126,28,17,6,22,17,0,1,0.278,74.468,6.322,5.29,0.182,92.367,NA,NA,36.571,22.011,5.378,RP,104.4,9,10.465,5.378,17.46,13.492,3.968,5.598,0.22,-0.724,NA,NA,NA,NA,NA,NA,NA,NA,NA,NA,NA,NA,NA,NA,NA,NA,NA,NA,NA,NA,NA,NA,NA,NA,pitcher,NA,NA,NA,NA,NA,NA,NA,NA,NA,NA
15009,640448,Kyle Finnegan,2026,34,63,0,60.667,270,67,29,10,47,34,0,1,0.324,80.682,5.426,5.025,0.143,96.245,NA,87.205,30.732,25.846,5.75,RP,105.3,18,9.574,5.75,17.407,12.593,4.815,4.302,-1.448,-1.124,3.777,21.875,8.333,13.542,4.7,-0.923,4.582,-0.805,8.5,26.549,0.291,76.72,26.571,0.177,0.525,-4.468,4.259,-8.727,1.05,4.184,-0.725,1.074,3.962,0.033,pitcher,0.182,-3.111,3.244,-6.355,0.739,3.591,0.075,0.94,4.255,0.032
17639,664875,Justin Lawrence,2026,31,37,0,34.333,177,39,28,9,43,28,1,6,0.33,62.914,6.976,5.107,0.257,95.61,NA,NA,25.424,28.07,6.468,RP,105.5,10,10,6.468,24.294,15.819,8.475,7.34,0.872,0.364,3.72,23.926,11.043,12.883,3.74,-0.02,3.762,-0.042,5.366,27.399,0.3,70.297,30.886,0.081,3.62,0.367,4.776,-4.409,2.728,-1.976,-2.816,4.634,-7.383,0.03,pitcher,3.276,1.724,3.761,-2.037,2.417,-2.568,-2.015,4.499,-7.09,0.029
9803,571945,Miles Mikolas,2026,37,25,11,116,498,137,75,27,58,23,0,2,0.284,66.023,5.775,4.739,0.176,93.051,NA,85.623,30.635,22.934,5.47,SP,105.3,38,9.157,5.47,11.647,4.618,7.028,5.819,0.349,0.044,5.201,16.656,3.775,12.881,4.875,0.326,4.248,0.953,8.573,31.43,0.309,64.606,25.712,0.118,0.618,-5.009,0.844,-5.853,0.595,-0.795,-2.778,0.584,1.416,-0.026,pitcher,0.275,-3.653,-0.171,-3.481,0.284,-1.388,-1.978,0.449,1.709,-0.026
15823,641793,Zack Littell,2026,30,26,14,124.333,540,136,72,30,73,39,0,3,0.269,71.324,6.078,5.272,0.156,91.626,88.251,84.191,33.099,21.902,6.614,SP,105.3,48,11.294,6.614,13.519,7.222,6.296,5.212,-1.402,-0.866,3.708,21.176,4.474,16.702,4.324,-0.616,3.905,-0.198,9.394,34.084,0.308,77.202,26.689,0.111,1.504,-7.657,2.748,-10.406,2.29,-0.985,-4.787,1.901,-5.878,-0.039,pitcher,1.161,-6.301,1.733,-8.034,1.979,-1.577,-3.987,1.766,-5.585,-0.04
16258,607481,Aaron Bummer,2026,32,21,0,16.667,88,24,19,7,13,11,0,1,0.309,57.252,9.162,6.056,0.269,90.409,87.667,NA,30.114,25.532,6.526,RP,104,8,12.698,6.526,14.773,12.5,2.273,10.26,3.734,1.098,4.432,28.529,9.009,19.52,3,1.431,2.589,1.843,1.668,30.329,0.374,68.223,31.842,0.089,5.828,-13.756,3.491,-17.247,3.525,-0.215,-6.31,11.031,-10.972,-0.064,pitcher,5.485,-12.399,2.476,-14.875,3.214,-0.808,-5.509,10.896,-10.678,-0.065
11674,592791,Jameson Taillon,2026,34,18,18,86,370,85,54,27,76,32,1,2,0.249,78.818,6.602,4.767,0.211,91.899,86.303,NA,32.843,27.235,5.943,SP,106.2,38,14.615,5.943,20.541,8.649,11.892,5.651,-0.292,-0.951,3.645,19.216,5.224,13.993,4.209,-0.564,4.09,-0.445,8.024,31.706,0.274,73.424,26.668,0.11,2.006,1.324,3.425,-2.101,1.734,1.136,0.567,6.592,5.394,-0.025,pitcher,1.663,2.681,2.41,0.271,1.423,0.544,1.367,6.457,5.687,-0.026
19883,656638,Alex Lange,2026,30,59,0,60,275,65,45,13,60,33,0,6,0.319,66.434,5.869,4.712,0.197,95.825,92.119,NA,30.564,26.784,5.407,RP,105.8,24,13.636,5.407,21.818,12,9.818,6.75,1.343,0.881,4.451,23.333,18.889,4.444,4.97,-0.519,3.97,0.48,2,27.778,0.32,54.286,26.79,0,2.299,-1.515,-6.889,5.374,0.437,2.786,-0.006,11.636,12.148,-0.001,pitcher,1.956,-0.159,-7.904,7.745,0.126,2.193,0.794,11.501,12.441,-0.002
16814,657612,Tim Hill,2026,36,67,0,58.667,241,54,30,12,25,13,2,7,0.23,71.678,5.932,4.276,0.308,88.449,NA,NA,30.909,23.565,4.504,RP,106.3,13,6.633,4.504,10.373,5.394,4.979,4.602,0.098,-1.33,3.358,10.653,6.529,4.124,3.54,-0.182,3.569,-0.211,1.674,34.469,0.316,69.328,23.452,0.054,1.244,-0.279,-1.135,0.856,0.964,-3.56,0.114,4.959,2.351,-0.087,pitcher,0.901,1.077,-2.15,3.227,0.653,-4.153,0.914,4.824,2.644,-0.088
19926,663574,Tony Santillan,2026,29,44,0,40.667,191,40,29,11,36,28,2,2,0.261,71.429,7.061,5.734,0.186,94.567,NA,NA,27.962,24.034,6.68,RP,104.2,17,13.6,6.68,18.848,14.66,4.188,6.418,-0.262,-0.643,3,37.705,7.377,30.328,2.43,0.57,2.733,0.267,5.97,29.889,0.27,77.869,29.703,0.133,3.418,-18.857,7.283,-26.139,4.25,-1.927,-5.669,7.63,-6.44,-0.009,pitcher,3.075,-17.5,6.268,-23.768,3.938,-2.52,-4.868,7.495,-6.147,-0.009
13799,621381,Matt Strahm,2026,34,41,0,35.667,161,39,29,12,30,14,1,2,0.262,68.063,7.14,5.643,0.176,91.367,87.478,NA,35.754,26.54,4.225,RP,104.6,13,11.304,4.225,18.634,8.696,9.938,7.318,3.093,0.178,2.334,32.486,5.085,27.401,2.671,-0.337,2.604,-0.271,7.465,34.968,0.247,80.11,29.46,0.074,4.984,-13.852,3.611,-17.463,1.553,0.786,-2.919,3.84,-12.047,0.015,pitcher,4.641,-12.496,2.596,-15.092,1.242,0.194,-2.119,3.705,-11.754,0.015
