Name,PlayerId,AVG_cur,OBP_cur,SLG_cur,K_pct_cur,BB_pct_cur,Barrel_pct_cur,BABIP_cur,wOBA_cur,xwOBA_cur,xwOBA_wOBA_gap_cur,PA_cur,Age,mlbamid,AVG_l3,OBP_l3,SLG_l3,K_pct_l3,BB_pct_l3,Barrel_pct_l3,BABIP_l3,wOBA_l3,xwOBA_l3,xwOBA_wOBA_gap_l3,PA_l3,AVG_diff,OBP_diff,SLG_diff,K_pct_diff,BB_pct_diff,Barrel_pct_diff,BABIP_diff,wOBA_diff,xwOBA_diff,xwOBA_wOBA_gap_diff,player_type,AVG_lg_adj_diff,OBP_lg_adj_diff,SLG_lg_adj_diff,K_pct_lg_adj_diff,BB_pct_lg_adj_diff,Barrel_pct_lg_adj_diff,BABIP_lg_adj_diff,wOBA_lg_adj_diff,xwOBA_lg_adj_diff,xwOBA_wOBA_gap_lg_adj_diff
A.J. Ewing,33656,0.252,0.324,0.376,25.407,9.35,4.878,0.326,0.311,0.32,0.01,492,21,805999,NA,NA,NA,NA,NA,NA,NA,NA,NA,NA,NA,NA,NA,NA,NA,NA,NA,NA,NA,NA,NA,hitter,NA,NA,NA,NA,NA,NA,NA,NA,NA,NA
Aaron Judge,15640,0.241,0.36,0.511,29.825,15.088,11.228,0.289,0.372,0.396,0.025,285,34,592450,0.323,0.453,0.687,24.191,18.558,14.434,0.368,0.464,0.466,0.002,1841,-0.082,-0.093,-0.176,5.633,-3.471,-3.206,-0.079,-0.093,-0.07,0.022,hitter,-0.081,-0.097,-0.173,5.892,-4.004,-2.767,-0.077,-0.096,-0.069,0.027
Aaron Sabato,27774,0,0,0,50,0,0,0,0,0.106,0.106,6,27,693306,NA,NA,NA,NA,NA,NA,NA,NA,NA,NA,NA,NA,NA,NA,NA,NA,NA,NA,NA,NA,NA,hitter,NA,NA,NA,NA,NA,NA,NA,NA,NA,NA
Abimelec Ortiz,29539,0.188,0.228,0.344,26.471,5.147,5.147,0.216,0.246,0.271,0.025,136,24,694673,NA,NA,NA,NA,NA,NA,NA,NA,NA,NA,NA,NA,NA,NA,NA,NA,NA,NA,NA,NA,NA,hitter,NA,NA,NA,NA,NA,NA,NA,NA,NA,NA
Adael Amador,27962,0.277,0.362,0.482,12.632,10.526,5.263,0.284,0.365,0.274,-0.091,95,23,691182,0.176,0.247,0.255,20.455,7.754,2.807,0.221,0.229,0.268,0.039,164,0.101,0.115,0.227,-7.823,2.772,2.456,0.063,0.137,0.006,-0.13,hitter,0.102,0.111,0.23,-7.565,2.239,2.895,0.065,0.133,0.007,-0.126
Adam Frazier,15223,0.24,0.315,0.349,26.531,7.483,1.361,0.337,0.293,0.265,-0.028,147,34,624428,0.248,0.308,0.352,17.896,6.278,1.762,0.29,0.291,0.284,-0.007,1208,-0.008,0.007,-0.003,8.634,1.205,-0.402,0.047,0.002,-0.019,-0.021,hitter,-0.007,0.003,-0,8.892,0.672,0.038,0.048,-0.002,-0.018,-0.016
Addison Barger,24598,0.045,0.214,0.091,25,17.857,0,0.062,0.17,0.255,0.086,28,26,680718,0.234,0.291,0.432,24.647,6.97,7.253,0.275,0.309,0.322,0.013,727,-0.188,-0.076,-0.341,0.353,10.887,-7.253,-0.212,-0.139,-0.067,0.072,hitter,-0.187,-0.08,-0.338,0.611,10.354,-6.814,-0.211,-0.143,-0.066,0.077
Adley Rutschman,26288,0.242,0.315,0.426,16.585,9.512,5.122,0.26,0.323,0.327,0.004,410,28,668939,0.242,0.322,0.387,15.703,10.529,5.061,0.264,0.311,0.328,0.017,1690,-0,-0.008,0.038,0.883,-1.016,0.061,-0.003,0.012,-0.001,-0.013,hitter,0.001,-0.011,0.041,1.141,-1.549,0.5,-0.002,0.008,0,-0.008
Adolis Garcia,19287,0.195,0.27,0.329,32.432,8.108,5.405,0.266,0.268,0.294,0.026,259,33,666969,0.228,0.282,0.41,26.165,6.442,8.185,0.27,0.298,0.312,0.014,1816,-0.033,-0.012,-0.081,6.267,1.666,-2.78,-0.005,-0.03,-0.018,0.011,hitter,-0.032,-0.016,-0.078,6.525,1.133,-2.34,-0.003,-0.033,-0.017,0.016
Adrian Del Castillo,29554,0.193,0.246,0.309,28.426,6.599,4.061,0.248,0.248,0.256,0.009,197,26,680728,0.262,0.312,0.43,34.825,6.659,4.694,0.377,0.321,0.276,-0.045,218,-0.069,-0.066,-0.12,-6.399,-0.06,-0.633,-0.129,-0.073,-0.019,0.054,hitter,-0.068,-0.07,-0.117,-6.141,-0.593,-0.194,-0.127,-0.077,-0.018,0.058
Agustin Ramirez,26546,0.235,0.318,0.354,23.922,10.196,2.745,0.298,0.3,0.285,-0.015,255,24,682663,0.231,0.287,0.413,19.316,6.154,8.034,0.253,0.302,0.332,0.03,585,0.004,0.03,-0.059,4.605,4.042,-5.289,0.045,-0.001,-0.047,-0.045,hitter,0.005,0.027,-0.056,4.863,3.509,-4.85,0.047,-0.005,-0.045,-0.041
Alan Roden,31564,0.291,0.376,0.392,12.766,12.766,3.191,0.324,0.343,0.361,0.018,94,26,702176,0.191,0.261,0.294,24.183,5.229,1.307,0.24,0.249,0.227,-0.022,153,0.1,0.115,0.098,-11.417,7.537,1.884,0.084,0.094,0.134,0.04,hitter,0.101,0.111,0.101,-11.159,7.004,2.323,0.085,0.09,0.136,0.045
Alec Bohm,21618,0.249,0.315,0.383,13.99,7.631,4.61,0.269,0.308,0.328,0.019,629,29,664761,0.283,0.331,0.427,15.397,6.203,4.849,0.313,0.328,0.333,0.005,1721,-0.034,-0.016,-0.044,-1.407,1.428,-0.239,-0.045,-0.019,-0.005,0.014,hitter,-0.033,-0.02,-0.041,-1.148,0.895,0.2,-0.043,-0.023,-0.004,0.019
Alec Burleson,27615,0.279,0.343,0.473,18.06,8.209,8.209,0.31,0.353,0.374,0.021,670,27,676475,0.279,0.329,0.44,13.739,6.643,6.355,0.295,0.332,0.338,0.006,1488,0.001,0.014,0.033,4.32,1.566,1.854,0.015,0.02,0.035,0.015,hitter,0.002,0.01,0.036,4.579,1.033,2.293,0.016,0.017,0.036,0.02
Alejandro Kirk,22581,0.278,0.351,0.415,12.141,10.543,2.875,0.289,0.333,0.308,-0.025,313,27,672386,0.27,0.338,0.397,11.995,9.416,6.74,0.285,0.321,0.345,0.024,1314,0.008,0.013,0.018,0.145,1.127,-3.864,0.004,0.012,-0.037,-0.049,hitter,0.009,0.009,0.021,0.404,0.594,-3.425,0.005,0.008,-0.036,-0.044
Alejandro Osuna,27915,0.26,0.349,0.304,15.88,8.155,0.429,0.313,0.303,0.3,-0.003,233,23,696030,0.212,0.312,0.278,19.318,11.932,3.977,0.256,0.27,0.336,0.066,176,0.048,0.037,0.026,-3.438,-3.777,-3.548,0.057,0.033,-0.036,-0.069,hitter,0.049,0.033,0.029,-3.18,-4.31,-3.109,0.058,0.029,-0.035,-0.064
Alek Thomas,23792,0.186,0.227,0.327,22.5,3.333,5,0.226,0.244,0.282,0.038,120,26,677950,0.241,0.283,0.369,24.444,4.745,5.17,0.303,0.283,0.294,0.011,974,-0.055,-0.056,-0.042,-1.944,-1.411,-0.17,-0.077,-0.04,-0.012,0.028,hitter,-0.054,-0.06,-0.039,-1.686,-1.944,0.269,-0.075,-0.044,-0.011,0.032
Alex Bregman,17678,0.265,0.355,0.464,14.53,10.826,4.701,0.275,0.357,0.327,-0.03,702,32,608324,0.266,0.344,0.455,13.625,9.39,4.744,0.276,0.346,0.332,-0.013,1853,-0.001,0.011,0.008,0.905,1.436,-0.043,-0.002,0.011,-0.005,-0.017,hitter,-0,0.007,0.011,1.163,0.903,0.396,0,0.008,-0.004,-0.012
Alex Call,19296,0.233,0.349,0.307,17.949,11.795,1.538,0.287,0.305,0.277,-0.028,195,31,669743,0.266,0.36,0.391,17.169,11.265,3.266,0.311,0.333,0.315,-0.019,874,-0.032,-0.011,-0.084,0.78,0.53,-1.728,-0.024,-0.028,-0.038,-0.01,hitter,-0.031,-0.015,-0.081,1.038,-0.003,-1.289,-0.022,-0.032,-0.037,-0.005
Alex Freeland,31665,0.234,0.327,0.325,27.509,11.896,3.717,0.323,0.297,0.298,0,269,24,690976,0.19,0.292,0.31,36.082,11.34,4.124,0.298,0.273,0.258,-0.015,97,0.043,0.035,0.015,-8.573,0.556,-0.406,0.025,0.025,0.039,0.015,hitter,0.044,0.032,0.018,-8.315,0.023,0.033,0.026,0.021,0.04,0.02
Alex Jackson,17276,0.304,0.342,0.406,32.877,2.74,1.37,0.455,0.331,0.222,-0.11,73,30,656577,0.173,0.247,0.36,35.648,6.321,6.632,0.235,0.266,0.247,-0.019,255,0.131,0.095,0.046,-2.771,-3.582,-5.262,0.219,0.065,-0.025,-0.091,hitter,0.132,0.091,0.049,-2.513,-4.114,-4.823,0.221,0.062,-0.024,-0.086
Ali Sanchez,18551,0.244,0.275,0.302,27.174,1.087,2.174,0.328,0.258,0.256,-0.002,92,29,645305,0.183,0.213,0.226,25.31,2.978,5.955,0.25,0.195,0.225,0.03,119,0.062,0.062,0.076,1.864,-1.891,-3.781,0.078,0.063,0.031,-0.031,hitter,0.063,0.058,0.079,2.122,-2.424,-3.342,0.08,0.059,0.032,-0.027
Alika Williams,27604,0.27,0.307,0.428,21.645,4.329,0.866,0.333,0.32,0.248,-0.072,231,27,675961,0.204,0.25,0.285,25.25,4.5,2.75,0.284,0.237,0.249,0.012,208,0.065,0.057,0.143,-3.605,-0.171,-1.884,0.05,0.082,-0.002,-0.084,hitter,0.066,0.053,0.146,-3.347,-0.704,-1.445,0.051,0.078,-0,-0.079
Amed Rosario,15518,0.238,0.279,0.405,23.361,5.738,7.377,0.27,0.297,0.309,0.012,244,30,642708,0.275,0.307,0.401,18.637,3.586,3.743,0.325,0.307,0.305,-0.002,1082,-0.037,-0.028,0.005,4.724,2.152,3.634,-0.055,-0.01,0.004,0.014,hitter,-0.036,-0.032,0.008,4.982,1.619,4.073,-0.053,-0.014,0.005,0.019
Andres Chaparro,21797,0.263,0.36,0.525,23.246,10.965,8.333,0.295,0.383,0.344,-0.039,228,27,665953,0.199,0.264,0.339,23.916,6.045,5.65,0.242,0.266,0.278,0.012,205,0.063,0.096,0.186,-0.67,4.92,2.683,0.053,0.117,0.066,-0.051,hitter,0.064,0.092,0.189,-0.412,4.387,3.122,0.055,0.113,0.067,-0.046
Andres Gimenez,19950,0.244,0.291,0.359,18.504,3.346,2.559,0.284,0.286,0.276,-0.01,508,27,665926,0.234,0.295,0.337,16.812,5.39,2.454,0.267,0.28,0.301,0.021,1618,0.009,-0.005,0.022,1.692,-2.043,0.105,0.017,0.006,-0.025,-0.031,hitter,0.01,-0.008,0.025,1.95,-2.576,0.544,0.018,0.002,-0.024,-0.026
Andrew Benintendi,17901,0.24,0.302,0.413,23.932,8.333,5.769,0.287,0.311,0.307,-0.004,468,31,643217,0.239,0.303,0.409,17.346,8.265,6.083,0.256,0.308,0.313,0.005,1613,0.001,-0.002,0.005,6.585,0.068,-0.314,0.031,0.003,-0.006,-0.009,hitter,0.002,-0.005,0.008,6.843,-0.465,0.125,0.033,-0.001,-0.005,-0.004
Andrew Knizner,19514,0.219,0.288,0.356,17.5,5,3.75,0.246,0.288,0.274,-0.014,80,31,668800,0.209,0.262,0.304,18.542,5.208,2.812,0.24,0.251,0.271,0.02,422,0.01,0.025,0.052,-1.042,-0.208,0.938,0.006,0.037,0.003,-0.034,hitter,0.011,0.022,0.055,-0.784,-0.741,1.377,0.007,0.033,0.004,-0.029
Andrew McCutchen,9847,0.192,0.277,0.26,26.506,10.843,3.614,0.255,0.249,0.237,-0.012,83,39,457705,0.238,0.336,0.384,22.816,12.235,5.887,0.29,0.318,0.333,0.015,1539,-0.047,-0.059,-0.124,3.69,-1.392,-2.273,-0.035,-0.069,-0.096,-0.027,hitter,-0.046,-0.063,-0.121,3.948,-1.925,-1.834,-0.033,-0.072,-0.095,-0.022
Andrew Pinckney,33357,0.28,0.31,0.48,34.483,3.448,6.897,0.375,0.328,0.297,-0.032,29,25,687605,NA,NA,NA,NA,NA,NA,NA,NA,NA,NA,NA,NA,NA,NA,NA,NA,NA,NA,NA,NA,NA,hitter,NA,NA,NA,NA,NA,NA,NA,NA,NA,NA
Andrew Vaughn,26197,0.306,0.39,0.444,16.012,10.574,3.625,0.355,0.368,0.329,-0.039,331,28,683734,0.251,0.304,0.41,19.652,6.48,7.648,0.284,0.31,0.333,0.024,1681,0.055,0.086,0.035,-3.639,4.094,-4.023,0.071,0.059,-0.004,-0.063,hitter,0.055,0.082,0.038,-3.381,3.561,-3.584,0.072,0.055,-0.003,-0.058
Andrew Velazquez,14196,0.067,0.067,0.067,13.333,0,0,0.077,0.059,0.16,0.101,15,31,623205,0.173,0.264,0.284,31.915,10.638,2.128,0.245,0.249,0.222,-0.027,94,-0.106,-0.197,-0.217,-18.582,-10.638,-2.128,-0.168,-0.19,-0.062,0.128,hitter,-0.105,-0.201,-0.214,-18.323,-11.171,-1.689,-0.166,-0.193,-0.061,0.133
Andruw Monasterio,19455,0.233,0.295,0.371,19.597,7.493,4.611,0.276,0.293,0.287,-0.006,347,29,655316,0.249,0.316,0.369,24.435,7.839,4.308,0.322,0.303,0.29,-0.014,592,-0.016,-0.022,0.002,-4.838,-0.346,0.303,-0.046,-0.01,-0.002,0.008,hitter,-0.015,-0.025,0.004,-4.58,-0.879,0.742,-0.044,-0.014,-0.001,0.012
Andy Ibanez,18819,0.087,0.115,0.087,11.538,3.846,0,0.091,0.095,0.164,0.068,26,33,628451,0.244,0.301,0.369,18.654,6.202,4.087,0.283,0.294,0.296,0.002,820,-0.157,-0.185,-0.282,-7.115,-2.356,-4.087,-0.192,-0.199,-0.133,0.066,hitter,-0.156,-0.189,-0.279,-6.857,-2.889,-3.647,-0.19,-0.203,-0.132,0.071
Andy Pages,24816,0.274,0.343,0.468,19.686,8.537,5.575,0.307,0.352,0.343,-0.009,574,25,681624,0.265,0.31,0.445,22.454,5.215,6.428,0.307,0.325,0.317,-0.008,1067,0.009,0.033,0.022,-2.768,3.322,-0.853,0,0.027,0.026,-0.001,hitter,0.01,0.029,0.025,-2.51,2.789,-0.414,0.002,0.023,0.027,0.004
Angel Genao,28811,0.213,0.281,0.291,15.108,7.914,3.597,0.24,0.261,0.286,0.025,139,22,694197,NA,NA,NA,NA,NA,NA,NA,NA,NA,NA,NA,NA,NA,NA,NA,NA,NA,NA,NA,NA,NA,hitter,NA,NA,NA,NA,NA,NA,NA,NA,NA,NA
Angel Martinez,26540,0.254,0.29,0.465,21.875,3.125,5.288,0.288,0.326,0.299,-0.027,416,24,682657,0.225,0.274,0.355,22.173,5.466,2.255,0.271,0.275,0.258,-0.017,653,0.029,0.016,0.11,-0.298,-2.341,3.034,0.017,0.051,0.042,-0.009,hitter,0.03,0.012,0.113,-0.04,-2.874,3.473,0.019,0.047,0.043,-0.004
Anthony Seigler,23802,0.247,0.327,0.4,16.185,10.405,4.046,0.281,0.321,0.312,-0.009,173,27,678011,0.194,0.292,0.21,21.918,10.959,1.37,0.255,0.239,0.305,0.066,73,0.053,0.036,0.19,-5.733,-0.554,2.676,0.026,0.082,0.007,-0.075,hitter,0.054,0.032,0.193,-5.475,-1.087,3.116,0.027,0.078,0.008,-0.07
Anthony Volpe,27647,0.245,0.321,0.336,22.764,10.163,3.252,0.319,0.297,0.291,-0.006,246,25,683011,0.223,0.281,0.38,24.522,6.958,5.329,0.272,0.287,0.291,0.004,1886,0.022,0.041,-0.044,-1.758,3.204,-2.077,0.047,0.01,-0,-0.01,hitter,0.023,0.037,-0.041,-1.5,2.671,-1.638,0.048,0.006,0.001,-0.005
Aramis Garcia,16925,0.158,0.158,0.316,31.579,0,5.263,0.167,0.202,0.259,0.057,19,33,605244,0,0,0,58.537,0,0,0,0,0.064,0.064,11,0.158,0.158,0.316,-26.958,0,5.263,0.167,0.202,0.196,-0.006,hitter,0.159,0.154,0.319,-26.699,-0.533,5.702,0.168,0.198,0.197,-0.001
Austin Hays,19363,0.28,0.305,0.4,25.714,3.81,2.857,0.352,0.304,0.296,-0.008,105,30,669720,0.265,0.314,0.438,25.007,6.157,6.303,0.327,0.322,0.299,-0.023,1237,0.015,-0.009,-0.038,0.707,-2.347,-3.446,0.025,-0.018,-0.003,0.015,hitter,0.016,-0.013,-0.035,0.965,-2.88,-3.007,0.027,-0.022,-0.002,0.02
Austin Hedges,12976,0.247,0.325,0.377,18.219,10.121,3.239,0.283,0.313,0.28,-0.032,247,33,595978,0.162,0.234,0.254,26.581,7.677,1.548,0.201,0.222,0.226,0.004,538,0.085,0.091,0.123,-8.362,2.444,1.69,0.082,0.091,0.054,-0.037,hitter,0.086,0.087,0.126,-8.104,1.911,2.13,0.084,0.088,0.056,-0.032
Austin Martin,27462,0.228,0.341,0.315,18.994,12.57,1.955,0.282,0.303,0.303,0,358,27,668885,0.268,0.348,0.359,17.661,10.143,2.446,0.331,0.317,0.323,0.007,438,-0.04,-0.007,-0.044,1.333,2.427,-0.491,-0.049,-0.014,-0.02,-0.006,hitter,-0.039,-0.011,-0.041,1.591,1.894,-0.052,-0.047,-0.017,-0.019,-0.002
Austin Riley,18360,0.219,0.29,0.364,31.905,7.619,7.302,0.299,0.29,0.299,0.009,630,29,663586,0.262,0.319,0.453,26.762,7,9.731,0.326,0.332,0.346,0.014,1631,-0.043,-0.029,-0.089,5.143,0.619,-2.43,-0.027,-0.042,-0.047,-0.005,hitter,-0.042,-0.032,-0.086,5.401,0.086,-1.991,-0.025,-0.046,-0.046,-0.001
Austin Slater,16153,0.231,0.311,0.277,28.378,10.811,1.351,0.333,0.271,0.235,-0.036,74,33,596103,0.22,0.3,0.337,30.006,9.312,5.904,0.304,0.284,0.322,0.038,579,0.01,0.011,-0.06,-1.628,1.499,-4.552,0.03,-0.013,-0.086,-0.074,hitter,0.011,0.007,-0.057,-1.37,0.966,-4.113,0.031,-0.017,-0.085,-0.069
Austin Wells,27562,0.186,0.292,0.332,26.546,12.371,4.639,0.219,0.281,0.302,0.021,388,26,669224,0.223,0.291,0.424,24.318,8.265,6.55,0.25,0.307,0.311,0.004,937,-0.037,0.001,-0.091,2.228,4.106,-1.911,-0.031,-0.025,-0.009,0.017,hitter,-0.036,-0.003,-0.088,2.486,3.573,-1.472,-0.03,-0.029,-0.008,0.021
Austin Wynns,15271,0.146,0.195,0.183,26.966,5.618,2.247,0.193,0.176,0.24,0.064,89,35,642851,0.282,0.317,0.497,28.344,4.503,4.901,0.361,0.347,0.283,-0.064,275,-0.136,-0.122,-0.314,-1.378,1.115,-2.653,-0.168,-0.17,-0.042,0.128,hitter,-0.135,-0.126,-0.311,-1.12,0.582,-2.214,-0.166,-0.174,-0.041,0.133
BJ Murray Jr.,29767,0.091,0.091,0.091,36.364,0,0,0.143,0.081,0.086,0.006,11,26,681230,NA,NA,NA,NA,NA,NA,NA,NA,NA,NA,NA,NA,NA,NA,NA,NA,NA,NA,NA,NA,NA,hitter,NA,NA,NA,NA,NA,NA,NA,NA,NA,NA
Ben Malgeri,29577,0.25,0.35,0.417,25.714,12.143,4.286,0.312,0.341,0.317,-0.023,140,26,701162,NA,NA,NA,NA,NA,NA,NA,NA,NA,NA,NA,NA,NA,NA,NA,NA,NA,NA,NA,NA,NA,hitter,NA,NA,NA,NA,NA,NA,NA,NA,NA,NA
Ben Rice,29576,0.264,0.363,0.534,24.288,12.744,8.846,0.295,0.384,0.378,-0.006,667,27,700250,0.241,0.325,0.474,20.226,9.736,10.553,0.258,0.343,0.385,0.042,708,0.022,0.038,0.06,4.062,3.007,-1.707,0.037,0.041,-0.007,-0.048,hitter,0.023,0.034,0.063,4.32,2.474,-1.268,0.038,0.037,-0.006,-0.043
Ben Rortvedt,20287,0.185,0.185,0.185,32.143,0,0,0.278,0.165,0.204,0.04,28,28,666163,0.194,0.285,0.263,23.371,9.865,2.29,0.254,0.253,0.257,0.004,535,-0.009,-0.1,-0.078,8.772,-9.865,-2.29,0.024,-0.088,-0.053,0.035,hitter,-0.008,-0.104,-0.075,9.03,-10.398,-1.851,0.026,-0.092,-0.052,0.04
Ben Ross,31710,0.19,0.19,0.381,52.381,0,9.524,0.4,0.238,0.186,-0.053,21,25,805346,NA,NA,NA,NA,NA,NA,NA,NA,NA,NA,NA,NA,NA,NA,NA,NA,NA,NA,NA,NA,NA,hitter,NA,NA,NA,NA,NA,NA,NA,NA,NA,NA
Ben Williamson,33197,0.238,0.302,0.318,18.881,7.692,1.399,0.289,0.28,0.286,0.005,286,25,810938,0.253,0.294,0.31,21.695,5.085,2.373,0.325,0.269,0.269,-0,295,-0.015,0.008,0.008,-2.814,2.608,-0.974,-0.036,0.011,0.017,0.005,hitter,-0.014,0.004,0.01,-2.556,2.075,-0.535,-0.035,0.008,0.018,0.01
Billy Cook,29573,0.179,0.207,0.25,39.655,1.724,0,0.303,0.203,0.159,-0.044,58,27,695257,0.243,0.243,0.429,35.028,0,6.78,0.321,0.286,0.298,0.012,55,-0.064,-0.036,-0.179,4.627,1.724,-6.78,-0.018,-0.083,-0.139,-0.055,hitter,-0.063,-0.04,-0.176,4.885,1.191,-6.341,-0.016,-0.087,-0.138,-0.051
Blake Dunn,29487,0.282,0.335,0.387,21.29,6.452,1.935,0.352,0.32,0.28,-0.041,155,27,694362,0.151,0.305,0.249,34.199,9.957,3.896,0.231,0.268,0.292,0.024,104,0.131,0.03,0.139,-12.909,-3.505,-1.961,0.121,0.053,-0.012,-0.065,hitter,0.132,0.027,0.142,-12.651,-4.038,-1.521,0.122,0.049,-0.011,-0.06
Blake Hunt,23209,0,0,0,100,0,0,NA,0,0,0,3,27,675448,NA,NA,NA,NA,NA,NA,NA,NA,NA,NA,NA,NA,NA,NA,NA,NA,NA,NA,NA,NA,NA,hitter,NA,NA,NA,NA,NA,NA,NA,NA,NA,NA
Blake Perkins,19921,0.157,0.25,0.258,21.782,9.901,2.97,0.197,0.236,0.264,0.028,101,29,663368,0.233,0.31,0.339,26.022,9.634,2.495,0.308,0.289,0.277,-0.012,773,-0.076,-0.06,-0.081,-4.239,0.267,0.476,-0.111,-0.053,-0.013,0.04,hitter,-0.075,-0.064,-0.078,-3.981,-0.266,0.915,-0.11,-0.057,-0.012,0.045
Blaze Alexander,23789,0.303,0.358,0.414,21.799,6.574,4.498,0.385,0.34,0.351,0.011,289,27,677942,0.235,0.322,0.371,30.61,8.223,5.676,0.333,0.309,0.29,-0.019,451,0.067,0.035,0.043,-8.811,-1.648,-1.178,0.051,0.032,0.062,0.03,hitter,0.068,0.032,0.046,-8.553,-2.181,-0.739,0.053,0.028,0.063,0.035
Blaze Jordan,28199,0.247,0.276,0.382,15.075,3.518,8.04,0.274,0.284,0.317,0.033,199,23,691458,NA,NA,NA,NA,NA,NA,NA,NA,NA,NA,NA,NA,NA,NA,NA,NA,NA,NA,NA,NA,NA,hitter,NA,NA,NA,NA,NA,NA,NA,NA,NA,NA
Bo Bichette,19612,0.26,0.312,0.39,18.247,7.04,4.741,0.296,0.309,0.33,0.021,696,28,666182,0.292,0.338,0.448,16.045,6.043,5.728,0.329,0.339,0.344,0.005,1565,-0.032,-0.026,-0.057,2.202,0.997,-0.986,-0.033,-0.03,-0.014,0.016,hitter,-0.031,-0.03,-0.054,2.46,0.464,-0.547,-0.031,-0.034,-0.012,0.021
Bo Davidson,33405,0.35,0.364,0.35,31.818,4.545,0,0.5,0.315,0.266,-0.049,22,23,815589,NA,NA,NA,NA,NA,NA,NA,NA,NA,NA,NA,NA,NA,NA,NA,NA,NA,NA,NA,NA,NA,hitter,NA,NA,NA,NA,NA,NA,NA,NA,NA,NA
Bo Naylor,21865,0.154,0.214,0.275,24.49,7.143,8.163,0.172,0.22,0.293,0.073,98,26,666310,0.2,0.28,0.375,26.363,9.864,5.653,0.238,0.286,0.282,-0.003,1033,-0.046,-0.065,-0.1,-1.873,-2.722,2.51,-0.066,-0.066,0.011,0.076,hitter,-0.045,-0.069,-0.097,-1.615,-3.255,2.949,-0.065,-0.069,0.012,0.081
Bobby Witt Jr.,25764,0.281,0.359,0.441,17.247,10.601,8.07,0.32,0.345,0.378,0.033,632,26,677951,0.305,0.36,0.529,17.008,7.289,9.703,0.336,0.375,0.38,0.005,2090,-0.024,-0.001,-0.089,0.239,3.312,-1.633,-0.017,-0.03,-0.002,0.028,hitter,-0.023,-0.005,-0.086,0.497,2.779,-1.194,-0.015,-0.033,-0.001,0.033
Braden Montgomery,35423,0.226,0.312,0.35,19.726,10.411,3.014,0.272,0.298,0.325,0.027,365,23,695731,NA,NA,NA,NA,NA,NA,NA,NA,NA,NA,NA,NA,NA,NA,NA,NA,NA,NA,NA,NA,NA,hitter,NA,NA,NA,NA,NA,NA,NA,NA,NA,NA
Braden Shewmake,25817,0.259,0.27,0.424,17.582,2.198,5.495,0.279,0.296,0.294,-0.001,91,28,669699,0.122,0.132,0.199,15.122,1.463,2.927,0.125,0.141,0.187,0.045,71,0.136,0.138,0.225,2.46,0.734,2.568,0.154,0.154,0.108,-0.047,hitter,0.137,0.134,0.228,2.719,0.201,3.007,0.156,0.151,0.109,-0.042
Brady House,29993,0.247,0.313,0.397,25.634,8.169,6.197,0.311,0.313,0.333,0.02,355,23,691781,0.234,0.252,0.322,28.467,2.92,2.92,0.31,0.248,0.284,0.036,274,0.013,0.061,0.075,-2.833,5.249,3.277,0.001,0.064,0.049,-0.016,hitter,0.014,0.057,0.078,-2.575,4.716,3.717,0.003,0.061,0.05,-0.011
Brandon Lockridge,21496,0.277,0.348,0.327,29.204,9.735,0.885,0.412,0.308,0.258,-0.05,113,29,663604,0.228,0.271,0.305,24.742,5.155,2.32,0.303,0.254,0.263,0.009,160,0.049,0.078,0.022,4.461,4.58,-1.435,0.109,0.054,-0.006,-0.059,hitter,0.05,0.074,0.025,4.719,4.047,-0.995,0.11,0.05,-0.005,-0.055
Brandon Lowe,18882,0.26,0.331,0.493,28.811,9.451,7.622,0.319,0.354,0.331,-0.023,656,31,664040,0.251,0.31,0.473,26.81,7.574,8.155,0.292,0.334,0.338,0.003,1414,0.01,0.02,0.02,2.001,1.877,-0.533,0.026,0.02,-0.006,-0.026,hitter,0.011,0.017,0.023,2.259,1.345,-0.094,0.028,0.016,-0.005,-0.021
Brandon Marsh,20202,0.26,0.304,0.408,25,5.986,5.458,0.32,0.308,0.301,-0.007,568,28,669016,0.269,0.341,0.436,28.72,9.913,5.466,0.361,0.337,0.327,-0.01,1373,-0.009,-0.036,-0.028,-3.72,-3.927,-0.008,-0.042,-0.029,-0.026,0.003,hitter,-0.008,-0.04,-0.025,-3.462,-4.46,0.431,-0.04,-0.032,-0.025,0.007
Brandon Nimmo,12927,0.26,0.324,0.405,22.748,7.786,6.107,0.323,0.32,0.338,0.019,655,33,607043,0.251,0.33,0.427,22.34,9.358,5.969,0.293,0.329,0.329,-0,1997,0.009,-0.006,-0.023,0.408,-1.571,0.138,0.029,-0.01,0.009,0.019,hitter,0.01,-0.01,-0.02,0.666,-2.104,0.577,0.031,-0.013,0.01,0.024
Brandon Valenzuela,23813,0.222,0.307,0.372,25.461,10.701,4.428,0.272,0.307,0.313,0.006,271,25,678218,NA,NA,NA,NA,NA,NA,NA,NA,NA,NA,NA,NA,NA,NA,NA,NA,NA,NA,NA,NA,NA,hitter,NA,NA,NA,NA,NA,NA,NA,NA,NA,NA
Braxton Fulford,29704,0.176,0.259,0.27,40,9.412,3.529,0.293,0.242,0.209,-0.032,85,27,690924,0.213,0.267,0.324,30,5.833,3.333,0.297,0.258,0.262,0.003,120,-0.037,-0.008,-0.054,10,3.578,0.196,-0.005,-0.017,-0.053,-0.036,hitter,-0.036,-0.012,-0.051,10.258,3.045,0.635,-0.003,-0.02,-0.052,-0.031
Brayan Rocchio,23690,0.253,0.313,0.391,14.358,6.419,2.196,0.274,0.311,0.294,-0.017,592,25,677587,0.223,0.293,0.33,20.499,7.394,2.435,0.269,0.277,0.285,0.008,911,0.03,0.021,0.061,-6.141,-0.975,-0.239,0.005,0.035,0.01,-0.025,hitter,0.031,0.017,0.064,-5.883,-1.508,0.2,0.007,0.031,0.011,-0.02
Brendan Donovan,24679,0.277,0.371,0.409,14.465,9.434,1.887,0.312,0.349,0.314,-0.034,159,29,680977,0.283,0.349,0.42,12.872,7.834,5.61,0.309,0.336,0.342,0.007,1538,-0.006,0.022,-0.011,1.593,1.6,-3.723,0.004,0.013,-0.028,-0.041,hitter,-0.005,0.018,-0.008,1.851,1.067,-3.284,0.005,0.009,-0.027,-0.036
Brent Rooker,19627,0.2,0.281,0.389,32.02,9.36,8.867,0.243,0.293,0.312,0.019,203,31,667670,0.27,0.344,0.506,25.209,9.398,9.5,0.321,0.362,0.36,-0.003,1839,-0.07,-0.063,-0.117,6.811,-0.038,-0.633,-0.078,-0.07,-0.048,0.022,hitter,-0.069,-0.067,-0.114,7.069,-0.571,-0.194,-0.076,-0.073,-0.047,0.027
Brenton Doyle,25479,0.233,0.275,0.362,32.735,5.381,4.036,0.328,0.28,0.245,-0.036,223,28,686668,0.24,0.288,0.399,26.369,6.288,7.059,0.299,0.297,0.307,0.01,1572,-0.007,-0.013,-0.037,6.366,-0.907,-3.023,0.029,-0.016,-0.062,-0.046,hitter,-0.006,-0.017,-0.034,6.624,-1.44,-2.584,0.031,-0.02,-0.061,-0.041
Brett Bateman,33312,0.329,0.402,0.424,19.337,9.945,1.105,0.41,0.368,0.312,-0.056,181,24,703520,NA,NA,NA,NA,NA,NA,NA,NA,NA,NA,NA,NA,NA,NA,NA,NA,NA,NA,NA,NA,NA,hitter,NA,NA,NA,NA,NA,NA,NA,NA,NA,NA
Brett Baty,26123,0.238,0.311,0.374,26.427,9.302,6.554,0.308,0.302,0.321,0.018,473,26,683146,0.245,0.307,0.403,25.31,7.903,7.25,0.298,0.309,0.321,0.012,992,-0.007,0.004,-0.029,1.117,1.399,-0.696,0.01,-0.007,-0,0.007,hitter,-0.006,0,-0.026,1.375,0.866,-0.257,0.011,-0.011,0.001,0.012
Brett Callahan,33514,0.211,0.288,0.324,33.75,8.75,6.25,0.318,0.274,0.296,0.021,80,24,814430,NA,NA,NA,NA,NA,NA,NA,NA,NA,NA,NA,NA,NA,NA,NA,NA,NA,NA,NA,NA,NA,hitter,NA,NA,NA,NA,NA,NA,NA,NA,NA,NA
Brett Harris,29788,0.136,0.24,0.182,31.373,5.882,1.961,0.214,0.207,0.243,0.036,51,28,695391,0.215,0.315,0.306,22.814,10.9,2.788,0.276,0.283,0.282,-0.002,207,-0.079,-0.075,-0.124,8.559,-5.018,-0.828,-0.062,-0.076,-0.038,0.038,hitter,-0.078,-0.079,-0.121,8.817,-5.551,-0.388,-0.06,-0.08,-0.037,0.042
Brett Sullivan,18217,0.225,0.268,0.39,16.878,5.485,2.954,0.241,0.285,0.281,-0.004,237,32,664954,0.195,0.264,0.289,25.275,6.593,4.945,0.235,0.247,0.257,0.01,112,0.03,0.004,0.101,-8.397,-1.108,-1.991,0.007,0.038,0.025,-0.014,hitter,0.031,0.001,0.104,-8.139,-1.641,-1.552,0.008,0.035,0.026,-0.009
Brewer Hicklen,20450,0.256,0.383,0.385,34.043,17.021,4.255,0.435,0.348,0.306,-0.042,47,30,676551,0.333,0.429,0.333,48.571,14.286,14.286,0.769,0.351,0.222,-0.129,9,-0.077,-0.046,0.051,-14.529,2.736,-10.03,-0.334,-0.003,0.084,0.087,hitter,-0.076,-0.049,0.054,-14.271,2.203,-9.591,-0.333,-0.007,0.085,0.091
Brian Navarreto,16398,0.135,0.193,0.25,34.426,3.279,3.279,0.194,0.199,0.172,-0.027,61,31,640459,0.286,0.267,0.643,20,0,20,0.273,0.362,0.33,-0.032,15,-0.151,-0.074,-0.393,14.426,3.279,-16.721,-0.079,-0.162,-0.158,0.004,hitter,-0.15,-0.077,-0.39,14.684,2.746,-16.282,-0.078,-0.166,-0.157,0.009
Brian Serven,19422,0.175,0.224,0.375,24.706,4.706,5.882,0.167,0.261,0.278,0.018,85,31,661531,0.156,0.232,0.217,32.203,6.356,1.271,0.243,0.209,0.228,0.019,94,0.019,-0.008,0.158,-7.498,-1.65,4.611,-0.076,0.052,0.05,-0.002,hitter,0.02,-0.012,0.161,-7.239,-2.183,5.05,-0.074,0.048,0.051,0.003
Brice Matthews,33280,0.201,0.255,0.332,31.76,6.867,5.15,0.269,0.26,0.261,0.001,233,24,694728,0.167,0.222,0.452,42.553,4.255,12.766,0.167,0.287,0.294,0.008,47,0.034,0.033,-0.121,-10.794,2.612,-7.616,0.102,-0.026,-0.033,-0.007,hitter,0.035,0.029,-0.118,-10.535,2.079,-7.177,0.104,-0.03,-0.032,-0.002
Brice Turang,22186,0.268,0.366,0.45,25.147,13.235,4.706,0.344,0.358,0.344,-0.014,680,26,668930,0.271,0.339,0.395,20.696,9.25,3.875,0.329,0.322,0.318,-0.005,1726,-0.003,0.027,0.055,4.451,3.985,0.831,0.015,0.036,0.027,-0.009,hitter,-0.002,0.023,0.058,4.709,3.452,1.27,0.017,0.032,0.028,-0.004
Brock Rodden,33191,0.197,0.306,0.279,33.333,13.889,2.778,0.316,0.271,0.233,-0.038,72,26,801126,NA,NA,NA,NA,NA,NA,NA,NA,NA,NA,NA,NA,NA,NA,NA,NA,NA,NA,NA,NA,NA,hitter,NA,NA,NA,NA,NA,NA,NA,NA,NA,NA
Brooks Lee,31595,0.253,0.3,0.428,16.165,5.864,3.487,0.268,0.316,0.281,-0.036,631,25,686797,0.233,0.281,0.361,16.959,5.893,4.169,0.255,0.28,0.286,0.006,712,0.019,0.019,0.067,-0.794,-0.03,-0.683,0.013,0.037,-0.006,-0.042,hitter,0.02,0.015,0.07,-0.536,-0.563,-0.244,0.014,0.033,-0.004,-0.037
Bryan De La Cruz,19600,0.28,0.349,0.413,20.93,8.14,3.488,0.333,0.335,0.299,-0.037,86,29,650559,0.235,0.275,0.374,27.061,5.179,6.054,0.295,0.282,0.303,0.022,1298,0.045,0.073,0.039,-6.13,2.961,-2.566,0.038,0.054,-0.005,-0.058,hitter,0.046,0.07,0.042,-5.872,2.428,-2.126,0.04,0.05,-0.004,-0.054
Bryan Reynolds,19326,0.261,0.365,0.424,23.176,12.732,7.01,0.329,0.349,0.355,0.006,699,31,668804,0.257,0.328,0.424,24.574,8.503,6.582,0.321,0.327,0.344,0.017,1986,0.003,0.037,-0,-1.398,4.229,0.428,0.008,0.022,0.01,-0.012,hitter,0.004,0.033,0.003,-1.14,3.696,0.867,0.01,0.019,0.012,-0.007
Bryan Torres,21464,0.229,0.309,0.331,20.635,9.524,2.116,0.272,0.289,0.288,-0.001,189,28,663494,NA,NA,NA,NA,NA,NA,NA,NA,NA,NA,NA,NA,NA,NA,NA,NA,NA,NA,NA,NA,NA,hitter,NA,NA,NA,NA,NA,NA,NA,NA,NA,NA
Bryce Eldridge,33390,0.269,0.364,0.461,26.562,13.17,6.92,0.344,0.361,0.359,-0.002,448,21,805811,0.107,0.297,0.179,35.135,18.919,10.811,0.188,0.242,0.362,0.12,37,0.162,0.067,0.283,-8.573,-5.749,-3.891,0.156,0.119,-0.003,-0.122,hitter,0.163,0.063,0.286,-8.314,-6.282,-3.452,0.158,0.115,-0.002,-0.118
Bryce Harper,11579,0.269,0.38,0.485,21.356,15.44,6.494,0.309,0.375,0.379,0.004,693,33,547180,0.273,0.367,0.502,21.315,12.324,7.792,0.312,0.37,0.367,-0.003,1757,-0.005,0.012,-0.017,0.042,3.116,-1.298,-0.003,0.005,0.012,0.007,hitter,-0.004,0.009,-0.014,0.3,2.583,-0.859,-0.001,0.001,0.014,0.012
Bryce Johnson,20002,0.178,0.229,0.222,36.735,6.122,0,0.296,0.207,0.172,-0.035,49,30,669369,0.288,0.341,0.361,21.252,5.822,2.475,0.369,0.312,0.31,-0.003,205,-0.11,-0.112,-0.139,15.483,0.3,-2.475,-0.072,-0.105,-0.137,-0.033,hitter,-0.109,-0.115,-0.136,15.741,-0.233,-2.035,-0.071,-0.109,-0.136,-0.028
Bryce Teodosio,29524,0.214,0.267,0.243,35.526,6.579,2.632,0.349,0.234,0.21,-0.025,76,27,669326,0.197,0.241,0.293,31.807,3.181,2.545,0.287,0.235,0.217,-0.018,162,0.017,0.026,-0.051,3.72,3.398,0.087,0.062,-0.001,-0.008,-0.007,hitter,0.018,0.022,-0.048,3.978,2.865,0.526,0.064,-0.004,-0.007,-0.002
Bryson Stott,26294,0.256,0.334,0.401,16.447,10.197,4.276,0.296,0.326,0.33,0.005,608,28,681082,0.256,0.324,0.383,16.185,9.082,3.357,0.287,0.31,0.31,0,1771,-0,0.011,0.018,0.263,1.115,0.919,0.009,0.016,0.02,0.005,hitter,0.001,0.007,0.021,0.521,0.582,1.358,0.011,0.012,0.021,0.009
Buddy Kennedy,22505,0.116,0.224,0.14,30.612,10.204,6.122,0.179,0.184,0.249,0.064,49,27,671083,0.112,0.217,0.19,25.094,9.738,4.12,0.139,0.195,0.27,0.075,87,0.004,0.007,-0.05,5.519,0.466,2.003,0.039,-0.011,-0.022,-0.011,hitter,0.005,0.004,-0.047,5.777,-0.067,2.442,0.041,-0.014,-0.021,-0.007
Byron Buxton,14161,0.254,0.319,0.511,24.51,7.353,10.539,0.279,0.355,0.343,-0.012,408,32,621439,0.264,0.326,0.535,27.15,7.107,10.329,0.309,0.362,0.348,-0.014,1277,-0.01,-0.008,-0.024,-2.64,0.246,0.21,-0.03,-0.007,-0.005,0.002,hitter,-0.009,-0.011,-0.021,-2.382,-0.287,0.649,-0.028,-0.011,-0.004,0.007
CJ Abrams,25768,0.261,0.336,0.497,24.159,8.716,6.881,0.299,0.358,0.333,-0.025,654,25,682928,0.252,0.313,0.43,20.143,6.023,5.237,0.291,0.321,0.311,-0.01,1851,0.009,0.023,0.067,4.016,2.692,1.644,0.009,0.036,0.021,-0.015,hitter,0.01,0.019,0.07,4.274,2.159,2.083,0.011,0.033,0.022,-0.01
CJ Kayfus,33704,0.182,0.28,0.364,32,8,12,0.231,0.289,0.304,0.016,25,24,692216,0.22,0.292,0.415,27.536,7.971,5.797,0.28,0.306,0.322,0.017,138,-0.038,-0.012,-0.051,4.464,0.029,6.203,-0.05,-0.017,-0.018,-0.001,hitter,-0.037,-0.016,-0.048,4.722,-0.504,6.642,-0.048,-0.021,-0.017,0.004
Cal Raleigh,21534,0.182,0.296,0.368,30.943,13.585,7.736,0.22,0.297,0.312,0.015,530,29,663728,0.237,0.339,0.527,27.2,12.529,10.355,0.252,0.364,0.359,-0.005,1902,-0.055,-0.043,-0.159,3.744,1.056,-2.619,-0.032,-0.067,-0.047,0.02,hitter,-0.054,-0.047,-0.156,4.002,0.523,-2.18,-0.03,-0.071,-0.046,0.025
Caleb Durbin,29646,0.248,0.332,0.378,13.481,8.703,2.048,0.269,0.317,0.292,-0.026,586,26,702332,0.256,0.334,0.387,9.881,5.929,3.162,0.265,0.319,0.312,-0.007,506,-0.008,-0.002,-0.009,3.6,2.774,-1.114,0.004,-0.002,-0.02,-0.018,hitter,-0.007,-0.006,-0.006,3.858,2.241,-0.675,0.005,-0.006,-0.019,-0.014
Cam Cauley,29710,0.207,0.281,0.345,23.077,7.692,0,0.262,0.279,0.235,-0.044,65,23,695508,NA,NA,NA,NA,NA,NA,NA,NA,NA,NA,NA,NA,NA,NA,NA,NA,NA,NA,NA,NA,NA,hitter,NA,NA,NA,NA,NA,NA,NA,NA,NA,NA
Cam Smith,35108,0.21,0.279,0.39,26.056,7.746,7.218,0.248,0.293,0.316,0.024,568,23,701358,0.236,0.312,0.358,27.789,8.722,4.26,0.32,0.298,0.304,0.007,493,-0.026,-0.034,0.032,-1.733,-0.976,2.959,-0.072,-0.005,0.012,0.017,hitter,-0.025,-0.037,0.035,-1.475,-1.509,3.398,-0.07,-0.009,0.013,0.022
Carlos Correa,14162,0.279,0.369,0.418,18.44,12.766,7.092,0.33,0.347,0.364,0.017,141,31,621043,0.278,0.343,0.428,19.105,8.781,5.521,0.325,0.336,0.341,0.005,1531,0.001,0.026,-0.01,-0.665,3.985,1.572,0.005,0.011,0.023,0.012,hitter,0.002,0.022,-0.007,-0.407,3.452,2.011,0.007,0.008,0.024,0.017
Carlos Cortes,21842,0.251,0.318,0.397,16.535,8.136,4.462,0.278,0.315,0.3,-0.015,381,29,666126,0.309,0.323,0.543,20.202,3.03,7.071,0.347,0.363,0.316,-0.047,99,-0.058,-0.006,-0.146,-3.667,5.106,-2.609,-0.069,-0.048,-0.016,0.032,hitter,-0.057,-0.009,-0.143,-3.408,4.573,-2.17,-0.067,-0.052,-0.015,0.037
Carlos Jorge,29455,0.217,0.28,0.326,26,8,4,0.281,0.271,0.281,0.01,50,22,699115,NA,NA,NA,NA,NA,NA,NA,NA,NA,NA,NA,NA,NA,NA,NA,NA,NA,NA,NA,NA,NA,hitter,NA,NA,NA,NA,NA,NA,NA,NA,NA,NA
Carlos Narvaez,19722,0.161,0.241,0.226,31.579,6.667,3.86,0.234,0.219,0.26,0.041,285,27,665966,0.241,0.307,0.416,25.187,8.615,5.934,0.296,0.314,0.294,-0.02,461,-0.079,-0.066,-0.19,6.392,-1.949,-2.074,-0.062,-0.096,-0.034,0.062,hitter,-0.078,-0.07,-0.187,6.65,-2.482,-1.635,-0.06,-0.099,-0.033,0.067
Carlos Santana,2396,0.083,0.154,0.125,30.769,7.692,0,0.125,0.136,0.187,0.05,26,40,467793,0.229,0.317,0.374,17.942,10.899,4.255,0.253,0.305,0.307,0.002,1687,-0.146,-0.163,-0.249,12.827,-3.207,-4.255,-0.128,-0.169,-0.12,0.048,hitter,-0.145,-0.167,-0.246,13.086,-3.74,-3.816,-0.126,-0.172,-0.119,0.053
Carson Benge,35177,0.282,0.346,0.43,21.713,7.645,5.046,0.341,0.342,0.341,-0,654,23,701807,NA,NA,NA,NA,NA,NA,NA,NA,NA,NA,NA,NA,NA,NA,NA,NA,NA,NA,NA,NA,NA,hitter,NA,NA,NA,NA,NA,NA,NA,NA,NA,NA
Carson Kelly,13620,0.258,0.336,0.376,16.471,9.412,3.765,0.293,0.32,0.31,-0.009,425,31,608348,0.244,0.324,0.405,18.936,9.828,5.853,0.27,0.32,0.316,-0.004,885,0.014,0.012,-0.029,-2.465,-0.416,-2.088,0.023,-0,-0.005,-0.005,hitter,0.015,0.008,-0.026,-2.207,-0.949,-1.649,0.025,-0.004,-0.004,-0
Carson Williams,30038,0.108,0.154,0.216,32.5,5,2.5,0.13,0.166,0.217,0.051,40,23,700246,0.172,0.219,0.354,41.509,5.66,4.717,0.24,0.248,0.235,-0.012,106,-0.064,-0.065,-0.137,-9.009,-0.66,-2.217,-0.11,-0.082,-0.018,0.063,hitter,-0.063,-0.069,-0.134,-8.751,-1.193,-1.778,-0.108,-0.085,-0.017,0.068
Carter Jensen,29478,0.239,0.323,0.467,28.192,10.779,7.629,0.294,0.341,0.318,-0.023,603,22,695600,0.3,0.391,0.55,17.391,13.043,14.493,0.333,0.403,0.447,0.044,69,-0.061,-0.068,-0.083,10.801,-2.264,-6.864,-0.04,-0.061,-0.129,-0.068,hitter,-0.06,-0.072,-0.08,11.059,-2.797,-6.425,-0.038,-0.065,-0.128,-0.063
Casey Schmitt,27577,0.271,0.301,0.483,19.804,2.689,9.291,0.291,0.336,0.355,0.019,409,27,669477,0.236,0.296,0.403,23.557,6.791,5.9,0.277,0.303,0.319,0.016,738,0.036,0.004,0.08,-3.752,-4.102,3.391,0.014,0.032,0.035,0.003,hitter,0.037,0.001,0.083,-3.494,-4.635,3.83,0.015,0.029,0.036,0.008
Ceddanne Rafaela,24262,0.285,0.321,0.444,20.312,3.819,3.993,0.336,0.33,0.285,-0.045,576,25,678882,0.248,0.287,0.404,22.504,3.99,6.185,0.298,0.299,0.292,-0.007,1247,0.037,0.034,0.039,-2.191,-0.17,-2.192,0.038,0.031,-0.007,-0.039,hitter,0.038,0.03,0.042,-1.933,-0.703,-1.753,0.039,0.028,-0.006,-0.034
Cedric Mullins,17929,0.205,0.284,0.344,19.323,8.566,2.988,0.227,0.281,0.264,-0.017,502,31,656775,0.224,0.302,0.398,22.4,9.365,3.85,0.258,0.305,0.287,-0.018,1452,-0.019,-0.018,-0.054,-3.077,-0.799,-0.862,-0.031,-0.025,-0.023,0.001,hitter,-0.018,-0.021,-0.051,-2.819,-1.332,-0.422,-0.029,-0.028,-0.022,0.006
Cesar Prieto,30163,0.079,0.103,0.132,12.821,2.564,2.564,0.091,0.104,0.262,0.157,39,27,693409,0.167,0.167,0.167,83.333,0,0,1,0.147,0,-0.147,6,-0.088,-0.064,-0.035,-70.513,2.564,2.564,-0.909,-0.043,0.262,0.304,hitter,-0.087,-0.068,-0.032,-70.255,2.031,3.003,-0.907,-0.046,0.263,0.309
Cesar Salazar,21587,0.056,0.227,0.056,13.636,13.636,0,0.067,0.169,0.328,0.159,22,30,663967,0.259,0.359,0.297,17.436,8.718,0,0.315,0.303,0.305,0.002,67,-0.204,-0.132,-0.242,-3.8,4.918,0,-0.249,-0.134,0.023,0.157,hitter,-0.203,-0.136,-0.239,-3.541,4.385,0.439,-0.247,-0.138,0.024,0.162
Chad Stevens,29614,0.036,0.176,0.036,38.235,14.706,2.941,0.062,0.129,0.21,0.081,34,27,677060,0.154,0.154,0.154,50,0,0,0.333,0.136,0.169,0.033,14,-0.118,0.023,-0.118,-11.765,14.706,2.941,-0.271,-0.007,0.04,0.047,hitter,-0.117,0.019,-0.115,-11.507,14.173,3.38,-0.269,-0.011,0.042,0.052
Chadwick Tromp,16953,0.163,0.16,0.184,25.49,0,0,0.216,0.15,0.17,0.02,51,31,644433,0.202,0.222,0.343,30.556,2.778,2.778,0.273,0.242,0.232,-0.01,92,-0.039,-0.062,-0.159,-5.065,-2.778,-2.778,-0.057,-0.092,-0.062,0.03,hitter,-0.038,-0.066,-0.156,-4.807,-3.311,-2.339,-0.055,-0.096,-0.061,0.035
Chandler Simpson,31912,0.306,0.333,0.356,7.843,4.248,0,0.331,0.305,0.263,-0.041,612,25,802415,0.295,0.326,0.345,9.751,4.535,0,0.327,0.296,0.297,0.001,441,0.012,0.008,0.01,-1.907,-0.287,0,0.004,0.008,-0.033,-0.042,hitter,0.013,0.004,0.013,-1.649,-0.82,0.439,0.005,0.005,-0.032,-0.037
Charles McAdoo,33323,0.258,0.302,0.392,23.585,6.604,3.774,0.31,0.303,0.289,-0.014,106,24,807727,NA,NA,NA,NA,NA,NA,NA,NA,NA,NA,NA,NA,NA,NA,NA,NA,NA,NA,NA,NA,NA,hitter,NA,NA,NA,NA,NA,NA,NA,NA,NA,NA
Chase DeLauter,32127,0.287,0.363,0.457,14.669,10.733,4.651,0.315,0.359,0.346,-0.012,559,24,800050,NA,NA,NA,NA,NA,NA,NA,NA,NA,NA,NA,NA,NA,NA,NA,NA,NA,NA,NA,NA,NA,hitter,NA,NA,NA,NA,NA,NA,NA,NA,NA,NA
Chase Meidroth,31580,0.276,0.35,0.415,21.928,9.487,3.11,0.339,0.339,0.301,-0.038,643,24,805367,0.253,0.329,0.32,14.257,8.911,1.188,0.291,0.294,0.3,0.006,505,0.022,0.021,0.095,7.671,0.576,1.922,0.048,0.045,0.001,-0.044,hitter,0.023,0.018,0.098,7.929,0.043,2.361,0.049,0.042,0.002,-0.039
Christian Encarnacion-Strand,30011,0.277,0.325,0.513,25.822,5.164,9.39,0.328,0.358,0.332,-0.026,213,26,687952,0.214,0.247,0.371,25.792,3.166,6.332,0.249,0.266,0.295,0.029,501,0.063,0.078,0.142,0.03,1.998,3.058,0.08,0.092,0.037,-0.055,hitter,0.064,0.075,0.144,0.288,1.465,3.497,0.081,0.088,0.038,-0.05
Christian Franklin,29896,0.18,0.305,0.22,25.424,11.864,5.085,0.257,0.256,0.291,0.035,59,26,681047,NA,NA,NA,NA,NA,NA,NA,NA,NA,NA,NA,NA,NA,NA,NA,NA,NA,NA,NA,NA,NA,hitter,NA,NA,NA,NA,NA,NA,NA,NA,NA,NA
Christian Koss,27653,0.217,0.257,0.305,26.697,4.072,2.715,0.286,0.251,0.235,-0.017,221,28,683766,0.264,0.309,0.368,23.56,4.712,4.188,0.336,0.297,0.311,0.014,191,-0.048,-0.052,-0.062,3.137,-0.64,-1.474,-0.05,-0.045,-0.076,-0.031,hitter,-0.047,-0.055,-0.059,3.395,-1.173,-1.034,-0.049,-0.049,-0.075,-0.026
Christian Moore,34979,0.187,0.252,0.276,32.653,7.483,5.442,0.271,0.239,0.254,0.015,147,23,695681,0.198,0.284,0.37,33.696,10.326,3.804,0.266,0.288,0.282,-0.006,184,-0.011,-0.032,-0.094,-1.043,-2.843,1.638,0.005,-0.049,-0.028,0.021,hitter,-0.01,-0.036,-0.091,-0.784,-3.376,2.077,0.006,-0.053,-0.027,0.025
Christian Vazquez,9774,0.207,0.261,0.322,19.925,6.767,1.504,0.235,0.258,0.233,-0.025,266,35,543877,0.208,0.263,0.302,19.072,6.245,2.743,0.241,0.251,0.268,0.016,884,-0.001,-0.003,0.02,0.853,0.522,-1.239,-0.006,0.007,-0.034,-0.041,hitter,0,-0.007,0.023,1.111,-0.011,-0.8,-0.004,0.003,-0.033,-0.036
Christian Walker,13419,0.226,0.299,0.427,23.15,8.031,6.457,0.251,0.316,0.304,-0.011,635,35,572233,0.244,0.313,0.443,25.575,7.74,8.302,0.287,0.325,0.328,0.003,1853,-0.018,-0.014,-0.016,-2.426,0.292,-1.845,-0.036,-0.009,-0.024,-0.014,hitter,-0.017,-0.017,-0.013,-2.168,-0.241,-1.406,-0.034,-0.013,-0.023,-0.01
Christian Yelich,11477,0.235,0.315,0.378,27,9.8,6,0.308,0.305,0.308,0.004,500,34,592885,0.275,0.359,0.461,23.952,10.798,6.233,0.334,0.354,0.343,-0.011,1591,-0.04,-0.044,-0.083,3.048,-0.998,-0.233,-0.027,-0.049,-0.035,0.015,hitter,-0.039,-0.048,-0.081,3.306,-1.531,0.206,-0.025,-0.053,-0.034,0.02
Christopher Morel,21897,0.173,0.229,0.245,33.333,5.714,1.905,0.258,0.216,0.211,-0.005,105,27,666624,0.212,0.291,0.385,30.499,9.084,7.447,0.272,0.295,0.314,0.019,1345,-0.038,-0.063,-0.14,2.834,-3.369,-5.542,-0.014,-0.079,-0.103,-0.024,hitter,-0.037,-0.066,-0.137,3.092,-3.902,-5.103,-0.013,-0.083,-0.102,-0.019
Chuckie Robinson,19824,0.087,0.087,0.087,19.231,0,0,0.111,0.077,0.149,0.072,26,31,642020,0.126,0.193,0.126,25.21,6.303,1.261,0.174,0.153,0.209,0.056,78,-0.039,-0.106,-0.039,-5.979,-6.303,-1.261,-0.063,-0.075,-0.06,0.015,hitter,-0.038,-0.11,-0.036,-5.721,-6.836,-0.821,-0.061,-0.079,-0.059,0.02
Coby Mayo,28312,0.228,0.297,0.461,30.396,7.93,8.15,0.279,0.328,0.336,0.008,454,24,691723,0.207,0.29,0.363,30.224,9.142,5.597,0.27,0.29,0.282,-0.008,340,0.022,0.007,0.098,0.173,-1.212,2.553,0.009,0.039,0.055,0.016,hitter,0.023,0.003,0.101,0.431,-1.745,2.992,0.011,0.035,0.056,0.021
Cody Bellinger,15998,0.264,0.338,0.429,15.836,10.498,4.804,0.287,0.336,0.335,-0.001,562,30,641355,0.274,0.333,0.468,14.505,8.299,5.358,0.283,0.342,0.319,-0.023,1781,-0.009,0.005,-0.038,1.332,2.199,-0.554,0.005,-0.006,0.017,0.022,hitter,-0.008,0.001,-0.035,1.59,1.666,-0.115,0.006,-0.009,0.018,0.027
Cody Freeman,25629,0.247,0.319,0.318,15.464,8.247,1.031,0.29,0.29,0.233,-0.056,97,25,683227,0.228,0.258,0.342,15.702,4.132,3.306,0.247,0.261,0.269,0.008,121,0.019,0.061,-0.024,-0.239,4.115,-2.275,0.043,0.029,-0.035,-0.064,hitter,0.02,0.057,-0.021,0.02,3.582,-1.836,0.044,0.025,-0.034,-0.059
Colby Thomas,31855,0.202,0.235,0.333,30.579,3.306,5.785,0.26,0.25,0.248,-0.002,121,25,687515,0.225,0.267,0.417,37.121,5.303,7.576,0.309,0.291,0.281,-0.01,132,-0.023,-0.032,-0.083,-6.543,-1.997,-1.791,-0.049,-0.041,-0.033,0.009,hitter,-0.022,-0.036,-0.08,-6.285,-2.53,-1.351,-0.047,-0.045,-0.032,0.013
Cole Carrigg,33253,0.279,0.341,0.477,23.925,7.527,4.301,0.343,0.352,0.316,-0.036,372,24,694249,NA,NA,NA,NA,NA,NA,NA,NA,NA,NA,NA,NA,NA,NA,NA,NA,NA,NA,NA,NA,NA,hitter,NA,NA,NA,NA,NA,NA,NA,NA,NA,NA
Cole Young,31680,0.246,0.312,0.381,17.085,6.897,3.762,0.275,0.308,0.316,0.008,638,22,702284,0.211,0.302,0.305,18.288,10.895,3.891,0.247,0.274,0.297,0.023,257,0.035,0.01,0.076,-1.203,-3.998,-0.129,0.028,0.034,0.02,-0.015,hitter,0.036,0.007,0.079,-0.945,-4.531,0.31,0.03,0.031,0.021,-0.01
Collin Price,31415,0.167,0.231,0.25,46.154,7.692,0,0.333,0.219,0.302,0.083,13,26,805672,NA,NA,NA,NA,NA,NA,NA,NA,NA,NA,NA,NA,NA,NA,NA,NA,NA,NA,NA,NA,NA,hitter,NA,NA,NA,NA,NA,NA,NA,NA,NA,NA
Colson Montgomery,29712,0.197,0.282,0.403,35.58,8.464,6.426,0.26,0.3,0.294,-0.006,638,24,695657,0.239,0.311,0.529,29.225,8.803,8.803,0.263,0.355,0.341,-0.014,284,-0.042,-0.029,-0.126,6.355,-0.339,-2.376,-0.004,-0.055,-0.047,0.009,hitter,-0.041,-0.033,-0.123,6.613,-0.872,-1.937,-0.002,-0.059,-0.046,0.013
Colt Emerson,33575,0.19,0.246,0.335,34.44,6.224,2.905,0.258,0.256,0.248,-0.008,241,20,806068,NA,NA,NA,NA,NA,NA,NA,NA,NA,NA,NA,NA,NA,NA,NA,NA,NA,NA,NA,NA,NA,hitter,NA,NA,NA,NA,NA,NA,NA,NA,NA,NA
Colt Keith,27899,0.258,0.322,0.406,19.858,7.565,5.437,0.305,0.32,0.333,0.013,423,24,690993,0.258,0.323,0.399,20.958,8.683,5.339,0.307,0.315,0.329,0.013,1024,0,-0.002,0.007,-1.1,-1.118,0.098,-0.002,0.005,0.004,-0.001,hitter,0.001,-0.006,0.01,-0.842,-1.651,0.537,-0,0.002,0.005,0.004
Colton Cowser,29591,0.226,0.317,0.37,30.867,11.735,5.357,0.305,0.307,0.315,0.008,392,26,681297,0.216,0.294,0.41,33.09,8.539,7.753,0.287,0.306,0.309,0.003,998,0.01,0.023,-0.04,-2.223,3.195,-2.396,0.018,0.001,0.006,0.005,hitter,0.011,0.019,-0.037,-1.964,2.662,-1.957,0.019,-0.002,0.007,0.009
Connor Joe,16572,0.179,0.289,0.308,33.333,13.333,4.444,0.261,0.274,0.337,0.063,45,33,656582,0.224,0.313,0.356,22.783,10.236,3.726,0.28,0.297,0.288,-0.009,968,-0.045,-0.024,-0.049,10.55,3.097,0.718,-0.019,-0.023,0.049,0.072,hitter,-0.044,-0.028,-0.046,10.808,2.565,1.157,-0.017,-0.027,0.05,0.077
Connor Norby,29592,0.243,0.342,0.377,28.198,10.444,4.439,0.336,0.323,0.31,-0.014,383,26,681393,0.247,0.298,0.402,28.319,5.955,6.881,0.321,0.304,0.309,0.005,531,-0.004,0.044,-0.025,-0.121,4.489,-2.443,0.015,0.019,0,-0.019,hitter,-0.003,0.04,-0.022,0.137,3.956,-2.004,0.017,0.016,0.001,-0.014
Connor Wong,19896,0.233,0.308,0.348,23.95,7.143,2.941,0.3,0.295,0.281,-0.013,238,30,657136,0.244,0.303,0.358,24.465,6.633,3.745,0.313,0.291,0.279,-0.012,1078,-0.01,0.005,-0.01,-0.515,0.509,-0.803,-0.013,0.004,0.003,-0.001,hitter,-0.009,0.001,-0.007,-0.257,-0.024,-0.364,-0.011,-0,0.004,0.004
Cooper Ingle,33708,0.095,0.208,0.095,50,12.5,0,0.222,0.162,0.175,0.014,24,24,694876,NA,NA,NA,NA,NA,NA,NA,NA,NA,NA,NA,NA,NA,NA,NA,NA,NA,NA,NA,NA,NA,hitter,NA,NA,NA,NA,NA,NA,NA,NA,NA,NA
Cooper Pratt,33530,0.281,0.35,0.368,18.045,9.774,2.256,0.332,0.32,0.315,-0.004,266,21,806198,NA,NA,NA,NA,NA,NA,NA,NA,NA,NA,NA,NA,NA,NA,NA,NA,NA,NA,NA,NA,NA,hitter,NA,NA,NA,NA,NA,NA,NA,NA,NA,NA
Corbin Carroll,25878,0.239,0.328,0.467,22.504,10.879,7.899,0.281,0.341,0.341,-0,671,25,682998,0.252,0.337,0.498,21.669,10.344,7.381,0.286,0.355,0.352,-0.003,1971,-0.013,-0.01,-0.031,0.835,0.536,0.518,-0.006,-0.014,-0.012,0.003,hitter,-0.012,-0.013,-0.028,1.093,0.003,0.957,-0.004,-0.018,-0.01,0.007
Corey Julks,20311,0.286,0.286,0.429,14.286,0,0,0.333,0.307,0.188,-0.12,7,30,667452,0.227,0.28,0.33,25.131,7.016,2.408,0.291,0.268,0.268,-0,525,0.059,0.006,0.099,-10.845,-7.016,-2.408,0.042,0.039,-0.08,-0.119,hitter,0.06,0.002,0.102,-10.587,-7.549,-1.969,0.044,0.035,-0.079,-0.114
Corey Seager,13624,0.227,0.312,0.424,23.624,10.321,9.633,0.254,0.32,0.35,0.03,436,32,608369,0.281,0.368,0.513,18.601,11.422,10.528,0.301,0.372,0.398,0.026,1514,-0.054,-0.056,-0.089,5.023,-1.101,-0.894,-0.047,-0.052,-0.048,0.004,hitter,-0.053,-0.059,-0.086,5.281,-1.634,-0.455,-0.046,-0.056,-0.047,0.009
Cristian Pache,19948,0.125,0.125,0.125,50,0,0,0.25,0.111,0.137,0.026,8,27,665506,0.206,0.28,0.299,34.006,9.472,2.95,0.318,0.26,0.26,-0,278,-0.081,-0.155,-0.174,15.994,-9.472,-2.95,-0.068,-0.149,-0.122,0.026,hitter,-0.08,-0.159,-0.171,16.252,-10.005,-2.511,-0.067,-0.152,-0.121,0.031
Curtis Mead,23986,0.253,0.353,0.498,19.149,11.854,7.295,0.268,0.37,0.358,-0.012,329,25,678554,0.235,0.297,0.315,23.562,5.531,2.987,0.304,0.274,0.288,0.013,488,0.017,0.056,0.184,-4.413,6.323,4.308,-0.036,0.096,0.071,-0.025,hitter,0.018,0.052,0.186,-4.155,5.79,4.747,-0.035,0.092,0.072,-0.02
DaShawn Keirsey Jr.,24496,0.2,0.2,0.2,40,0,0,0.333,0.178,0.222,0.044,5,29,680577,0.111,0.145,0.196,34.855,2.075,4.357,0.137,0.152,0.186,0.034,102,0.089,0.055,0.004,5.145,-2.075,-4.357,0.197,0.026,0.036,0.01,hitter,0.09,0.052,0.007,5.403,-2.608,-3.918,0.198,0.022,0.037,0.015
Dalton Rushing,31382,0.246,0.328,0.46,29.249,9.091,7.115,0.309,0.344,0.336,-0.008,253,25,687221,0.204,0.258,0.324,37.419,6.452,7.742,0.305,0.256,0.283,0.027,155,0.041,0.07,0.136,-8.17,2.639,-0.627,0.004,0.088,0.053,-0.035,hitter,0.042,0.066,0.139,-7.912,2.106,-0.188,0.006,0.084,0.054,-0.03
Dane Myers,22054,0.257,0.344,0.377,24.551,11.078,2.994,0.328,0.324,0.309,-0.014,334,30,667472,0.24,0.298,0.344,24.866,6.848,5.44,0.307,0.284,0.31,0.026,511,0.017,0.047,0.032,-0.316,4.23,-2.446,0.022,0.039,-0.001,-0.04,hitter,0.018,0.043,0.035,-0.057,3.697,-2.006,0.023,0.036,0,-0.036
Daniel Johnson,19643,0.143,0.294,0.143,17.647,11.765,0,0.182,0.23,0.341,0.111,17,30,669288,0.187,0.243,0.299,22.569,6.944,8.681,0.227,0.241,0.305,0.064,58,-0.044,0.051,-0.156,-4.922,4.82,-8.681,-0.045,-0.011,0.037,0.047,hitter,-0.043,0.047,-0.153,-4.664,4.287,-8.241,-0.044,-0.014,0.038,0.052
Daniel Schneemann,25180,0.21,0.276,0.332,29.371,8.392,5.245,0.281,0.272,0.292,0.02,286,29,682177,0.209,0.288,0.357,28.669,9.556,6.058,0.273,0.284,0.292,0.008,643,0.001,-0.011,-0.025,0.701,-1.165,-0.814,0.008,-0.012,0,0.012,hitter,0.002,-0.015,-0.022,0.959,-1.698,-0.375,0.01,-0.015,0.001,0.017
Daniel Susac,31441,0.243,0.289,0.375,22.36,4.969,3.727,0.294,0.29,0.296,0.007,161,25,691740,NA,NA,NA,NA,NA,NA,NA,NA,NA,NA,NA,NA,NA,NA,NA,NA,NA,NA,NA,NA,NA,hitter,NA,NA,NA,NA,NA,NA,NA,NA,NA,NA
Danny Jansen,16535,0.203,0.296,0.381,24.229,7.93,3.965,0.239,0.3,0.267,-0.033,227,31,643376,0.213,0.316,0.391,22.819,11.934,5.206,0.242,0.312,0.298,-0.014,962,-0.01,-0.02,-0.01,1.41,-4.004,-1.241,-0.003,-0.012,-0.031,-0.019,hitter,-0.009,-0.024,-0.007,1.668,-4.537,-0.802,-0.001,-0.016,-0.03,-0.014
Dansby Swanson,18314,0.213,0.297,0.397,23.663,10.494,4.733,0.242,0.306,0.301,-0.004,486,32,621020,0.243,0.307,0.408,25.275,8.206,7.143,0.298,0.31,0.338,0.027,1876,-0.031,-0.01,-0.011,-1.612,2.288,-2.41,-0.057,-0.005,-0.036,-0.031,hitter,-0.03,-0.014,-0.008,-1.354,1.755,-1.971,-0.055,-0.008,-0.035,-0.027
Darell Hernaiz,26224,0.234,0.316,0.277,19.745,10.191,0.637,0.292,0.275,0.262,-0.013,157,24,687231,0.22,0.283,0.287,14.46,8.489,2.014,0.246,0.256,0.295,0.039,332,0.014,0.033,-0.01,5.285,1.702,-1.377,0.047,0.019,-0.033,-0.052,hitter,0.015,0.029,-0.007,5.543,1.169,-0.938,0.048,0.016,-0.031,-0.047
Daulton Varsho,19918,0.221,0.281,0.355,20.342,7.414,4.943,0.26,0.281,0.283,0.002,526,29,662139,0.224,0.288,0.46,26.791,7.885,6.59,0.257,0.318,0.293,-0.025,1365,-0.003,-0.007,-0.105,-6.449,-0.47,-1.647,0.003,-0.038,-0.011,0.027,hitter,-0.002,-0.011,-0.102,-6.191,-1.003,-1.208,0.005,-0.041,-0.01,0.032
David Fry,24934,0.201,0.313,0.364,27.57,13.084,3.738,0.248,0.304,0.271,-0.033,214,30,681807,0.225,0.306,0.412,27.58,8.631,5.111,0.275,0.312,0.281,-0.031,662,-0.024,0.007,-0.048,-0.009,4.453,-1.373,-0.027,-0.008,-0.01,-0.002,hitter,-0.023,0.003,-0.045,0.249,3.92,-0.933,-0.025,-0.012,-0.008,0.003
David Hamilton,27531,0.245,0.314,0.336,22.222,8.269,2.326,0.317,0.293,0.276,-0.017,387,28,666152,0.221,0.279,0.361,24.745,6.99,3.878,0.273,0.281,0.27,-0.011,550,0.024,0.034,-0.024,-2.523,1.279,-1.552,0.044,0.012,0.007,-0.005,hitter,0.025,0.031,-0.021,-2.265,0.746,-1.113,0.046,0.008,0.008,-0.001
Davis Schneider,23565,0.145,0.31,0.315,32.692,18.59,5.128,0.188,0.29,0.287,-0.003,156,27,676914,0.214,0.323,0.395,29.378,12.964,7.43,0.272,0.317,0.309,-0.008,822,-0.068,-0.013,-0.081,3.314,5.625,-2.302,-0.084,-0.027,-0.022,0.005,hitter,-0.067,-0.017,-0.078,3.572,5.092,-1.863,-0.082,-0.03,-0.021,0.01
Davis Wendzel,26469,0,0,0,0,0,0,0,0,0.23,0.23,4,29,673995,0.128,0.163,0.234,24.49,2.041,6.122,0.147,0.176,0.263,0.087,49,-0.128,-0.163,-0.234,-24.49,-2.041,-6.122,-0.147,-0.176,-0.034,0.142,hitter,-0.127,-0.167,-0.231,-24.232,-2.574,-5.683,-0.145,-0.179,-0.032,0.147
Daylen Lile,29995,0.246,0.296,0.429,19.389,6.107,7.023,0.274,0.312,0.324,0.012,655,23,695734,0.299,0.347,0.498,15.954,5.983,3.989,0.336,0.36,0.348,-0.013,351,-0.053,-0.051,-0.07,3.435,0.124,3.034,-0.062,-0.048,-0.024,0.024,hitter,-0.052,-0.054,-0.067,3.693,-0.409,3.473,-0.06,-0.052,-0.023,0.029
Daz Cameron,18353,0.208,0.2,0.375,28,0,8,0.235,0.239,0.291,0.052,25,29,663662,0.199,0.246,0.319,28.385,5.729,5.208,0.253,0.248,0.277,0.029,228,0.01,-0.046,0.056,-0.385,-5.729,2.792,-0.017,-0.009,0.014,0.023,hitter,0.011,-0.05,0.059,-0.127,-6.262,3.231,-0.016,-0.013,0.015,0.028
Denzel Clarke,29858,0.158,0.238,0.171,33.333,9.195,1.149,0.255,0.198,0.209,0.011,87,26,672016,0.23,0.274,0.372,38.365,3.774,3.774,0.369,0.281,0.254,-0.028,159,-0.072,-0.036,-0.201,-5.031,5.422,-2.624,-0.114,-0.083,-0.045,0.038,hitter,-0.071,-0.04,-0.198,-4.773,4.889,-2.185,-0.112,-0.087,-0.044,0.043
Denzer Guzman,28816,0.219,0.266,0.336,25.658,5.592,3.289,0.274,0.267,0.265,-0.002,304,22,694203,0.19,0.209,0.357,51.163,2.326,6.977,0.333,0.243,0.212,-0.03,43,0.029,0.056,-0.021,-25.505,3.267,-3.687,-0.059,0.025,0.053,0.028,hitter,0.03,0.053,-0.018,-25.247,2.734,-3.248,-0.058,0.021,0.054,0.033
Derek Hill,16947,0.241,0.291,0.442,31.944,6.019,6.481,0.311,0.318,0.289,-0.029,216,30,656537,0.224,0.274,0.36,31.96,4.805,6.56,0.312,0.278,0.3,0.022,371,0.017,0.017,0.082,-0.016,1.213,-0.078,-0.001,0.04,-0.011,-0.051,hitter,0.018,0.013,0.085,0.242,0.68,0.361,0.001,0.037,-0.009,-0.046
Deyvison De Los Santos,27969,0.143,0.163,0.19,25.581,0,2.326,0.194,0.158,0.21,0.051,43,23,691277,NA,NA,NA,NA,NA,NA,NA,NA,NA,NA,NA,NA,NA,NA,NA,NA,NA,NA,NA,NA,NA,hitter,NA,NA,NA,NA,NA,NA,NA,NA,NA,NA
Dillon Dingler,27464,0.243,0.302,0.446,22.9,5.601,6.919,0.274,0.325,0.344,0.018,607,27,693307,0.267,0.314,0.413,24.559,4.758,5.986,0.336,0.315,0.344,0.029,556,-0.023,-0.011,0.033,-1.659,0.843,0.933,-0.061,0.01,-0,-0.01,hitter,-0.022,-0.015,0.036,-1.401,0.31,1.372,-0.06,0.006,0.001,-0.006
Dominic Canzone,26438,0.264,0.336,0.484,20.638,9.006,8.443,0.297,0.354,0.359,0.005,533,28,686527,0.265,0.326,0.447,23.298,7.766,9.156,0.312,0.333,0.353,0.02,638,-0.001,0.01,0.037,-2.66,1.24,-0.714,-0.015,0.02,0.006,-0.015,hitter,-0,0.006,0.04,-2.402,0.707,-0.274,-0.013,0.017,0.007,-0.01
Dominic Smith,15653,0.253,0.311,0.383,16,7.667,4.333,0.272,0.304,0.301,-0.004,300,31,642086,0.26,0.324,0.392,20.099,7.827,4.825,0.31,0.314,0.308,-0.007,1118,-0.007,-0.013,-0.009,-4.099,-0.16,-0.492,-0.038,-0.01,-0.007,0.003,hitter,-0.006,-0.017,-0.006,-3.841,-0.693,-0.053,-0.036,-0.013,-0.006,0.008
Donovan Walton,19314,0.261,0.358,0.448,17.164,10.448,3.358,0.291,0.356,0.322,-0.034,268,32,622268,0.132,0.2,0.217,21.667,5,2.5,0.143,0.189,0.265,0.076,34,0.129,0.158,0.231,-4.502,5.448,0.858,0.149,0.167,0.057,-0.11,hitter,0.13,0.155,0.234,-4.244,4.915,1.297,0.15,0.163,0.058,-0.105
Drake Baldwin,31539,0.284,0.358,0.459,21.463,8.943,8.78,0.332,0.358,0.37,0.012,615,25,686948,0.274,0.341,0.469,15.247,8.52,8.296,0.289,0.351,0.353,0.003,446,0.01,0.017,-0.01,6.217,0.423,0.485,0.043,0.007,0.017,0.01,hitter,0.011,0.013,-0.007,6.475,-0.11,0.924,0.045,0.003,0.018,0.015
Drew Cavanaugh,33380,0.229,0.315,0.292,30.12,10.843,2.41,0.344,0.28,0.296,0.016,166,24,701852,NA,NA,NA,NA,NA,NA,NA,NA,NA,NA,NA,NA,NA,NA,NA,NA,NA,NA,NA,NA,NA,hitter,NA,NA,NA,NA,NA,NA,NA,NA,NA,NA
Drew Gilbert,31545,0.238,0.33,0.394,18.066,9.924,4.071,0.268,0.32,0.334,0.014,393,25,687551,0.19,0.248,0.35,18.349,6.422,3.67,0.205,0.26,0.27,0.01,109,0.048,0.082,0.044,-0.282,3.502,0.402,0.063,0.06,0.064,0.004,hitter,0.049,0.078,0.047,-0.024,2.969,0.841,0.065,0.057,0.065,0.008
Drew Millas,25643,0.185,0.277,0.262,24.342,9.211,1.974,0.239,0.251,0.266,0.015,152,28,686452,0.282,0.34,0.399,17.814,7.895,2.024,0.344,0.324,0.294,-0.03,150,-0.097,-0.063,-0.137,6.528,1.316,-0.051,-0.105,-0.074,-0.028,0.045,hitter,-0.096,-0.066,-0.134,6.786,0.783,0.389,-0.103,-0.077,-0.027,0.05
Drew Romo,27763,0.144,0.24,0.294,22.816,9.709,3.883,0.15,0.243,0.262,0.018,206,24,691011,0.161,0.19,0.214,39.655,3.448,1.724,0.273,0.18,0.158,-0.022,56,-0.016,0.051,0.08,-16.84,6.26,2.159,-0.123,0.063,0.104,0.04,hitter,-0.015,0.047,0.083,-16.582,5.727,2.599,-0.121,0.06,0.105,0.045
Dustin Harris,25705,0.293,0.353,0.383,13.158,7.237,1.316,0.336,0.326,0.314,-0.012,152,26,687957,0.211,0.271,0.404,30.085,7.627,3.39,0.273,0.292,0.242,-0.05,50,0.082,0.082,-0.02,-16.927,-0.39,-2.074,0.063,0.034,0.072,0.038,hitter,0.083,0.078,-0.017,-16.669,-0.923,-1.635,0.064,0.03,0.073,0.043
Dylan Beavers,31695,0.228,0.307,0.373,27.273,9.642,5.234,0.3,0.302,0.295,-0.007,363,24,687637,0.227,0.375,0.4,26.277,18.978,5.109,0.3,0.347,0.344,-0.003,137,0.001,-0.068,-0.027,0.995,-9.336,0.125,-0,-0.045,-0.049,-0.003,hitter,0.002,-0.072,-0.024,1.253,-9.869,0.564,0.001,-0.049,-0.048,0.001
Dylan Carlson,20126,0,0,0,50,0,0,0,0,0.07,0.07,4,27,666185,0.207,0.286,0.315,24.124,8.736,3.415,0.258,0.269,0.276,0.007,761,-0.207,-0.286,-0.315,25.876,-8.736,-3.415,-0.258,-0.269,-0.207,0.063,hitter,-0.206,-0.289,-0.312,26.134,-9.269,-2.975,-0.256,-0.273,-0.206,0.067
Dylan Crews,33541,0.223,0.289,0.374,24.153,6.772,6.321,0.27,0.294,0.317,0.023,443,24,686611,0.21,0.281,0.352,22.832,7.627,6.132,0.248,0.28,0.31,0.03,454,0.013,0.008,0.022,1.322,-0.855,0.189,0.022,0.014,0.007,-0.007,hitter,0.014,0.004,0.025,1.58,-1.388,0.628,0.024,0.01,0.008,-0.002
Dylan Moore,18042,0,0.2,0,40,20,0,0,0.14,0.233,0.093,15,33,664238,0.201,0.296,0.374,30.892,10.174,5.216,0.263,0.295,0.283,-0.012,849,-0.201,-0.096,-0.374,9.108,9.826,-5.216,-0.263,-0.155,-0.05,0.105,hitter,-0.2,-0.099,-0.371,9.367,9.293,-4.777,-0.261,-0.159,-0.049,0.11
Eddys Leonard,24151,0.25,0.25,0.375,25,0,12.5,0.333,0.269,0.299,0.03,8,25,678760,NA,NA,NA,NA,NA,NA,NA,NA,NA,NA,NA,NA,NA,NA,NA,NA,NA,NA,NA,NA,NA,hitter,NA,NA,NA,NA,NA,NA,NA,NA,NA,NA
Edgar Quero,28022,0.203,0.284,0.257,19.816,8.295,1.843,0.24,0.251,0.282,0.031,217,23,700337,0.268,0.333,0.356,17.618,7.94,2.73,0.32,0.307,0.29,-0.017,403,-0.065,-0.049,-0.099,2.198,0.354,-0.886,-0.08,-0.056,-0.008,0.048,hitter,-0.064,-0.053,-0.097,2.456,-0.178,-0.447,-0.078,-0.06,-0.007,0.053
Edmundo Sosa,17022,0.247,0.283,0.429,21.6,2.8,5.2,0.281,0.307,0.328,0.021,250,30,624641,0.266,0.307,0.448,22.744,3.997,5.027,0.315,0.325,0.295,-0.029,835,-0.02,-0.024,-0.019,-1.144,-1.197,0.173,-0.035,-0.017,0.033,0.05,hitter,-0.019,-0.028,-0.016,-0.886,-1.73,0.612,-0.033,-0.021,0.034,0.055
Edouard Julien,27534,0.208,0.322,0.292,25.725,14.13,4.348,0.284,0.287,0.338,0.052,276,27,666397,0.219,0.315,0.346,31.433,11.612,6.423,0.312,0.297,0.316,0.019,917,-0.011,0.007,-0.054,-5.709,2.518,-2.075,-0.028,-0.01,0.023,0.033,hitter,-0.01,0.004,-0.051,-5.451,1.985,-1.636,-0.026,-0.014,0.024,0.037
Eduardo Valencia,24574,0.341,0.38,0.636,23.188,4.348,10.87,0.404,0.433,0.372,-0.061,138,26,680664,NA,NA,NA,NA,NA,NA,NA,NA,NA,NA,NA,NA,NA,NA,NA,NA,NA,NA,NA,NA,NA,hitter,NA,NA,NA,NA,NA,NA,NA,NA,NA,NA
Edwin Arroyo,29957,0.223,0.266,0.264,23.75,3.75,1.875,0.297,0.24,0.291,0.051,160,22,695490,NA,NA,NA,NA,NA,NA,NA,NA,NA,NA,NA,NA,NA,NA,NA,NA,NA,NA,NA,NA,NA,hitter,NA,NA,NA,NA,NA,NA,NA,NA,NA,NA
Eli White,19346,0.246,0.289,0.398,22.059,5.392,4.412,0.291,0.3,0.269,-0.031,204,32,642201,0.237,0.275,0.405,26.235,4.005,6.275,0.29,0.292,0.306,0.014,330,0.009,0.014,-0.007,-4.176,1.387,-1.863,0.001,0.008,-0.037,-0.045,hitter,0.01,0.01,-0.005,-3.918,0.854,-1.424,0.003,0.004,-0.036,-0.04
Elias Diaz,11680,0.234,0.266,0.404,24.473,3.797,6.751,0.276,0.287,0.269,-0.018,237,35,553869,0.237,0.293,0.366,23.213,6.647,4.309,0.289,0.289,0.277,-0.012,1160,-0.003,-0.027,0.038,1.259,-2.849,2.442,-0.014,-0.002,-0.008,-0.006,hitter,-0.002,-0.031,0.041,1.518,-3.382,2.882,-0.012,-0.006,-0.007,-0.002
Eliezer Alfonzo,22741,0.179,0.179,0.25,10.714,0,0,0.2,0.186,0.215,0.029,28,26,672613,NA,NA,NA,NA,NA,NA,NA,NA,NA,NA,NA,NA,NA,NA,NA,NA,NA,NA,NA,NA,NA,hitter,NA,NA,NA,NA,NA,NA,NA,NA,NA,NA
Elly De La Cruz,26668,0.283,0.365,0.515,27.516,11.321,9.748,0.359,0.38,0.376,-0.003,636,24,682829,0.26,0.334,0.449,28.336,9.601,6.722,0.344,0.336,0.322,-0.014,1822,0.023,0.03,0.067,-0.82,1.72,3.026,0.014,0.044,0.054,0.01,hitter,0.024,0.027,0.069,-0.562,1.187,3.465,0.016,0.04,0.055,0.015
Eloy Jimenez,17484,0.29,0.343,0.29,20,8.571,2.857,0.36,0.289,0.256,-0.033,35,29,650391,0.249,0.298,0.37,19.727,6.25,6.12,0.292,0.291,0.304,0.013,838,0.042,0.045,-0.079,0.273,2.321,-3.263,0.068,-0.003,-0.048,-0.045,hitter,0.043,0.041,-0.076,0.532,1.788,-2.823,0.07,-0.006,-0.047,-0.041
Emmanuel Rodriguez,28084,0.178,0.229,0.4,33.333,6.25,12.5,0.222,0.27,0.354,0.083,48,23,691181,NA,NA,NA,NA,NA,NA,NA,NA,NA,NA,NA,NA,NA,NA,NA,NA,NA,NA,NA,NA,NA,hitter,NA,NA,NA,NA,NA,NA,NA,NA,NA,NA
Endy Rodriguez,25332,0.267,0.373,0.467,25.786,14.465,6.289,0.333,0.37,0.338,-0.032,159,26,682848,0.193,0.262,0.283,24.335,8.589,2.454,0.255,0.245,0.268,0.023,261,0.074,0.112,0.184,1.451,5.876,3.835,0.078,0.125,0.07,-0.055,hitter,0.075,0.108,0.187,1.709,5.343,4.274,0.08,0.122,0.071,-0.05
Enrique Hernandez,10472,0.222,0.271,0.4,29.167,6.25,5.208,0.276,0.293,0.279,-0.014,96,34,571771,0.219,0.271,0.367,22.514,6.909,4.685,0.25,0.277,0.284,0.006,1157,0.003,-0,0.033,6.652,-0.659,0.523,0.026,0.016,-0.005,-0.02,hitter,0.004,-0.004,0.036,6.91,-1.192,0.963,0.027,0.012,-0.004,-0.016
Eric Haase,14111,0.162,0.235,0.365,33.333,7.143,9.524,0.19,0.264,0.271,0.008,84,33,606992,0.23,0.279,0.37,36.158,5.198,4.972,0.338,0.283,0.275,-0.009,439,-0.068,-0.044,-0.005,-2.825,1.945,4.552,-0.147,-0.02,-0.003,0.017,hitter,-0.067,-0.048,-0.002,-2.567,1.412,4.991,-0.145,-0.023,-0.002,0.021
Eric Wagaman,23395,0.191,0.269,0.319,23.077,7.692,3.846,0.212,0.266,0.296,0.03,52,28,676572,0.25,0.294,0.38,19.735,5.946,4.979,0.296,0.293,0.314,0.021,588,-0.059,-0.024,-0.061,3.342,1.747,-1.132,-0.084,-0.027,-0.018,0.009,hitter,-0.058,-0.028,-0.058,3.6,1.214,-0.693,-0.082,-0.03,-0.017,0.013
Ernie Clement,20352,0.259,0.285,0.364,9.34,3.543,1.771,0.272,0.284,0.258,-0.027,621,30,676391,0.274,0.305,0.403,9.936,3.887,2.438,0.288,0.306,0.29,-0.016,1092,-0.014,-0.02,-0.038,-0.596,-0.344,-0.667,-0.016,-0.022,-0.032,-0.01,hitter,-0.013,-0.024,-0.035,-0.338,-0.877,-0.227,-0.014,-0.025,-0.031,-0.006
Esmerlyn Valdez,29005,0.232,0.345,0.51,37.631,14.634,9.408,0.328,0.368,0.332,-0.035,287,22,699013,NA,NA,NA,NA,NA,NA,NA,NA,NA,NA,NA,NA,NA,NA,NA,NA,NA,NA,NA,NA,NA,hitter,NA,NA,NA,NA,NA,NA,NA,NA,NA,NA
Esteury Ruiz,21780,0.216,0.333,0.366,32.157,10.196,3.922,0.317,0.317,0.275,-0.043,255,27,665923,0.232,0.292,0.352,24.659,5.204,3.222,0.295,0.284,0.27,-0.013,585,-0.016,0.041,0.014,7.498,4.992,0.7,0.022,0.034,0.005,-0.029,hitter,-0.015,0.037,0.017,7.756,4.459,1.139,0.024,0.03,0.006,-0.024
Ethan Salas,32051,0.256,0.275,0.462,22.5,2.5,2.5,0.286,0.316,0.227,-0.089,40,20,806956,NA,NA,NA,NA,NA,NA,NA,NA,NA,NA,NA,NA,NA,NA,NA,NA,NA,NA,NA,NA,NA,hitter,NA,NA,NA,NA,NA,NA,NA,NA,NA,NA
Eugenio Suarez,12552,0.212,0.307,0.433,33.936,10.442,6.627,0.273,0.324,0.302,-0.021,498,34,553993,0.237,0.308,0.492,29.191,7.578,8.018,0.274,0.34,0.324,-0.016,1991,-0.025,-0.001,-0.059,4.744,2.864,-1.392,-0.001,-0.016,-0.021,-0.005,hitter,-0.025,-0.004,-0.056,5.002,2.331,-0.953,0.001,-0.02,-0.02,-0
Evan Carter,27790,0.194,0.288,0.315,25.055,10.33,3.077,0.248,0.274,0.28,0.006,455,23,694497,0.232,0.321,0.393,21.553,9.151,4.034,0.277,0.314,0.304,-0.009,457,-0.038,-0.033,-0.079,3.502,1.179,-0.957,-0.029,-0.04,-0.025,0.015,hitter,-0.037,-0.037,-0.076,3.76,0.646,-0.518,-0.027,-0.044,-0.023,0.02
Everson Pereira,23695,0.235,0.309,0.439,33.333,5.405,7.207,0.316,0.327,0.299,-0.028,111,25,677592,0.141,0.222,0.234,38.462,9.188,4.06,0.21,0.21,0.249,0.039,176,0.094,0.087,0.204,-5.128,-3.783,3.147,0.105,0.117,0.05,-0.067,hitter,0.095,0.083,0.207,-4.87,-4.316,3.587,0.107,0.114,0.051,-0.062
Ezequiel Duran,23733,0.26,0.32,0.419,23.618,7.705,4.02,0.318,0.324,0.3,-0.024,597,27,677649,0.242,0.285,0.33,24.445,4.395,2.763,0.316,0.271,0.262,-0.009,943,0.018,0.036,0.089,-0.827,3.31,1.257,0.002,0.053,0.038,-0.015,hitter,0.019,0.032,0.092,-0.569,2.777,1.697,0.004,0.049,0.039,-0.01
Ezequiel Tovar,24064,0.219,0.264,0.353,25.494,5.731,4.743,0.269,0.27,0.281,0.011,506,24,678662,0.26,0.293,0.432,27.011,4.28,6.129,0.332,0.311,0.302,-0.009,1700,-0.041,-0.03,-0.079,-1.517,1.452,-1.386,-0.063,-0.041,-0.022,0.019,hitter,-0.04,-0.033,-0.076,-1.259,0.919,-0.947,-0.062,-0.045,-0.02,0.024
Felix Reyes,28763,0.158,0.158,0.263,23.684,0,5.263,0.179,0.181,0.233,0.052,38,25,694025,NA,NA,NA,NA,NA,NA,NA,NA,NA,NA,NA,NA,NA,NA,NA,NA,NA,NA,NA,NA,NA,hitter,NA,NA,NA,NA,NA,NA,NA,NA,NA,NA
Fernando Tatis Jr.,19709,0.289,0.358,0.47,18.466,9.091,9.091,0.327,0.358,0.379,0.021,704,27,665487,0.269,0.356,0.458,19.874,10.992,8.05,0.306,0.352,0.374,0.021,1764,0.021,0.003,0.012,-1.408,-1.901,1.041,0.021,0.006,0.005,-0.001,hitter,0.021,-0.001,0.014,-1.15,-2.434,1.48,0.023,0.002,0.006,0.004
Francisco Alvarez,26121,0.233,0.311,0.399,30.714,9.286,9.048,0.309,0.313,0.322,0.009,420,24,682626,0.242,0.319,0.429,25.865,9.139,6.493,0.295,0.326,0.31,-0.016,1042,-0.009,-0.008,-0.03,4.85,0.147,2.555,0.013,-0.013,0.012,0.025,hitter,-0.008,-0.012,-0.027,5.108,-0.386,2.994,0.015,-0.016,0.013,0.03
Francisco Lindor,12916,0.225,0.309,0.423,20.256,9.808,6.183,0.242,0.322,0.331,0.009,469,32,596019,0.268,0.344,0.477,18.288,8.715,7.437,0.289,0.354,0.356,0.003,2108,-0.043,-0.035,-0.054,1.968,1.093,-1.253,-0.048,-0.032,-0.025,0.006,hitter,-0.042,-0.039,-0.051,2.226,0.56,-0.814,-0.046,-0.035,-0.024,0.011
Freddie Freeman,5361,0.288,0.362,0.43,17.656,10.046,5.784,0.333,0.348,0.363,0.015,657,36,518692,0.295,0.376,0.502,18.36,10.486,7.025,0.334,0.373,0.363,-0.011,1995,-0.007,-0.014,-0.072,-0.704,-0.441,-1.242,-0.001,-0.026,-0,0.026,hitter,-0.006,-0.017,-0.069,-0.445,-0.974,-0.802,0.001,-0.029,0.001,0.03
Freddy Fermin,21840,0.203,0.274,0.315,21.132,7.925,2.642,0.246,0.265,0.27,0.005,265,31,666023,0.261,0.307,0.358,18.64,5.758,3.221,0.309,0.292,0.278,-0.013,950,-0.058,-0.033,-0.043,2.492,2.167,-0.579,-0.063,-0.027,-0.008,0.019,hitter,-0.057,-0.036,-0.04,2.75,1.634,-0.14,-0.062,-0.031,-0.007,0.024
Gabriel Arias,22563,0.243,0.282,0.371,40.268,5.369,5.369,0.382,0.284,0.272,-0.012,149,26,672356,0.219,0.272,0.361,33.993,5.686,6.252,0.316,0.275,0.286,0.011,977,0.024,0.01,0.011,6.275,-0.317,-0.883,0.066,0.009,-0.014,-0.023,hitter,0.025,0.007,0.014,6.534,-0.85,-0.444,0.067,0.005,-0.013,-0.019
Gabriel Gonzalez,28833,0.25,0.455,0.25,18.182,18.182,0,0.333,0.355,0.285,-0.07,11,22,694224,NA,NA,NA,NA,NA,NA,NA,NA,NA,NA,NA,NA,NA,NA,NA,NA,NA,NA,NA,NA,NA,hitter,NA,NA,NA,NA,NA,NA,NA,NA,NA,NA
Gabriel Moreno,22664,0.311,0.388,0.486,14.572,11.111,5.647,0.339,0.38,0.363,-0.017,549,26,672515,0.278,0.351,0.412,16.655,9.973,4.835,0.317,0.333,0.334,0.002,1040,0.032,0.037,0.075,-2.084,1.138,0.811,0.021,0.047,0.029,-0.018,hitter,0.033,0.033,0.078,-1.825,0.605,1.25,0.023,0.044,0.03,-0.014
Gabriel Rincones Jr.,31958,0.167,0.202,0.286,32.584,2.247,5.618,0.222,0.215,0.205,-0.01,89,25,687282,NA,NA,NA,NA,NA,NA,NA,NA,NA,NA,NA,NA,NA,NA,NA,NA,NA,NA,NA,NA,NA,hitter,NA,NA,NA,NA,NA,NA,NA,NA,NA,NA
Gage Workman,27573,0.171,0.171,0.415,41.463,0,12.195,0.227,0.245,0.299,0.054,41,26,669398,0.188,0.235,0.25,41.176,5.882,5.882,0.333,0.218,0.312,0.094,17,-0.017,-0.065,0.165,0.287,-5.882,6.313,-0.106,0.027,-0.014,-0.04,hitter,-0.016,-0.068,0.168,0.545,-6.415,6.752,-0.104,0.023,-0.013,-0.035
Garrett Mitchell,27555,0.262,0.354,0.416,31.45,11.299,6.591,0.387,0.34,0.353,0.013,531,27,669003,0.238,0.321,0.408,32.07,10.308,4.581,0.344,0.319,0.302,-0.017,375,0.025,0.033,0.009,-0.62,0.991,2.01,0.044,0.022,0.051,0.029,hitter,0.026,0.029,0.012,-0.362,0.458,2.449,0.045,0.018,0.052,0.034
Garrett Stubbs,18067,0.153,0.215,0.153,23.077,4.615,0,0.2,0.178,0.209,0.031,65,33,596117,0.205,0.29,0.264,25.904,8.683,0,0.281,0.255,0.237,-0.017,313,-0.052,-0.074,-0.111,-2.828,-4.068,0,-0.081,-0.077,-0.028,0.049,hitter,-0.051,-0.078,-0.108,-2.569,-4.601,0.439,-0.08,-0.081,-0.027,0.053
Gary Sanchez,11442,0.209,0.349,0.422,21.455,16.727,5.091,0.226,0.342,0.336,-0.007,275,33,596142,0.223,0.301,0.417,26.675,7.568,7.196,0.258,0.312,0.317,0.005,648,-0.014,0.048,0.005,-5.22,9.159,-2.105,-0.032,0.03,0.019,-0.011,hitter,-0.013,0.044,0.008,-4.962,8.626,-1.666,-0.03,0.026,0.02,-0.006
Gavin Sheets,19901,0.212,0.313,0.397,20.286,11.695,4.773,0.228,0.315,0.316,0.001,419,30,657757,0.242,0.309,0.398,20.101,8.246,5.643,0.278,0.308,0.324,0.017,1390,-0.03,0.004,-0.001,0.186,3.449,-0.87,-0.05,0.007,-0.009,-0.016,hitter,-0.029,-0,0.002,0.444,2.916,-0.431,-0.048,0.004,-0.008,-0.011
George Lombard Jr.,33433,0.237,0.285,0.414,26.506,6.024,5.422,0.282,0.303,0.298,-0.006,166,21,806146,NA,NA,NA,NA,NA,NA,NA,NA,NA,NA,NA,NA,NA,NA,NA,NA,NA,NA,NA,NA,NA,hitter,NA,NA,NA,NA,NA,NA,NA,NA,NA,NA
George Springer,12856,0.249,0.321,0.405,18.375,9.091,4.642,0.282,0.32,0.306,-0.014,517,36,543807,0.272,0.358,0.475,18.79,10.724,8.616,0.3,0.36,0.367,0.008,1883,-0.023,-0.037,-0.07,-0.415,-1.633,-3.974,-0.017,-0.039,-0.061,-0.022,hitter,-0.022,-0.04,-0.067,-0.157,-2.166,-3.535,-0.016,-0.043,-0.06,-0.017
George Valera,22541,0.216,0.237,0.297,21.053,2.632,0,0.276,0.235,0.198,-0.037,38,25,671655,0.22,0.333,0.415,27.083,14.583,2.083,0.269,0.33,0.266,-0.063,48,-0.003,-0.096,-0.117,-6.031,-11.952,-2.083,0.007,-0.095,-0.068,0.027,hitter,-0.002,-0.1,-0.114,-5.773,-12.485,-1.644,0.008,-0.098,-0.067,0.031
Geraldo Perdomo,22799,0.262,0.37,0.377,12.647,14.118,2.206,0.291,0.336,0.333,-0.004,680,26,672695,0.282,0.376,0.432,12.835,12.208,3.708,0.305,0.353,0.332,-0.022,1603,-0.02,-0.006,-0.055,-0.188,1.91,-1.502,-0.015,-0.017,0.001,0.018,hitter,-0.019,-0.01,-0.052,0.07,1.377,-1.063,-0.013,-0.021,0.002,0.023
Giancarlo Stanton,4949,0.256,0.302,0.422,30.208,6.25,11.458,0.345,0.316,0.326,0.009,96,36,519317,0.245,0.318,0.52,32.312,9.384,11.886,0.294,0.354,0.35,-0.005,1155,0.011,-0.016,-0.097,-2.103,-3.134,-0.428,0.051,-0.038,-0.024,0.014,hitter,0.012,-0.02,-0.095,-1.845,-3.667,0.011,0.052,-0.041,-0.023,0.019
Gleyber Torres,16997,0.26,0.364,0.363,19.286,13.571,4.048,0.314,0.328,0.325,-0.003,420,29,650402,0.258,0.347,0.392,17.41,11.831,5.287,0.292,0.327,0.344,0.017,1965,0.001,0.017,-0.029,1.876,1.741,-1.239,0.021,0.001,-0.019,-0.02,hitter,0.002,0.013,-0.026,2.134,1.208,-0.8,0.023,-0.002,-0.018,-0.015
Graham Pauley,31363,0.211,0.257,0.373,24.026,5.195,4.545,0.255,0.274,0.243,-0.031,154,25,688363,0.213,0.294,0.361,22.146,10.335,3.74,0.253,0.289,0.291,0.002,216,-0.002,-0.037,0.013,1.88,-5.14,0.805,0.001,-0.015,-0.047,-0.033,hitter,-0.001,-0.041,0.015,2.138,-5.673,1.244,0.003,-0.018,-0.046,-0.028
Grant McCray,25690,0.143,0.25,0.273,30.769,12.088,6.593,0.191,0.236,0.291,0.055,91,25,687529,0.176,0.219,0.334,42.885,5.385,6.538,0.281,0.238,0.245,0.007,156,-0.033,0.031,-0.061,-12.115,6.703,0.055,-0.09,-0.002,0.047,0.048,hitter,-0.033,0.027,-0.058,-11.857,6.17,0.494,-0.088,-0.005,0.048,0.053
Greg Jones,25448,0.087,0.087,0.087,41.667,0,0,0.154,0.077,0.164,0.086,24,28,675659,0.12,0.214,0.48,78.571,10.714,10.714,NA,0.293,0.291,-0.003,8,-0.033,-0.127,-0.393,-36.905,-10.714,-10.714,NA,-0.216,-0.127,0.089,hitter,-0.032,-0.131,-0.39,-36.647,-11.247,-10.275,NA,-0.22,-0.126,0.094
Griffin Conine,21626,0.264,0.353,0.493,29.412,10.526,9.598,0.329,0.369,0.369,-0,323,28,665052,0.259,0.319,0.431,29.986,7.604,7.461,0.356,0.325,0.295,-0.03,175,0.005,0.034,0.062,-0.574,2.922,2.137,-0.027,0.044,0.074,0.03,hitter,0.006,0.031,0.065,-0.316,2.389,2.576,-0.025,0.04,0.075,0.035
Gunnar Henderson,26289,0.225,0.309,0.403,22.222,9.544,5.128,0.261,0.314,0.322,0.008,702,25,683002,0.274,0.352,0.476,21.893,9.944,6.546,0.324,0.355,0.353,-0.002,1992,-0.05,-0.043,-0.073,0.33,-0.399,-1.418,-0.063,-0.041,-0.031,0.01,hitter,-0.049,-0.046,-0.07,0.588,-0.932,-0.979,-0.061,-0.045,-0.03,0.014
Gustavo Campero,22707,0.364,0.333,0.455,33.333,0,0,0.5,0.328,0.18,-0.147,12,28,672569,0.194,0.272,0.346,19.831,5.274,3.797,0.206,0.275,0.303,0.027,114,0.17,0.061,0.109,13.502,-5.274,-3.797,0.294,0.052,-0.122,-0.175,hitter,0.171,0.057,0.112,13.76,-5.807,-3.358,0.296,0.049,-0.121,-0.17
Ha-Seong Kim,27506,0.116,0.219,0.14,25.85,10.884,1.361,0.165,0.18,0.222,0.041,147,30,673490,0.239,0.326,0.367,18.388,11,3.377,0.273,0.306,0.308,0.001,1287,-0.123,-0.107,-0.228,7.462,-0.115,-2.016,-0.109,-0.126,-0.086,0.04,hitter,-0.122,-0.111,-0.225,7.72,-0.648,-1.577,-0.107,-0.13,-0.085,0.045
Hao-Yu Lee,30080,0.264,0.322,0.424,23.901,8.242,5.769,0.326,0.325,0.302,-0.023,364,23,701678,NA,NA,NA,NA,NA,NA,NA,NA,NA,NA,NA,NA,NA,NA,NA,NA,NA,NA,NA,NA,NA,hitter,NA,NA,NA,NA,NA,NA,NA,NA,NA,NA
Harrison Bader,18030,0.17,0.198,0.358,30.631,3.604,5.405,0.191,0.238,0.272,0.033,111,32,664056,0.26,0.321,0.416,24.615,6.611,5.625,0.321,0.321,0.295,-0.026,1282,-0.09,-0.123,-0.057,6.015,-3.007,-0.22,-0.13,-0.082,-0.023,0.059,hitter,-0.089,-0.127,-0.054,6.273,-3.54,0.22,-0.128,-0.086,-0.022,0.064
Harry Ford,29958,0.19,0.314,0.35,23.729,14.407,5.932,0.232,0.302,0.296,-0.006,118,23,695670,0.167,0.25,0.167,37.5,0,12.5,0.25,0.201,0.281,0.081,8,0.023,0.064,0.183,-13.771,14.407,-6.568,-0.018,0.101,0.014,-0.087,hitter,0.024,0.06,0.186,-13.513,13.874,-6.129,-0.016,0.097,0.015,-0.082
Hayden Senger,21489,0.133,0.133,0.333,23.529,0,0,0.1,0.196,0.181,-0.015,17,29,663584,0.181,0.221,0.194,28.205,3.846,2.564,0.255,0.19,0.259,0.069,78,-0.047,-0.087,0.139,-4.676,-3.846,-2.564,-0.155,0.006,-0.078,-0.083,hitter,-0.046,-0.091,0.142,-4.418,-4.379,-2.125,-0.153,0.002,-0.076,-0.079
Hector Rodriguez,29189,0.229,0.27,0.41,25.658,4.605,4.605,0.273,0.295,0.251,-0.044,152,22,699302,NA,NA,NA,NA,NA,NA,NA,NA,NA,NA,NA,NA,NA,NA,NA,NA,NA,NA,NA,NA,NA,hitter,NA,NA,NA,NA,NA,NA,NA,NA,NA,NA
Heliot Ramos,22515,0.245,0.305,0.411,27.376,7.014,8.824,0.316,0.312,0.329,0.017,442,26,671218,0.26,0.325,0.42,23.875,7.369,7.074,0.314,0.324,0.325,0.001,1273,-0.015,-0.02,-0.01,3.501,-0.355,1.749,0.002,-0.012,0.004,0.016,hitter,-0.014,-0.024,-0.007,3.759,-0.888,2.189,0.004,-0.016,0.005,0.021
Henry Bolte,31448,0.277,0.359,0.405,28.118,8.245,4.863,0.381,0.341,0.317,-0.024,473,22,703607,NA,NA,NA,NA,NA,NA,NA,NA,NA,NA,NA,NA,NA,NA,NA,NA,NA,NA,NA,NA,NA,hitter,NA,NA,NA,NA,NA,NA,NA,NA,NA,NA
Henry Davis,29617,0.172,0.272,0.312,21.141,9.396,5.705,0.184,0.267,0.29,0.024,298,26,680779,0.169,0.244,0.275,28.684,7.564,6.139,0.217,0.234,0.281,0.047,660,0.003,0.028,0.037,-7.543,1.832,-0.435,-0.033,0.033,0.009,-0.024,hitter,0.004,0.024,0.04,-7.285,1.299,0.004,-0.031,0.029,0.01,-0.019
Heriberto Hernandez,24878,0.228,0.313,0.442,26.535,10.297,7.921,0.266,0.329,0.348,0.018,505,26,681715,0.266,0.347,0.438,26.19,10.544,6.803,0.335,0.341,0.334,-0.007,294,-0.038,-0.034,0.004,0.344,-0.247,1.118,-0.07,-0.012,0.014,0.025,hitter,-0.037,-0.038,0.007,0.602,-0.78,1.557,-0.068,-0.015,0.015,0.03
Heston Kjerstad,31166,0.211,0.211,0.263,47.368,0,0,0.4,0.207,0.205,-0.002,19,27,677008,0.21,0.272,0.349,27.603,5.124,5.041,0.266,0.272,0.293,0.021,314,0.001,-0.062,-0.086,19.765,-5.124,-5.041,0.134,-0.065,-0.088,-0.023,hitter,0.002,-0.065,-0.083,20.023,-5.657,-4.602,0.136,-0.069,-0.087,-0.018
Hunter Feduccia,23372,0.221,0.312,0.313,23.904,11.155,4.781,0.29,0.286,0.312,0.026,251,29,676439,0.162,0.279,0.214,26.631,14.286,4.409,0.23,0.235,0.275,0.04,119,0.059,0.033,0.099,-2.727,-3.13,0.372,0.06,0.051,0.037,-0.014,hitter,0.06,0.029,0.102,-2.469,-3.663,0.811,0.062,0.047,0.038,-0.009
Hunter Goodman,29715,0.245,0.31,0.529,30.488,8.014,8.711,0.28,0.355,0.321,-0.034,574,26,696100,0.26,0.304,0.498,26.784,5.324,8.562,0.306,0.341,0.314,-0.027,880,-0.015,0.006,0.031,3.704,2.69,0.149,-0.026,0.014,0.007,-0.007,hitter,-0.014,0.003,0.034,3.962,2.157,0.588,-0.024,0.01,0.008,-0.002
Hyeseong Kim,35322,0.259,0.323,0.328,23.664,9.16,2.29,0.337,0.293,0.304,0.011,131,27,808975,0.28,0.314,0.385,30.588,4.118,1.765,0.396,0.306,0.251,-0.055,170,-0.021,0.009,-0.058,-6.924,5.043,0.525,-0.059,-0.013,0.053,0.066,hitter,-0.02,0.006,-0.055,-6.666,4.51,0.965,-0.057,-0.017,0.055,0.071
Ian Happ,17919,0.218,0.326,0.412,29.717,12.736,6.289,0.284,0.325,0.313,-0.013,636,31,664023,0.243,0.344,0.428,23.624,12.95,6.692,0.292,0.337,0.351,0.013,2011,-0.025,-0.018,-0.016,6.093,-0.214,-0.403,-0.008,-0.012,-0.038,-0.026,hitter,-0.024,-0.022,-0.013,6.351,-0.747,0.036,-0.006,-0.016,-0.037,-0.021
Ildemaro Vargas,13324,0.254,0.298,0.377,10.082,5.556,2.675,0.267,0.295,0.297,0.002,486,34,545121,0.255,0.295,0.347,10.444,4.778,1.944,0.273,0.282,0.286,0.005,710,-0.001,0.002,0.031,-0.362,0.778,0.73,-0.006,0.014,0.011,-0.003,hitter,-0,-0.002,0.034,-0.104,0.245,1.17,-0.005,0.01,0.012,0.002
Isaac Collins,25477,0.213,0.32,0.321,23.121,12.331,3.276,0.276,0.294,0.295,0.002,519,28,686555,0.26,0.364,0.403,21.883,12.865,3.095,0.325,0.34,0.318,-0.022,460,-0.047,-0.044,-0.082,1.238,-0.533,0.181,-0.05,-0.046,-0.023,0.024,hitter,-0.046,-0.048,-0.079,1.496,-1.066,0.62,-0.048,-0.05,-0.022,0.028
Isaac Paredes,20036,0.262,0.36,0.447,13.354,10.774,3.49,0.268,0.355,0.323,-0.032,659,27,670623,0.247,0.349,0.435,17.058,11.443,3.8,0.263,0.343,0.313,-0.031,1650,0.015,0.01,0.011,-3.705,-0.669,-0.31,0.005,0.012,0.01,-0.001,hitter,0.016,0.006,0.014,-3.446,-1.202,0.129,0.006,0.008,0.012,0.004
Isiah Kiner-Falefa,16512,0.242,0.322,0.311,14.754,10.383,1.639,0.28,0.29,0.297,0.008,183,31,643396,0.263,0.301,0.35,16.626,3.885,1.448,0.31,0.287,0.272,-0.014,1316,-0.021,0.021,-0.039,-1.872,6.497,0.191,-0.029,0.003,0.025,0.022,hitter,-0.02,0.017,-0.036,-1.614,5.964,0.631,-0.028,-0.001,0.026,0.027
Ivan Herrera,20599,0.241,0.353,0.382,19.247,10.6,4.045,0.28,0.329,0.336,0.007,717,26,671056,0.288,0.374,0.453,19.15,9.575,7.141,0.331,0.361,0.369,0.008,755,-0.047,-0.021,-0.071,0.097,1.025,-3.096,-0.05,-0.031,-0.033,-0.002,hitter,-0.046,-0.024,-0.068,0.355,0.492,-2.657,-0.049,-0.035,-0.032,0.003
Ivan Johnson,27593,0.062,0.211,0.062,36.842,15.789,0,0.111,0.157,0.226,0.069,19,27,671155,NA,NA,NA,NA,NA,NA,NA,NA,NA,NA,NA,NA,NA,NA,NA,NA,NA,NA,NA,NA,NA,hitter,NA,NA,NA,NA,NA,NA,NA,NA,NA,NA
J.C. Escarra,20084,0.188,0.239,0.271,19.565,6.522,3.261,0.235,0.228,0.258,0.029,92,31,641555,0.202,0.296,0.333,14.286,11.224,4.082,0.214,0.28,0.3,0.02,98,-0.014,-0.057,-0.063,5.28,-4.703,-0.821,0.021,-0.052,-0.043,0.009,hitter,-0.013,-0.061,-0.06,5.538,-5.236,-0.382,0.023,-0.056,-0.042,0.014
J.P. Crawford,15491,0.221,0.335,0.352,19.836,13.088,4.09,0.253,0.312,0.319,0.007,489,31,641487,0.249,0.343,0.366,19.787,11.785,3.554,0.3,0.317,0.325,0.008,1743,-0.028,-0.008,-0.014,0.049,1.303,0.536,-0.047,-0.005,-0.006,-0.001,hitter,-0.027,-0.012,-0.011,0.307,0.77,0.975,-0.045,-0.009,-0.005,0.004
J.T. Realmuto,11739,0.205,0.283,0.331,21.413,7.923,3.854,0.239,0.275,0.317,0.042,467,35,592663,0.259,0.316,0.405,24.045,6.425,6.447,0.322,0.314,0.325,0.011,1503,-0.053,-0.034,-0.074,-2.632,1.498,-2.593,-0.082,-0.039,-0.008,0.031,hitter,-0.052,-0.038,-0.071,-2.374,0.965,-2.154,-0.08,-0.042,-0.007,0.036
JJ Bleday,26368,0.217,0.324,0.416,22.202,13.211,5.872,0.238,0.326,0.34,0.013,545,28,668709,0.226,0.31,0.417,22.841,10.712,5.267,0.264,0.315,0.297,-0.018,1289,-0.009,0.014,-0,-0.639,2.499,0.604,-0.026,0.011,0.042,0.031,hitter,-0.008,0.01,0.003,-0.381,1.966,1.044,-0.024,0.007,0.043,0.036
JJ Wetherholt,34985,0.242,0.339,0.365,16.801,10.339,5.17,0.27,0.318,0.347,0.029,619,23,802139,NA,NA,NA,NA,NA,NA,NA,NA,NA,NA,NA,NA,NA,NA,NA,NA,NA,NA,NA,NA,NA,hitter,NA,NA,NA,NA,NA,NA,NA,NA,NA,NA
Jac Caglianone,35041,0.289,0.34,0.494,26.04,5.967,8.68,0.361,0.36,0.357,-0.003,553,23,695506,0.157,0.237,0.295,22.414,7.759,8.19,0.172,0.239,0.321,0.082,232,0.132,0.103,0.199,3.626,-1.791,0.49,0.189,0.121,0.036,-0.085,hitter,0.133,0.099,0.202,3.884,-2.324,0.929,0.191,0.117,0.037,-0.08
Jace Jung,31437,0.222,0.364,0.222,27.273,18.182,0,0.333,0.289,0.367,0.078,11,25,690291,0.174,0.3,0.206,29.982,14.363,1.975,0.269,0.245,0.267,0.022,149,0.048,0.064,0.017,-2.709,3.819,-1.975,0.064,0.043,0.1,0.057,hitter,0.049,0.06,0.02,-2.451,3.286,-1.536,0.066,0.04,0.101,0.061
Jack Brannigan,31471,0,0,0,100,0,0,NA,0,0,0,1,25,687394,NA,NA,NA,NA,NA,NA,NA,NA,NA,NA,NA,NA,NA,NA,NA,NA,NA,NA,NA,NA,NA,hitter,NA,NA,NA,NA,NA,NA,NA,NA,NA,NA
Jackson Chourio,28806,0.291,0.351,0.487,23.386,8.202,8.202,0.348,0.361,0.344,-0.017,573,22,694192,0.271,0.315,0.463,20.755,5.725,6.561,0.312,0.332,0.315,-0.018,1162,0.02,0.036,0.023,2.631,2.478,1.642,0.036,0.029,0.029,0.001,hitter,0.021,0.032,0.026,2.889,1.945,2.081,0.038,0.025,0.031,0.005
Jackson Holliday,31781,0.229,0.3,0.34,23.729,9.605,4.237,0.285,0.284,0.293,0.009,354,22,702616,0.234,0.305,0.365,23.443,8.4,5.299,0.287,0.296,0.304,0.009,857,-0.005,-0.004,-0.025,0.286,1.204,-1.061,-0.002,-0.012,-0.012,-0,hitter,-0.004,-0.008,-0.022,0.544,0.671,-0.622,-0,-0.015,-0.011,0.005
Jackson Merrill,29490,0.254,0.303,0.44,24.096,6.175,8.584,0.302,0.32,0.347,0.026,664,23,701538,0.276,0.321,0.475,20.1,6.009,8.965,0.314,0.34,0.356,0.016,1076,-0.022,-0.018,-0.035,3.996,0.166,-0.381,-0.012,-0.019,-0.009,0.01,hitter,-0.021,-0.022,-0.032,4.254,-0.367,0.058,-0.01,-0.023,-0.008,0.015
Jacob Gonzalez,33225,0.22,0.274,0.364,19.383,5.286,3.524,0.245,0.282,0.305,0.023,227,24,694378,NA,NA,NA,NA,NA,NA,NA,NA,NA,NA,NA,NA,NA,NA,NA,NA,NA,NA,NA,NA,NA,hitter,NA,NA,NA,NA,NA,NA,NA,NA,NA,NA
Jacob Wilson,33266,0.266,0.298,0.388,11.573,3.561,2.077,0.284,0.301,0.282,-0.018,337,24,805779,0.305,0.351,0.431,7.695,5.438,1.71,0.313,0.341,0.302,-0.038,626,-0.039,-0.053,-0.044,3.878,-1.877,0.367,-0.029,-0.04,-0.02,0.02,hitter,-0.038,-0.057,-0.041,4.136,-2.41,0.806,-0.028,-0.044,-0.019,0.025
Jacob Young,29931,0.252,0.318,0.39,16.561,7.006,4.246,0.286,0.313,0.313,0.001,471,26,696285,0.243,0.306,0.309,18.636,6.707,1.227,0.301,0.276,0.291,0.015,1006,0.008,0.012,0.081,-2.075,0.3,3.019,-0.015,0.036,0.022,-0.014,hitter,0.009,0.008,0.084,-1.817,-0.233,3.458,-0.013,0.033,0.023,-0.01
Jahmai Jones,18872,0.206,0.298,0.369,32.044,9.392,6.077,0.281,0.299,0.328,0.03,181,28,663330,0.278,0.373,0.52,23.614,10.754,7.982,0.338,0.382,0.376,-0.006,208,-0.072,-0.074,-0.151,8.43,-1.362,-1.905,-0.056,-0.083,-0.048,0.035,hitter,-0.071,-0.078,-0.148,8.688,-1.895,-1.466,-0.055,-0.087,-0.047,0.04
Jair Camargo,21730,0.5,0.5,1,50,0,50,1,0.631,0.408,-0.223,2,26,665856,0,0.143,0,42.857,14.286,0,0,0.098,0.173,0.075,7,0.5,0.357,1,7.143,-14.286,50,1,0.532,0.234,-0.298,hitter,0.501,0.353,1.003,7.401,-14.819,50.439,1.002,0.529,0.236,-0.293
Jake Bauers,15194,0.266,0.389,0.484,26.99,16.263,7.785,0.339,0.381,0.371,-0.01,578,30,641343,0.215,0.322,0.384,31,12.667,7.083,0.29,0.312,0.33,0.018,836,0.051,0.067,0.1,-4.01,3.596,0.702,0.049,0.069,0.04,-0.028,hitter,0.052,0.063,0.103,-3.752,3.063,1.141,0.05,0.065,0.041,-0.024
Jake Burger,22275,0.228,0.302,0.421,26.935,9.032,7.742,0.271,0.316,0.314,-0.002,620,30,669394,0.244,0.287,0.448,25.595,4.45,9.31,0.281,0.315,0.335,0.02,1495,-0.015,0.014,-0.027,1.34,4.582,-1.568,-0.01,0.002,-0.02,-0.022,hitter,-0.014,0.011,-0.024,1.598,4.049,-1.129,-0.009,-0.002,-0.019,-0.017
Jake Cronenworth,18036,0.225,0.308,0.321,22.824,8.941,2.588,0.286,0.287,0.275,-0.012,425,32,630105,0.242,0.344,0.382,19.467,11.333,4.423,0.285,0.323,0.324,0.001,1693,-0.017,-0.036,-0.061,3.357,-2.391,-1.834,0.001,-0.036,-0.049,-0.013,hitter,-0.016,-0.04,-0.058,3.615,-2.924,-1.395,0.002,-0.04,-0.048,-0.008
Jake Fraley,19260,0.216,0.289,0.364,29.897,9.278,5.155,0.298,0.29,0.27,-0.02,97,31,641584,0.259,0.332,0.393,20.146,9.192,2.987,0.31,0.318,0.304,-0.014,979,-0.043,-0.043,-0.029,9.751,0.086,2.167,-0.012,-0.028,-0.034,-0.005,hitter,-0.042,-0.047,-0.026,10.01,-0.447,2.606,-0.01,-0.032,-0.033,-0.001
Jake Mangum,26202,0.276,0.331,0.363,19.415,5.219,1.67,0.339,0.31,0.284,-0.025,479,30,663968,0.296,0.33,0.368,14.953,4.439,2.103,0.345,0.307,0.276,-0.031,428,-0.02,0.001,-0.005,4.462,0.78,-0.433,-0.006,0.002,0.008,0.006,hitter,-0.019,-0.003,-0.002,4.72,0.247,0.006,-0.004,-0.001,0.009,0.011
Jake McCarthy,21622,0.291,0.334,0.475,15.94,5.034,4.195,0.326,0.349,0.321,-0.028,596,28,664983,0.249,0.307,0.371,17.062,5.814,2.752,0.289,0.297,0.3,0.003,1029,0.042,0.027,0.104,-1.123,-0.78,1.443,0.036,0.052,0.021,-0.031,hitter,0.043,0.023,0.107,-0.865,-1.313,1.882,0.038,0.048,0.022,-0.026
Jake Meyers,20308,0.213,0.268,0.326,20.261,6.536,4.575,0.25,0.265,0.256,-0.009,153,30,676694,0.256,0.321,0.369,20.449,7.556,4.122,0.312,0.305,0.313,0.008,1235,-0.043,-0.053,-0.042,-0.188,-1.02,0.454,-0.062,-0.04,-0.056,-0.016,hitter,-0.043,-0.057,-0.039,0.07,-1.553,0.893,-0.06,-0.044,-0.055,-0.012
Jake Rogers,19452,0.161,0.276,0.287,29.825,13.45,5.263,0.209,0.259,0.267,0.008,171,31,668670,0.198,0.268,0.362,29.243,8.102,6.184,0.25,0.275,0.293,0.019,844,-0.037,0.009,-0.075,0.582,5.349,-0.921,-0.042,-0.015,-0.027,-0.011,hitter,-0.036,0.005,-0.072,0.84,4.816,-0.482,-0.04,-0.019,-0.026,-0.007
Jakob Marsee,31370,0.231,0.348,0.359,20.455,12.662,2.435,0.284,0.321,0.314,-0.007,616,25,805300,0.292,0.363,0.478,20.513,9.402,5.556,0.357,0.363,0.347,-0.016,234,-0.061,-0.016,-0.12,-0.058,3.261,-3.12,-0.072,-0.043,-0.033,0.009,hitter,-0.06,-0.019,-0.117,0.2,2.728,-2.681,-0.071,-0.046,-0.032,0.014
James McCann,12859,0.282,0.311,0.455,25.301,3.614,7.831,0.343,0.332,0.303,-0.028,166,36,543510,0.243,0.297,0.404,24.224,5.466,5.466,0.29,0.304,0.314,0.01,596,0.039,0.014,0.051,1.078,-1.851,2.365,0.053,0.028,-0.01,-0.038,hitter,0.04,0.011,0.054,1.336,-2.384,2.805,0.054,0.024,-0.009,-0.033
James Outman,24770,0.172,0.235,0.318,41.765,5.882,3.529,0.272,0.246,0.225,-0.021,170,29,681546,0.173,0.27,0.342,37.239,9.915,5.972,0.244,0.273,0.289,0.016,871,-0.001,-0.035,-0.024,4.525,-4.033,-2.442,0.027,-0.026,-0.064,-0.038,hitter,-0,-0.039,-0.021,4.783,-4.566,-2.003,0.029,-0.03,-0.063,-0.033
James Triantos,29795,0.125,0.222,0.125,22.222,11.111,0,0.167,0.176,0.16,-0.017,9,23,701649,NA,NA,NA,NA,NA,NA,NA,NA,NA,NA,NA,NA,NA,NA,NA,NA,NA,NA,NA,NA,NA,hitter,NA,NA,NA,NA,NA,NA,NA,NA,NA,NA
James Wood,29518,0.265,0.388,0.503,28.732,16.372,10.112,0.344,0.383,0.403,0.02,623,23,695578,0.258,0.351,0.464,31.35,12.172,8.376,0.353,0.35,0.358,0.007,1025,0.007,0.038,0.039,-2.618,4.201,1.736,-0.009,0.033,0.045,0.013,hitter,0.008,0.034,0.042,-2.36,3.668,2.175,-0.008,0.029,0.047,0.017
Jared Oliva,19968,0.143,0.143,0.143,14.286,0,0,0.167,0.127,0.308,0.181,7,30,666931,NA,NA,NA,NA,NA,NA,NA,NA,NA,NA,NA,NA,NA,NA,NA,NA,NA,NA,NA,NA,NA,hitter,NA,NA,NA,NA,NA,NA,NA,NA,NA,NA
Jared Serna,28326,0.214,0.281,0.321,25,9.375,3.125,0.286,0.267,0.23,-0.037,32,24,691858,NA,NA,NA,NA,NA,NA,NA,NA,NA,NA,NA,NA,NA,NA,NA,NA,NA,NA,NA,NA,NA,hitter,NA,NA,NA,NA,NA,NA,NA,NA,NA,NA
Jared Triolo,25807,0.238,0.307,0.302,19.89,7.735,1.657,0.296,0.278,0.284,0.006,362,28,669707,0.227,0.31,0.343,23.256,10.067,3.852,0.284,0.291,0.303,0.012,1031,0.011,-0.003,-0.04,-3.367,-2.332,-2.194,0.012,-0.012,-0.019,-0.007,hitter,0.012,-0.006,-0.037,-3.109,-2.865,-1.755,0.013,-0.016,-0.018,-0.002
Jared Young,20404,0.266,0.33,0.429,18.421,7.31,5.556,0.305,0.332,0.321,-0.012,342,30,676724,0.186,0.238,0.484,32.979,4.61,8.156,0.176,0.301,0.292,-0.009,94,0.08,0.093,-0.056,-14.558,2.7,-2.6,0.13,0.031,0.028,-0.003,hitter,0.081,0.089,-0.053,-14.3,2.167,-2.161,0.131,0.028,0.029,0.002
Jarred Kelenic,22558,0.219,0.313,0.288,37.349,12.048,9.639,0.366,0.279,0.331,0.053,83,26,672284,0.225,0.285,0.384,30.939,7.759,6.322,0.301,0.29,0.307,0.017,930,-0.006,0.028,-0.096,6.411,4.29,3.317,0.065,-0.012,0.024,0.036,hitter,-0.005,0.024,-0.093,6.669,3.757,3.756,0.067,-0.015,0.025,0.04
Jarren Duran,24617,0.207,0.266,0.361,27.138,6.743,5.921,0.252,0.274,0.301,0.027,608,29,680776,0.269,0.337,0.463,23.4,8.037,6.185,0.337,0.344,0.33,-0.014,1793,-0.062,-0.071,-0.102,3.738,-1.294,-0.264,-0.085,-0.071,-0.029,0.042,hitter,-0.061,-0.074,-0.099,3.996,-1.827,0.175,-0.083,-0.074,-0.028,0.046
Jase Bowen,26047,0.146,0.188,0.25,39.806,2.913,4.854,0.226,0.196,0.244,0.048,103,25,687749,NA,NA,NA,NA,NA,NA,NA,NA,NA,NA,NA,NA,NA,NA,NA,NA,NA,NA,NA,NA,NA,hitter,NA,NA,NA,NA,NA,NA,NA,NA,NA,NA
Jasson Dominguez,28080,0.225,0.267,0.368,21.622,4.505,4.054,0.265,0.279,0.289,0.01,222,23,691176,0.251,0.329,0.386,26.902,10.088,4.666,0.329,0.315,0.307,-0.007,529,-0.026,-0.062,-0.018,-5.28,-5.584,-0.612,-0.064,-0.035,-0.019,0.017,hitter,-0.025,-0.066,-0.015,-5.022,-6.117,-0.173,-0.062,-0.039,-0.017,0.022
Javier Baez,12979,0.241,0.27,0.364,20.918,3.061,2.041,0.292,0.277,0.266,-0.011,196,33,595879,0.234,0.265,0.362,24.368,3.056,4.251,0.287,0.272,0.27,-0.001,1273,0.007,0.005,0.001,-3.45,0.005,-2.21,0.004,0.006,-0.004,-0.01,hitter,0.008,0.001,0.004,-3.191,-0.528,-1.771,0.006,0.002,-0.003,-0.005
Javier Sanoja,28253,0.295,0.333,0.458,7.959,5.51,2.449,0.303,0.342,0.295,-0.047,490,23,691594,0.242,0.285,0.389,11.936,5.391,1.375,0.259,0.291,0.278,-0.013,378,0.053,0.049,0.068,-3.977,0.12,1.074,0.044,0.051,0.017,-0.035,hitter,0.054,0.045,0.071,-3.719,-0.413,1.513,0.046,0.048,0.018,-0.03
Jazz Chisholm Jr.,20454,0.231,0.312,0.399,29.511,10.526,4.887,0.301,0.312,0.294,-0.018,532,28,665862,0.248,0.327,0.461,26.811,9.692,7.937,0.296,0.339,0.331,-0.008,1535,-0.017,-0.015,-0.062,2.7,0.834,-3.05,0.005,-0.027,-0.037,-0.01,hitter,-0.016,-0.018,-0.059,2.959,0.301,-2.611,0.006,-0.031,-0.036,-0.005
Jeferson Quero,28272,0,0.5,0,0,50,0,0,0.349,0.495,0.145,2,23,691620,NA,NA,NA,NA,NA,NA,NA,NA,NA,NA,NA,NA,NA,NA,NA,NA,NA,NA,NA,NA,NA,hitter,NA,NA,NA,NA,NA,NA,NA,NA,NA,NA
Jeff McNeil,15362,0.264,0.313,0.368,11.346,5.962,1.346,0.283,0.301,0.299,-0.002,520,34,643446,0.246,0.326,0.397,12.437,8.893,2.972,0.26,0.316,0.311,-0.005,1582,0.018,-0.013,-0.029,-1.091,-2.932,-1.626,0.023,-0.015,-0.012,0.002,hitter,0.019,-0.017,-0.026,-0.833,-3.465,-1.187,0.025,-0.018,-0.011,0.007
Jeimer Candelario,13621,0.111,0.2,0.222,40,5,0,0.2,0.198,0.218,0.02,20,32,600869,0.21,0.277,0.399,25.372,7.397,5.289,0.245,0.292,0.276,-0.016,1130,-0.099,-0.077,-0.177,14.628,-2.397,-5.289,-0.045,-0.095,-0.059,0.036,hitter,-0.098,-0.081,-0.174,14.886,-2.93,-4.85,-0.043,-0.098,-0.058,0.041
Jerar Encarnacion,21871,0.176,0.2,0.206,22.857,2.857,5.714,0.231,0.183,0.21,0.027,35,28,666464,0.226,0.25,0.397,27.786,3.14,7.221,0.275,0.277,0.326,0.048,175,-0.05,-0.05,-0.192,-4.929,-0.283,-1.507,-0.044,-0.094,-0.115,-0.021,hitter,-0.049,-0.053,-0.189,-4.671,-0.816,-1.068,-0.042,-0.098,-0.114,-0.017
Jeremiah Jackson,22239,0.217,0.247,0.365,23.549,3.413,5.802,0.249,0.264,0.282,0.018,293,26,669236,0.276,0.328,0.447,27.322,6.011,4.918,0.365,0.336,0.295,-0.04,183,-0.06,-0.081,-0.082,-3.773,-2.598,0.884,-0.116,-0.072,-0.013,0.059,hitter,-0.059,-0.085,-0.079,-3.515,-3.131,1.323,-0.115,-0.075,-0.012,0.063
Jeremy Pena,21636,0.277,0.325,0.477,24.017,4.969,4.969,0.327,0.347,0.326,-0.021,483,28,665161,0.285,0.338,0.434,17.494,5.529,4.982,0.326,0.335,0.322,-0.013,1827,-0.008,-0.013,0.042,6.523,-0.56,-0.013,0.001,0.012,0.004,-0.008,hitter,-0.007,-0.017,0.045,6.781,-1.093,0.426,0.003,0.008,0.005,-0.003
Jesus Rodriguez,26991,0.235,0.316,0.412,13.793,8.621,1.724,0.244,0.322,0.315,-0.006,58,24,683679,NA,NA,NA,NA,NA,NA,NA,NA,NA,NA,NA,NA,NA,NA,NA,NA,NA,NA,NA,NA,NA,hitter,NA,NA,NA,NA,NA,NA,NA,NA,NA,NA
Jesus Sanchez,19913,0.254,0.311,0.401,23.81,5.714,7.302,0.311,0.311,0.321,0.009,315,28,660821,0.244,0.309,0.408,23.944,8.248,7.781,0.297,0.312,0.333,0.021,1436,0.01,0.002,-0.006,-0.134,-2.534,-0.48,0.014,-0,-0.012,-0.012,hitter,0.011,-0.002,-0.003,0.124,-3.067,-0.04,0.015,-0.004,-0.011,-0.007
Jhonny Pereda,19802,0.3,0.366,0.389,19.802,8.911,1.98,0.362,0.338,0.345,0.008,101,30,640902,0.242,0.307,0.307,26.471,7.843,2.549,0.343,0.277,0.252,-0.025,118,0.058,0.059,0.082,-6.669,1.068,-0.569,0.02,0.061,0.093,0.033,hitter,0.059,0.056,0.084,-6.41,0.535,-0.13,0.021,0.057,0.095,0.037
Jhostynxon Garcia,28142,0.167,0.2,0.188,32,2,2,0.25,0.178,0.24,0.062,50,23,691373,0.143,0.333,0.286,55.556,22.222,0,0.5,0.293,0.309,0.017,9,0.024,-0.133,-0.098,-23.556,-20.222,2,-0.25,-0.114,-0.069,0.045,hitter,0.025,-0.137,-0.095,-23.297,-20.755,2.439,-0.248,-0.118,-0.068,0.05
Jihwan Bae,23818,0.5,0.667,0.5,25,0,0,1,0.54,0.361,-0.179,4,26,678225,NA,NA,NA,NA,NA,NA,NA,NA,NA,NA,NA,NA,NA,NA,NA,NA,NA,NA,NA,NA,NA,hitter,NA,NA,NA,NA,NA,NA,NA,NA,NA,NA
Jim Jarvis,33492,0.207,0.267,0.297,18.548,6.452,2.419,0.253,0.254,0.268,0.014,124,25,805347,NA,NA,NA,NA,NA,NA,NA,NA,NA,NA,NA,NA,NA,NA,NA,NA,NA,NA,NA,NA,NA,hitter,NA,NA,NA,NA,NA,NA,NA,NA,NA,NA
Jimmy Crooks,31354,0.179,0.255,0.336,32.215,6.04,6.711,0.232,0.264,0.294,0.03,149,24,699625,0.133,0.152,0.244,36.957,0,4.348,0.185,0.171,0.223,0.052,46,0.046,0.103,0.091,-4.742,6.04,2.364,0.047,0.093,0.071,-0.022,hitter,0.047,0.099,0.094,-4.484,5.507,2.803,0.048,0.089,0.072,-0.017
Jo Adell,20220,0.24,0.298,0.401,23.788,5.152,5.909,0.285,0.307,0.329,0.022,660,27,666176,0.226,0.288,0.459,27.056,6.402,9.977,0.253,0.32,0.347,0.026,1086,0.014,0.01,-0.057,-3.268,-1.25,-4.068,0.032,-0.014,-0.018,-0.004,hitter,0.015,0.006,-0.054,-3.01,-1.783,-3.628,0.033,-0.017,-0.017,0
Joc Pederson,11899,0.235,0.329,0.487,23.611,11.343,7.176,0.249,0.352,0.343,-0.009,432,34,592626,0.225,0.337,0.413,22.078,11.872,6.935,0.256,0.33,0.346,0.016,1180,0.01,-0.008,0.073,1.534,-0.529,0.241,-0.007,0.021,-0.003,-0.025,hitter,0.011,-0.011,0.076,1.792,-1.062,0.68,-0.006,0.018,-0.002,-0.02
Joe Mack,29780,0.234,0.282,0.403,24.848,5.758,5.758,0.273,0.299,0.292,-0.007,330,23,691788,NA,NA,NA,NA,NA,NA,NA,NA,NA,NA,NA,NA,NA,NA,NA,NA,NA,NA,NA,NA,NA,hitter,NA,NA,NA,NA,NA,NA,NA,NA,NA,NA
Joey Bart,21524,0.214,0.305,0.357,27.344,5.469,4.688,0.27,0.298,0.295,-0.004,128,29,663698,0.253,0.346,0.378,27.182,10.342,5.959,0.341,0.324,0.319,-0.004,709,-0.038,-0.041,-0.021,0.162,-4.873,-1.272,-0.071,-0.025,-0.025,0,hitter,-0.037,-0.045,-0.018,0.42,-5.406,-0.833,-0.069,-0.029,-0.024,0.005
Joey Loperfido,29630,0.214,0.311,0.33,26.446,11.57,4.132,0.296,0.287,0.294,0.008,121,27,694388,0.261,0.31,0.409,32.159,4.518,2.91,0.374,0.313,0.279,-0.035,366,-0.048,0.001,-0.079,-5.713,7.053,1.223,-0.078,-0.026,0.016,0.042,hitter,-0.047,-0.003,-0.076,-5.455,6.52,1.662,-0.076,-0.03,0.017,0.047
Joey Meneses,14366,0.15,0.28,0.15,16,12,0,0.176,0.22,0.326,0.107,25,34,608841,0.25,0.303,0.344,19.987,6.328,3.509,0.301,0.285,0.28,-0.004,970,-0.1,-0.023,-0.194,-3.987,5.672,-3.509,-0.124,-0.065,0.046,0.111,hitter,-0.099,-0.027,-0.191,-3.729,5.139,-3.07,-0.123,-0.069,0.047,0.116
Joey Ortiz,25493,0.27,0.328,0.402,19.759,8.434,2.892,0.319,0.321,0.297,-0.024,415,27,687401,0.233,0.295,0.345,16.793,7.396,2.685,0.268,0.283,0.286,0.002,1051,0.037,0.033,0.056,2.966,1.038,0.207,0.052,0.038,0.011,-0.027,hitter,0.038,0.029,0.059,3.224,0.505,0.646,0.053,0.034,0.012,-0.022
Joey Wiemer,27690,0.286,0.398,0.514,34.94,14.458,4.819,0.447,0.397,0.315,-0.082,83,27,686894,0.211,0.274,0.368,32.29,6.508,6.383,0.278,0.277,0.29,0.013,499,0.075,0.123,0.146,2.649,7.95,-1.564,0.169,0.12,0.024,-0.096,hitter,0.076,0.12,0.149,2.908,7.417,-1.125,0.171,0.116,0.025,-0.091
John Peck,33500,0.162,0.275,0.176,20,11.25,5,0.208,0.224,0.31,0.087,80,23,807726,NA,NA,NA,NA,NA,NA,NA,NA,NA,NA,NA,NA,NA,NA,NA,NA,NA,NA,NA,NA,NA,hitter,NA,NA,NA,NA,NA,NA,NA,NA,NA,NA
John Rave,26284,0.232,0.314,0.43,23.602,10.559,6.832,0.276,0.326,0.314,-0.012,161,28,670231,0.196,0.283,0.307,26.286,10.286,3.429,0.25,0.267,0.302,0.035,175,0.036,0.031,0.122,-2.683,0.273,3.404,0.026,0.06,0.013,-0.047,hitter,0.037,0.027,0.125,-2.425,-0.26,3.843,0.027,0.056,0.014,-0.042
Johnathan Rodriguez,22530,0.182,0.333,0.273,40,20,0,0.333,0.283,0.297,0.014,15,26,671286,0.183,0.275,0.324,30.099,11.287,2.97,0.252,0.268,0.276,0.008,117,-0.001,0.058,-0.051,9.901,8.713,-2.97,0.082,0.015,0.021,0.006,hitter,-0,0.054,-0.048,10.159,8.18,-2.531,0.083,0.012,0.022,0.011
Jonah Bride,24703,0.2,0.333,0.2,33.333,16.667,0,0.333,0.265,0.229,-0.036,6,30,681146,0.225,0.308,0.33,24.693,10.084,2.78,0.281,0.283,0.269,-0.014,503,-0.025,0.025,-0.13,8.64,6.583,-2.78,0.052,-0.019,-0.04,-0.022,hitter,-0.024,0.022,-0.127,8.899,6.05,-2.34,0.054,-0.022,-0.039,-0.017
Jonah Cox,33270,0.252,0.298,0.384,38.462,5.917,2.959,0.415,0.3,0.256,-0.044,169,24,813841,NA,NA,NA,NA,NA,NA,NA,NA,NA,NA,NA,NA,NA,NA,NA,NA,NA,NA,NA,NA,NA,hitter,NA,NA,NA,NA,NA,NA,NA,NA,NA,NA
Jonah Heim,16930,0.204,0.262,0.366,17.949,6.923,4.359,0.216,0.275,0.285,0.01,390,31,641680,0.221,0.275,0.346,19.473,6.717,4.59,0.25,0.273,0.282,0.01,1425,-0.017,-0.013,0.02,-1.525,0.206,-0.232,-0.034,0.003,0.003,-0,hitter,-0.016,-0.017,0.023,-1.266,-0.327,0.208,-0.032,-0.001,0.004,0.005
Jonatan Clase,26599,0.273,0.36,0.545,32,12,0,0.333,0.39,0.247,-0.143,25,24,682729,0.22,0.292,0.307,25.198,7.784,3.298,0.286,0.271,0.266,-0.004,178,0.053,0.068,0.238,6.802,4.216,-3.298,0.047,0.119,-0.019,-0.138,hitter,0.054,0.064,0.241,7.06,3.683,-2.859,0.049,0.116,-0.018,-0.134
Jonathan Aranda,21837,0.274,0.358,0.434,24.401,10.329,6.287,0.34,0.348,0.342,-0.005,668,28,666018,0.299,0.377,0.475,25.057,9.614,8.365,0.381,0.368,0.375,0.006,668,-0.025,-0.02,-0.04,-0.656,0.715,-2.077,-0.041,-0.021,-0.032,-0.011,hitter,-0.024,-0.023,-0.037,-0.397,0.182,-1.638,-0.039,-0.024,-0.031,-0.007
Jonathan India,21523,0.167,0.31,0.312,22.414,13.793,3.448,0.182,0.291,0.284,-0.007,58,29,663697,0.24,0.337,0.368,19.223,10.654,4.512,0.284,0.315,0.33,0.015,1733,-0.073,-0.027,-0.056,3.191,3.139,-1.064,-0.102,-0.025,-0.046,-0.022,hitter,-0.072,-0.031,-0.053,3.449,2.606,-0.624,-0.1,-0.028,-0.045,-0.017
Jonathan Ornelas,24597,0.19,0.227,0.19,50,4.545,0,0.4,0.194,0.178,-0.016,22,26,680716,0.215,0.269,0.252,32.584,6.18,0,0.333,0.237,0.213,-0.023,58,-0.024,-0.041,-0.061,17.416,-1.634,0,0.067,-0.043,-0.036,0.007,hitter,-0.023,-0.045,-0.058,17.674,-2.167,0.439,0.068,-0.047,-0.035,0.012
Jonny DeLuca,26365,0.266,0.3,0.429,21.081,4.595,2.703,0.314,0.317,0.261,-0.055,370,27,676356,0.243,0.295,0.361,21.318,5.961,2.595,0.302,0.287,0.271,-0.016,466,0.022,0.005,0.067,-0.237,-1.366,0.108,0.012,0.03,-0.01,-0.039,hitter,0.023,0.001,0.07,0.021,-1.899,0.547,0.014,0.026,-0.008,-0.035
Jorbit Vivas,23917,0.238,0.331,0.322,14.56,11.264,2.198,0.274,0.298,0.292,-0.006,364,25,678391,0.161,0.266,0.25,19.697,7.576,3.03,0.19,0.242,0.304,0.063,66,0.077,0.065,0.072,-5.137,3.688,-0.833,0.084,0.056,-0.013,-0.069,hitter,0.078,0.061,0.075,-4.878,3.155,-0.393,0.085,0.052,-0.012,-0.064
Jordan Beck,31431,0.2,0.261,0.291,31.667,7.778,2.222,0.296,0.248,0.253,0.004,180,25,687597,0.247,0.305,0.393,30.498,7.188,5.613,0.341,0.305,0.296,-0.01,772,-0.047,-0.044,-0.103,1.168,0.59,-3.391,-0.045,-0.057,-0.043,0.014,hitter,-0.046,-0.048,-0.1,1.427,0.057,-2.951,-0.043,-0.06,-0.042,0.019
Jordan Lawlar,29976,0.258,0.319,0.46,28.676,3.676,4.412,0.329,0.34,0.314,-0.026,136,23,691783,0.177,0.252,0.274,34.901,7.921,2.475,0.284,0.237,0.248,0.01,108,0.081,0.066,0.185,-6.225,-4.244,1.937,0.045,0.102,0.066,-0.037,hitter,0.082,0.062,0.188,-5.966,-4.777,2.376,0.046,0.099,0.067,-0.032
Jordan Walker,27475,0.269,0.327,0.466,26.087,7.496,8.696,0.329,0.344,0.34,-0.004,667,24,691023,0.222,0.283,0.338,29.674,7.116,6.277,0.303,0.274,0.286,0.012,1039,0.047,0.044,0.128,-3.587,0.38,2.418,0.026,0.07,0.054,-0.016,hitter,0.048,0.04,0.131,-3.329,-0.153,2.858,0.028,0.066,0.055,-0.011
Jorge Barrosa,23968,0.193,0.285,0.331,26.437,9.77,2.874,0.265,0.277,0.238,-0.039,174,25,678489,0.145,0.17,0.234,26.424,2.278,0.683,0.18,0.175,0.21,0.036,95,0.048,0.115,0.097,0.013,7.492,2.19,0.085,0.102,0.028,-0.075,hitter,0.049,0.111,0.1,0.271,6.959,2.629,0.087,0.099,0.029,-0.07
Jorge Mateo,17273,0.203,0.245,0.314,31.222,4.977,4.977,0.276,0.248,0.272,0.024,221,31,622761,0.21,0.252,0.344,27.07,5.184,2.952,0.272,0.259,0.256,-0.003,641,-0.007,-0.007,-0.03,4.152,-0.206,2.026,0.004,-0.011,0.016,0.027,hitter,-0.006,-0.01,-0.027,4.41,-0.739,2.465,0.006,-0.015,0.017,0.031
Jorge Polanco,13152,0.148,0.201,0.23,24.828,6.207,2.759,0.186,0.196,0.234,0.038,145,32,593871,0.248,0.317,0.447,20.801,8.787,7.094,0.273,0.329,0.332,0.003,1336,-0.1,-0.116,-0.217,4.027,-2.58,-4.335,-0.088,-0.133,-0.098,0.034,hitter,-0.099,-0.12,-0.214,4.285,-3.113,-3.896,-0.086,-0.136,-0.097,0.039
Jorge Soler,14221,0.203,0.291,0.373,32.687,9.695,6.094,0.274,0.295,0.294,-0,361,34,624585,0.232,0.32,0.43,26.67,10.575,7.918,0.282,0.326,0.329,0.003,1469,-0.029,-0.029,-0.056,6.017,-0.88,-1.824,-0.008,-0.031,-0.035,-0.004,hitter,-0.028,-0.033,-0.053,6.275,-1.413,-1.385,-0.006,-0.035,-0.034,0.001
Jose Altuve,5417,0.25,0.306,0.395,19.895,7.155,2.967,0.289,0.308,0.271,-0.037,573,36,514888,0.279,0.341,0.447,16.993,8.034,4.768,0.307,0.34,0.308,-0.033,1746,-0.029,-0.035,-0.052,2.903,-0.878,-1.801,-0.018,-0.033,-0.037,-0.004,hitter,-0.028,-0.039,-0.049,3.161,-1.411,-1.362,-0.017,-0.037,-0.036,0.001
Jose Azocar,18821,0.353,0.389,0.471,22.222,5.556,0,0.462,0.377,0.298,-0.079,18,30,640492,0.232,0.287,0.277,19.369,6.532,2.477,0.29,0.255,0.292,0.037,202,0.121,0.102,0.194,2.853,-0.976,-2.477,0.171,0.122,0.006,-0.116,hitter,0.122,0.098,0.197,3.111,-1.509,-2.038,0.173,0.118,0.007,-0.111
Jose Barrero,23378,0.167,0.167,0.167,50,0,0,0.333,0.148,0.078,-0.071,6,28,676480,0.176,0.243,0.299,29.276,6.579,2.632,0.23,0.242,0.227,-0.014,180,-0.01,-0.077,-0.132,20.724,-6.579,-2.632,0.104,-0.093,-0.15,-0.056,hitter,-0.009,-0.081,-0.129,20.982,-7.112,-2.192,0.105,-0.097,-0.149,-0.052
Jose Caballero,23401,0.231,0.29,0.365,24.342,6.36,2.851,0.278,0.29,0.278,-0.012,456,29,676609,0.231,0.317,0.345,26.683,9.612,3.325,0.311,0.296,0.283,-0.013,1133,0,-0.027,0.02,-2.341,-3.252,-0.474,-0.033,-0.006,-0.005,0.001,hitter,0.001,-0.031,0.023,-2.083,-3.785,-0.035,-0.031,-0.01,-0.004,0.006
Jose Fermin,21746,0.248,0.309,0.355,13.514,8.108,1.622,0.27,0.294,0.291,-0.004,370,27,665877,0.23,0.323,0.319,14.043,10.34,0,0.267,0.292,0.3,0.008,210,0.017,-0.014,0.036,-0.53,-2.231,1.622,0.003,0.003,-0.009,-0.012,hitter,0.018,-0.018,0.039,-0.272,-2.764,2.061,0.004,-0.001,-0.008,-0.007
Jose Fernandez,28020,0.255,0.3,0.343,22.973,4.955,2.703,0.327,0.287,0.281,-0.006,222,22,699912,NA,NA,NA,NA,NA,NA,NA,NA,NA,NA,NA,NA,NA,NA,NA,NA,NA,NA,NA,NA,NA,hitter,NA,NA,NA,NA,NA,NA,NA,NA,NA,NA
Jose Ramirez,13510,0.235,0.32,0.368,12.684,11.029,3.125,0.248,0.301,0.325,0.023,544,33,608070,0.282,0.351,0.511,11.291,9.259,5.965,0.275,0.36,0.339,-0.02,2046,-0.047,-0.031,-0.143,1.392,1.77,-2.84,-0.027,-0.058,-0.015,0.044,hitter,-0.046,-0.034,-0.14,1.651,1.237,-2.401,-0.025,-0.062,-0.014,0.048
Jose Siri,17452,0.241,0.296,0.417,31.873,5.976,7.968,0.324,0.308,0.304,-0.005,251,30,642350,0.182,0.249,0.369,38.4,7.044,7.786,0.252,0.268,0.288,0.02,848,0.059,0.047,0.048,-6.528,-1.068,0.182,0.071,0.04,0.015,-0.025,hitter,0.06,0.043,0.051,-6.27,-1.601,0.621,0.073,0.036,0.016,-0.02
Jose Tena,23691,0.222,0.302,0.37,31.25,9.375,4.861,0.311,0.299,0.291,-0.008,288,25,677588,0.252,0.307,0.353,23.21,7.158,4.411,0.329,0.291,0.302,0.01,371,-0.03,-0.005,0.016,8.04,2.217,0.45,-0.018,0.008,-0.01,-0.018,hitter,-0.029,-0.009,0.019,8.298,1.684,0.89,-0.017,0.004,-0.009,-0.013
Jose Trevino,16725,0.217,0.221,0.336,18.59,0.641,1.923,0.235,0.24,0.222,-0.018,156,33,624431,0.229,0.276,0.349,14.286,6.008,3.613,0.248,0.273,0.275,0.002,704,-0.012,-0.055,-0.014,4.304,-5.367,-1.69,-0.013,-0.033,-0.053,-0.019,hitter,-0.011,-0.059,-0.011,4.562,-5.9,-1.251,-0.011,-0.037,-0.051,-0.015
Josh Bell,13145,0.255,0.319,0.419,19.651,8.241,6.815,0.289,0.323,0.335,0.011,631,33,605137,0.243,0.323,0.413,18.346,9.841,7.228,0.265,0.321,0.339,0.017,1753,0.013,-0.004,0.006,1.305,-1.6,-0.414,0.024,0.002,-0.004,-0.006,hitter,0.014,-0.008,0.009,1.563,-2.133,0.025,0.025,-0.001,-0.003,-0.001
Josh Jung,26299,0.299,0.365,0.462,18.018,7.883,5.18,0.346,0.362,0.348,-0.014,444,28,673962,0.255,0.297,0.406,25.867,5.201,6.136,0.32,0.305,0.307,0.002,1214,0.044,0.068,0.057,-7.849,2.682,-0.956,0.026,0.057,0.042,-0.016,hitter,0.045,0.064,0.06,-7.591,2.149,-0.517,0.028,0.053,0.043,-0.011
Josh Lowe,19953,0.209,0.273,0.36,30.612,7.289,5.539,0.27,0.279,0.284,0.005,343,28,666139,0.236,0.296,0.391,27.052,7.61,5.082,0.303,0.298,0.302,0.005,1323,-0.027,-0.023,-0.031,3.56,-0.321,0.457,-0.032,-0.019,-0.019,0,hitter,-0.026,-0.027,-0.028,3.818,-0.854,0.896,-0.031,-0.022,-0.018,0.005
Josh Naylor,18839,0.261,0.317,0.35,12.154,6.923,3.538,0.286,0.297,0.31,0.013,650,29,647304,0.278,0.341,0.463,14.74,8.256,5.615,0.293,0.344,0.336,-0.008,1732,-0.017,-0.024,-0.113,-2.586,-1.333,-2.077,-0.007,-0.047,-0.025,0.022,hitter,-0.016,-0.028,-0.11,-2.328,-1.866,-1.637,-0.005,-0.051,-0.024,0.027
Josh Rojas,19734,0.226,0.265,0.321,14.783,4.348,0.87,0.25,0.26,0.22,-0.04,115,32,668942,0.211,0.285,0.308,22.767,9.178,3.106,0.265,0.265,0.28,0.015,1037,0.016,-0.019,0.013,-7.985,-4.83,-2.237,-0.015,-0.005,-0.06,-0.055,hitter,0.017,-0.023,0.016,-7.727,-5.363,-1.798,-0.014,-0.009,-0.059,-0.05
Josh Smith,26396,0.203,0.29,0.321,23.045,10.288,4.115,0.243,0.275,0.276,0.001,243,28,669701,0.25,0.334,0.374,19.034,9.081,3.317,0.298,0.314,0.309,-0.006,1387,-0.047,-0.044,-0.054,4.011,1.207,0.798,-0.055,-0.039,-0.032,0.007,hitter,-0.046,-0.047,-0.051,4.27,0.674,1.237,-0.053,-0.043,-0.031,0.012
Joshua Baez,29596,0.23,0.278,0.51,30.556,3.704,7.407,0.262,0.335,0.303,-0.032,108,23,695491,NA,NA,NA,NA,NA,NA,NA,NA,NA,NA,NA,NA,NA,NA,NA,NA,NA,NA,NA,NA,NA,hitter,NA,NA,NA,NA,NA,NA,NA,NA,NA,NA
Joshua Kuroda-Grauer,35121,0.366,0.392,0.507,13.514,2.703,1.351,0.417,0.392,0.311,-0.081,74,23,811965,NA,NA,NA,NA,NA,NA,NA,NA,NA,NA,NA,NA,NA,NA,NA,NA,NA,NA,NA,NA,NA,hitter,NA,NA,NA,NA,NA,NA,NA,NA,NA,NA
Josue De Paula,30871,0.323,0.5,0.581,11.905,26.19,7.143,0.36,0.466,0.437,-0.029,42,21,800543,NA,NA,NA,NA,NA,NA,NA,NA,NA,NA,NA,NA,NA,NA,NA,NA,NA,NA,NA,NA,NA,hitter,NA,NA,NA,NA,NA,NA,NA,NA,NA,NA
Juan Brito,26693,0.245,0.296,0.387,22.609,6.087,4.348,0.295,0.3,0.288,-0.012,115,24,682877,NA,NA,NA,NA,NA,NA,NA,NA,NA,NA,NA,NA,NA,NA,NA,NA,NA,NA,NA,NA,NA,hitter,NA,NA,NA,NA,NA,NA,NA,NA,NA,NA
Juan Soto,20123,0.275,0.393,0.515,13.485,16.183,9.751,0.268,0.385,0.411,0.026,482,27,665742,0.273,0.405,0.539,18.234,17.969,11.461,0.283,0.401,0.437,0.037,2136,0.002,-0.012,-0.024,-4.749,-1.787,-1.71,-0.015,-0.016,-0.026,-0.01,hitter,0.003,-0.016,-0.021,-4.491,-2.32,-1.27,-0.013,-0.019,-0.025,-0.006
Julio Rodriguez,23697,0.247,0.307,0.401,22.171,7.187,6.116,0.289,0.31,0.334,0.024,654,25,677594,0.27,0.325,0.456,22.989,6.243,7.013,0.317,0.336,0.346,0.011,2037,-0.023,-0.018,-0.055,-0.817,0.944,-0.897,-0.029,-0.026,-0.013,0.013,hitter,-0.022,-0.022,-0.052,-0.559,0.411,-0.458,-0.027,-0.029,-0.012,0.018
Jung Hoo Lee,33824,0.276,0.32,0.404,9.845,5.009,1.9,0.292,0.317,0.315,-0.002,579,27,808982,0.266,0.325,0.397,11.071,7.446,3.035,0.288,0.315,0.32,0.005,775,0.011,-0.006,0.008,-1.226,-2.437,-1.135,0.004,0.002,-0.005,-0.006,hitter,0.012,-0.009,0.011,-0.968,-2.97,-0.696,0.005,-0.002,-0.004,-0.002
Junior Caminero,28163,0.276,0.36,0.524,18.376,11.254,9.117,0.286,0.375,0.364,-0.012,702,22,691406,0.262,0.309,0.518,19.494,6.263,10.125,0.264,0.349,0.339,-0.011,866,0.014,0.051,0.007,-1.118,4.991,-1.008,0.022,0.026,0.025,-0.001,hitter,0.015,0.048,0.01,-0.86,4.458,-0.569,0.023,0.023,0.026,0.004
Junior Perez,23989,0.171,0.194,0.429,38.889,2.778,8.333,0.167,0.264,0.312,0.048,36,24,678577,NA,NA,NA,NA,NA,NA,NA,NA,NA,NA,NA,NA,NA,NA,NA,NA,NA,NA,NA,NA,NA,hitter,NA,NA,NA,NA,NA,NA,NA,NA,NA,NA
Justin Crawford,31791,0.264,0.309,0.353,17.634,5.806,1.505,0.317,0.294,0.284,-0.01,465,22,702222,NA,NA,NA,NA,NA,NA,NA,NA,NA,NA,NA,NA,NA,NA,NA,NA,NA,NA,NA,NA,NA,hitter,NA,NA,NA,NA,NA,NA,NA,NA,NA,NA
Justin Dean,25005,0.375,0.5,0.625,40,20,0,0.75,0.477,0.346,-0.132,10,29,681909,0,0,0,50,0,0,0,0,0.029,0.029,2,0.375,0.5,0.625,-10,20,0,0.75,0.477,0.317,-0.16,hitter,0.376,0.496,0.628,-9.742,19.467,0.439,0.752,0.474,0.318,-0.155
Justin Foscue,27501,0.271,0.332,0.484,25.101,6.883,6.883,0.327,0.354,0.325,-0.029,247,27,679822,0.064,0.096,0.111,38.983,3.39,1.695,0.108,0.095,0.147,0.052,53,0.207,0.236,0.373,-13.882,3.493,5.188,0.219,0.259,0.178,-0.081,hitter,0.208,0.232,0.376,-13.624,2.96,5.627,0.221,0.255,0.179,-0.076
Kaelen Culpepper,35111,0.274,0.328,0.393,21.875,4.688,2.344,0.333,0.32,0.287,-0.033,128,23,701785,NA,NA,NA,NA,NA,NA,NA,NA,NA,NA,NA,NA,NA,NA,NA,NA,NA,NA,NA,NA,NA,hitter,NA,NA,NA,NA,NA,NA,NA,NA,NA,NA
Kahlil Watson,29905,0.239,0.264,0.341,35.165,3.297,4.396,0.364,0.266,0.246,-0.019,91,23,696135,NA,NA,NA,NA,NA,NA,NA,NA,NA,NA,NA,NA,NA,NA,NA,NA,NA,NA,NA,NA,NA,hitter,NA,NA,NA,NA,NA,NA,NA,NA,NA,NA
Kameron Misner,26374,0.22,0.256,0.244,38.636,4.545,0,0.375,0.227,0.209,-0.018,44,28,670224,0.207,0.265,0.333,33.186,7.08,3.097,0.294,0.263,0.241,-0.022,232,0.013,-0.009,-0.089,5.451,-2.534,-3.097,0.081,-0.036,-0.031,0.004,hitter,0.014,-0.013,-0.086,5.709,-3.067,-2.658,0.083,-0.039,-0.03,0.009
Kazuma Okamoto,37123,0.232,0.31,0.452,28.774,9.277,8.019,0.279,0.332,0.328,-0.004,636,30,672960,NA,NA,NA,NA,NA,NA,NA,NA,NA,NA,NA,NA,NA,NA,NA,NA,NA,NA,NA,NA,NA,hitter,NA,NA,NA,NA,NA,NA,NA,NA,NA,NA
Ke'Bryan Hayes,18577,0.141,0.194,0.225,19.835,5.372,4.959,0.155,0.191,0.287,0.096,242,29,663647,0.239,0.29,0.319,19.373,6.071,3.178,0.289,0.27,0.286,0.016,1491,-0.098,-0.096,-0.094,0.461,-0.699,1.781,-0.134,-0.079,0.001,0.08,hitter,-0.097,-0.1,-0.091,0.72,-1.232,2.22,-0.132,-0.082,0.002,0.085
Keibert Ruiz,19610,0.28,0.316,0.443,10.452,4.52,4.237,0.288,0.328,0.288,-0.04,354,27,660688,0.241,0.275,0.351,10.442,3.55,2.715,0.251,0.273,0.289,0.016,1314,0.039,0.042,0.092,0.01,0.97,1.522,0.037,0.055,-0.001,-0.056,hitter,0.04,0.038,0.095,0.269,0.437,1.962,0.038,0.052,0,-0.052
Kenny Piper,29962,0.222,0.364,0.556,27.273,18.182,9.091,0.2,0.394,0.282,-0.112,11,27,700652,NA,NA,NA,NA,NA,NA,NA,NA,NA,NA,NA,NA,NA,NA,NA,NA,NA,NA,NA,NA,NA,hitter,NA,NA,NA,NA,NA,NA,NA,NA,NA,NA
Kerry Carpenter,25961,0.208,0.276,0.416,28.958,6.95,5.792,0.24,0.301,0.295,-0.006,259,28,681481,0.263,0.31,0.515,23.725,5.127,9.136,0.294,0.35,0.346,-0.004,1219,-0.055,-0.034,-0.099,5.232,1.823,-3.344,-0.054,-0.049,-0.051,-0.002,hitter,-0.054,-0.038,-0.096,5.491,1.29,-2.905,-0.052,-0.053,-0.05,0.003
Ketel Marte,13613,0.249,0.316,0.432,13.782,8.173,7.212,0.257,0.324,0.349,0.025,624,32,606466,0.285,0.372,0.527,16.258,11.315,8.824,0.294,0.382,0.385,0.003,1789,-0.036,-0.057,-0.095,-2.476,-3.142,-1.613,-0.037,-0.058,-0.036,0.022,hitter,-0.035,-0.061,-0.092,-2.218,-3.675,-1.173,-0.036,-0.062,-0.035,0.027
Kevin Alcantara,25971,0.24,0.286,0.36,39.286,7.143,3.571,0.357,0.282,0.275,-0.007,28,23,682634,0.271,0.311,0.271,25.556,5.556,0,0.371,0.264,0.362,0.099,22,-0.031,-0.025,0.089,13.73,1.587,3.571,-0.014,0.018,-0.087,-0.105,hitter,-0.03,-0.029,0.092,13.988,1.054,4.011,-0.012,0.014,-0.086,-0.1
Kevin McGonigle,33572,0.278,0.376,0.43,14.144,13.437,5.233,0.305,0.357,0.355,-0.002,707,21,805808,NA,NA,NA,NA,NA,NA,NA,NA,NA,NA,NA,NA,NA,NA,NA,NA,NA,NA,NA,NA,NA,hitter,NA,NA,NA,NA,NA,NA,NA,NA,NA,NA
Kody Clemens,20572,0.239,0.298,0.46,21.784,6.69,7.89,0.263,0.327,0.334,0.008,583,30,665019,0.215,0.278,0.432,24.282,6.891,7.342,0.238,0.304,0.315,0.011,654,0.024,0.021,0.028,-2.498,-0.201,0.548,0.025,0.022,0.019,-0.003,hitter,0.025,0.017,0.031,-2.24,-0.734,0.987,0.027,0.019,0.02,0.001
Konnor Griffin,35376,0.272,0.324,0.404,24.189,5.9,4.72,0.35,0.32,0.316,-0.004,339,20,804606,NA,NA,NA,NA,NA,NA,NA,NA,NA,NA,NA,NA,NA,NA,NA,NA,NA,NA,NA,NA,NA,hitter,NA,NA,NA,NA,NA,NA,NA,NA,NA,NA
Kyle Farmer,14813,0.222,0.211,0.278,26.316,0,5.263,0.286,0.207,0.235,0.028,19,35,571657,0.228,0.289,0.368,21.696,6.358,4.2,0.27,0.288,0.291,0.004,911,-0.006,-0.078,-0.09,4.62,-6.358,1.063,0.016,-0.081,-0.056,0.025,hitter,-0.005,-0.082,-0.087,4.878,-6.891,1.502,0.018,-0.084,-0.055,0.029
Kyle Higashioka,5517,0.218,0.306,0.37,25.269,10.215,5.376,0.261,0.303,0.295,-0.008,186,36,543309,0.234,0.281,0.425,24.441,5.924,6.557,0.269,0.304,0.296,-0.007,850,-0.016,0.025,-0.056,0.828,4.291,-1.181,-0.008,-0.001,-0.001,-0,hitter,-0.015,0.022,-0.053,1.086,3.758,-0.742,-0.006,-0.004,0,0.004
Kyle Isbel,21614,0.224,0.268,0.323,22.91,4.644,1.858,0.278,0.262,0.255,-0.007,323,29,664728,0.245,0.294,0.361,19.059,5.858,2.035,0.294,0.287,0.265,-0.022,1148,-0.02,-0.027,-0.037,3.851,-1.214,-0.178,-0.017,-0.024,-0.01,0.015,hitter,-0.019,-0.03,-0.034,4.109,-1.747,0.262,-0.015,-0.028,-0.008,0.019
Kyle Karros,33252,0.253,0.347,0.414,21.053,11.368,5.474,0.302,0.336,0.334,-0.002,475,23,691720,0.226,0.308,0.277,26.282,9.615,0.641,0.309,0.268,0.261,-0.007,156,0.027,0.04,0.136,-5.229,1.753,4.833,-0.007,0.068,0.073,0.005,hitter,0.028,0.036,0.139,-4.971,1.22,5.272,-0.005,0.064,0.074,0.01
Kyle Manzardo,29794,0.215,0.306,0.378,32.022,10.112,6.742,0.289,0.305,0.307,0.001,356,25,700932,0.234,0.308,0.45,25.552,8.549,7.365,0.269,0.325,0.315,-0.011,687,-0.019,-0.002,-0.072,6.47,1.563,-0.623,0.02,-0.02,-0.008,0.012,hitter,-0.018,-0.006,-0.069,6.728,1.03,-0.184,0.021,-0.024,-0.007,0.017
Kyle Schwarber,16478,0.232,0.354,0.503,31.384,14.979,8.131,0.28,0.368,0.364,-0.004,701,33,656941,0.238,0.363,0.528,27.915,15.337,10.38,0.264,0.378,0.391,0.012,2136,-0.005,-0.008,-0.025,3.469,-0.358,-2.249,0.015,-0.01,-0.027,-0.016,hitter,-0.004,-0.012,-0.022,3.727,-0.891,-1.81,0.017,-0.014,-0.025,-0.011
Kyle Stowers,26151,0.239,0.331,0.459,31.445,10.156,7.227,0.322,0.341,0.329,-0.012,512,28,669065,0.268,0.345,0.492,29.168,9.576,10.323,0.345,0.357,0.355,-0.002,699,-0.029,-0.014,-0.033,2.277,0.581,-3.096,-0.023,-0.016,-0.026,-0.01,hitter,-0.028,-0.018,-0.03,2.535,0.048,-2.657,-0.021,-0.02,-0.025,-0.005
Kyle Teel,33549,0.21,0.336,0.361,35.417,13.194,5.556,0.312,0.317,0.321,0.004,144,24,691019,0.273,0.375,0.411,25.926,12.458,5.724,0.361,0.349,0.337,-0.013,297,-0.063,-0.039,-0.05,9.491,0.737,-0.168,-0.048,-0.032,-0.016,0.017,hitter,-0.062,-0.043,-0.047,9.749,0.204,0.271,-0.047,-0.036,-0.014,0.021
Kyle Tucker,18345,0.233,0.33,0.385,16.746,12.44,4.466,0.257,0.318,0.331,0.013,627,29,663656,0.273,0.383,0.498,14.842,14.607,7.784,0.283,0.376,0.38,0.004,1610,-0.04,-0.052,-0.112,1.905,-2.166,-3.319,-0.026,-0.058,-0.049,0.009,hitter,-0.039,-0.056,-0.109,2.163,-2.699,-2.88,-0.025,-0.062,-0.048,0.014
Kyler Fedko,29930,0,0.105,0,42.105,10.526,0,0,0.074,0.166,0.092,19,26,693459,NA,NA,NA,NA,NA,NA,NA,NA,NA,NA,NA,NA,NA,NA,NA,NA,NA,NA,NA,NA,NA,hitter,NA,NA,NA,NA,NA,NA,NA,NA,NA,NA
Kyren Paris,26420,0,0.167,0,44.444,16.667,0,0,0.116,0.203,0.087,18,24,677347,0.173,0.255,0.337,39.328,8.126,6.717,0.255,0.262,0.264,0.002,245,-0.173,-0.088,-0.337,5.116,8.541,-6.717,-0.255,-0.146,-0.061,0.085,hitter,-0.172,-0.092,-0.334,5.374,8.008,-6.278,-0.254,-0.15,-0.06,0.089
LaMonte Wade Jr.,18126,0.205,0.308,0.346,24.658,13.014,2.055,0.253,0.296,0.268,-0.029,146,32,664774,0.22,0.334,0.333,22.34,13.54,4.604,0.277,0.3,0.325,0.026,1162,-0.015,-0.026,0.013,2.318,-0.527,-2.55,-0.024,-0.003,-0.057,-0.054,hitter,-0.014,-0.029,0.016,2.576,-1.06,-2.11,-0.022,-0.007,-0.056,-0.05
Lane Thomas,16939,0.224,0.318,0.383,24.866,11.765,4.011,0.277,0.313,0.311,-0.001,374,30,657041,0.226,0.295,0.386,27.117,7.997,4.671,0.284,0.297,0.295,-0.003,1352,-0.002,0.023,-0.003,-2.251,3.767,-0.66,-0.007,0.016,0.017,0.001,hitter,-0.001,0.019,0,-1.992,3.234,-0.221,-0.005,0.012,0.018,0.006
Lars Nootbaar,21454,0.239,0.342,0.379,20.958,13.772,6.587,0.287,0.32,0.343,0.022,334,28,663457,0.239,0.334,0.382,20.095,11.828,6.691,0.282,0.315,0.331,0.016,1491,-0.001,0.009,-0.003,0.863,1.944,-0.104,0.005,0.005,0.011,0.006,hitter,0,0.005,0,1.121,1.411,0.335,0.006,0.001,0.012,0.011
Lawrence Butler,22542,0.237,0.326,0.394,25.603,11.317,5.38,0.298,0.319,0.326,0.007,539,25,671732,0.241,0.307,0.428,27.073,8.722,6.261,0.301,0.319,0.315,-0.004,1210,-0.004,0.019,-0.034,-1.47,2.595,-0.88,-0.003,0.001,0.011,0.011,hitter,-0.003,0.015,-0.031,-1.211,2.062,-0.441,-0.002,-0.003,0.012,0.015
Lazaro Montes,30361,0.212,0.305,0.481,40.678,11.864,8.475,0.292,0.334,0.313,-0.021,59,21,703155,NA,NA,NA,NA,NA,NA,NA,NA,NA,NA,NA,NA,NA,NA,NA,NA,NA,NA,NA,NA,NA,hitter,NA,NA,NA,NA,NA,NA,NA,NA,NA,NA
Lenyn Sosa,22896,0.195,0.207,0.283,21.368,0.855,4.274,0.239,0.214,0.249,0.036,117,26,672820,0.259,0.287,0.41,22.65,3.275,6.65,0.304,0.3,0.322,0.021,1086,-0.064,-0.08,-0.127,-1.282,-2.42,-2.376,-0.065,-0.087,-0.073,0.014,hitter,-0.063,-0.084,-0.124,-1.024,-2.953,-1.937,-0.064,-0.091,-0.072,0.019
Leo Bernal,29016,0.284,0.333,0.474,24.51,6.863,6.863,0.338,0.351,0.347,-0.004,102,22,699024,NA,NA,NA,NA,NA,NA,NA,NA,NA,NA,NA,NA,NA,NA,NA,NA,NA,NA,NA,NA,NA,hitter,NA,NA,NA,NA,NA,NA,NA,NA,NA,NA
Leo Jimenez,23782,0.199,0.306,0.259,19.588,9.278,2.577,0.244,0.267,0.314,0.047,194,25,677870,0.195,0.289,0.318,27.468,5.823,5.063,0.254,0.274,0.298,0.024,242,0.004,0.017,-0.059,-7.881,3.456,-2.486,-0.01,-0.007,0.016,0.023,hitter,0.005,0.013,-0.056,-7.623,2.923,-2.047,-0.008,-0.01,0.017,0.027
Leo Rivas,21009,0.153,0.267,0.194,28.378,10.811,0.676,0.226,0.225,0.243,0.018,148,28,660844,0.241,0.371,0.314,23.616,15.99,1.599,0.323,0.317,0.292,-0.025,197,-0.087,-0.103,-0.12,4.762,-5.179,-0.923,-0.097,-0.092,-0.049,0.043,hitter,-0.086,-0.107,-0.117,5.02,-5.712,-0.484,-0.096,-0.096,-0.048,0.048
Leody Taveras,18900,0.219,0.288,0.345,25.726,8.506,2.697,0.288,0.282,0.273,-0.008,482,27,665750,0.228,0.275,0.35,23.117,6.116,4.439,0.28,0.273,0.281,0.008,1263,-0.009,0.013,-0.005,2.609,2.39,-1.742,0.008,0.009,-0.008,-0.016,hitter,-0.008,0.009,-0.002,2.867,1.857,-1.303,0.01,0.005,-0.007,-0.012
Liam Hicks,29844,0.284,0.367,0.434,9.928,10.108,2.888,0.286,0.352,0.319,-0.033,554,27,689414,0.247,0.346,0.346,14.359,11.026,2.564,0.278,0.313,0.315,0.003,390,0.037,0.021,0.088,-4.431,-0.917,0.324,0.007,0.039,0.004,-0.036,hitter,0.038,0.017,0.091,-4.173,-1.45,0.763,0.009,0.036,0.005,-0.031
Logan O'Hoppe,24729,0.219,0.275,0.303,24.453,6.204,6.204,0.28,0.26,0.267,0.007,274,26,681351,0.226,0.277,0.392,30.05,5.796,8.159,0.285,0.291,0.315,0.024,1172,-0.007,-0.003,-0.089,-5.597,0.408,-1.955,-0.005,-0.031,-0.048,-0.017,hitter,-0.006,-0.006,-0.086,-5.339,-0.125,-1.516,-0.003,-0.035,-0.047,-0.012
Logan Porter,20626,0.25,0.5,0.5,33.333,33.333,0,0.5,0.443,0.414,-0.029,6,30,682515,0.167,0.329,0.227,25.301,12.048,1.205,0.227,0.274,0.246,-0.028,47,0.083,0.171,0.273,8.032,21.285,-1.205,0.273,0.169,0.168,-0.001,hitter,0.084,0.167,0.276,8.29,20.752,-0.766,0.274,0.165,0.169,0.004
Lourdes Gurriel Jr.,19238,0.21,0.254,0.29,18.905,4.975,3.483,0.248,0.243,0.273,0.03,201,32,666971,0.26,0.306,0.429,15.78,5.521,5.561,0.276,0.316,0.317,0.001,1691,-0.05,-0.052,-0.139,3.126,-0.546,-2.079,-0.028,-0.073,-0.044,0.029,hitter,-0.049,-0.056,-0.136,3.384,-1.079,-1.639,-0.026,-0.077,-0.043,0.034
LuJames Groover,33552,0.167,0.259,0.271,20.37,9.259,7.407,0.194,0.245,0.286,0.041,54,24,694410,NA,NA,NA,NA,NA,NA,NA,NA,NA,NA,NA,NA,NA,NA,NA,NA,NA,NA,NA,NA,NA,hitter,NA,NA,NA,NA,NA,NA,NA,NA,NA,NA
Lucas Spence,35126,0.218,0.317,0.509,34.921,11.111,6.349,0.276,0.355,0.305,-0.051,63,23,828599,NA,NA,NA,NA,NA,NA,NA,NA,NA,NA,NA,NA,NA,NA,NA,NA,NA,NA,NA,NA,NA,hitter,NA,NA,NA,NA,NA,NA,NA,NA,NA,NA
Luis Arraez,18568,0.31,0.345,0.419,4.275,5.191,1.069,0.311,0.331,0.307,-0.024,655,29,650333,0.306,0.341,0.4,3.762,4.611,1.398,0.308,0.322,0.315,-0.007,1964,0.005,0.005,0.019,0.513,0.58,-0.329,0.002,0.009,-0.008,-0.017,hitter,0.006,0.001,0.022,0.771,0.047,0.11,0.004,0.005,-0.007,-0.012
Luis Campusano,22217,0.265,0.363,0.433,21.371,12.097,5.242,0.318,0.353,0.327,-0.027,248,27,669134,0.219,0.285,0.346,16.501,8.043,3.648,0.241,0.279,0.289,0.01,500,0.046,0.078,0.087,4.87,4.054,1.594,0.078,0.074,0.038,-0.036,hitter,0.047,0.074,0.09,5.128,3.521,2.033,0.079,0.07,0.039,-0.032
Luis Garcia Jr.,20391,0.277,0.309,0.521,17.864,4.604,9.392,0.289,0.355,0.34,-0.014,543,26,671277,0.264,0.3,0.42,15.716,5.175,6.537,0.285,0.309,0.333,0.024,1536,0.013,0.009,0.101,2.148,-0.571,2.855,0.004,0.046,0.007,-0.039,hitter,0.014,0.005,0.104,2.406,-1.104,3.294,0.006,0.042,0.008,-0.034
Luis Lara,30675,0.246,0.311,0.325,21.698,8.491,2.358,0.315,0.286,0.293,0.007,212,21,800325,NA,NA,NA,NA,NA,NA,NA,NA,NA,NA,NA,NA,NA,NA,NA,NA,NA,NA,NA,NA,NA,hitter,NA,NA,NA,NA,NA,NA,NA,NA,NA,NA
Luis Matos,26467,0.2,0.238,0.2,33.333,4.762,0,0.308,0.203,0.13,-0.073,21,24,682641,0.223,0.266,0.389,14.625,5.484,4.509,0.229,0.282,0.277,-0.006,593,-0.023,-0.028,-0.189,18.708,-0.723,-4.509,0.079,-0.08,-0.147,-0.068,hitter,-0.022,-0.032,-0.187,18.966,-1.256,-4.07,0.08,-0.083,-0.146,-0.063
Luis Rengifo,19858,0.24,0.319,0.317,13.842,9.605,3.107,0.272,0.289,0.304,0.015,354,29,650859,0.255,0.306,0.365,18.07,6.253,3.496,0.296,0.295,0.303,0.007,1290,-0.014,0.013,-0.048,-4.228,3.351,-0.388,-0.024,-0.006,0.001,0.008,hitter,-0.013,0.009,-0.045,-3.97,2.818,0.051,-0.023,-0.01,0.002,0.013
Luis Robert Jr.,20043,0.221,0.3,0.407,23.913,10.435,6.522,0.243,0.311,0.321,0.011,230,28,673357,0.229,0.294,0.396,28.696,7.801,6.783,0.291,0.298,0.312,0.014,1451,-0.009,0.006,0.011,-4.783,2.634,-0.261,-0.048,0.012,0.009,-0.003,hitter,-0.008,0.002,0.014,-4.524,2.101,0.178,-0.046,0.009,0.01,0.001
Luis Torrens,15905,0.235,0.295,0.396,20.996,6.406,3.915,0.271,0.304,0.289,-0.015,281,30,620443,0.227,0.286,0.351,20.327,6.703,6.975,0.272,0.281,0.333,0.052,443,0.008,0.009,0.045,0.669,-0.297,-3.061,-0.001,0.023,-0.044,-0.067,hitter,0.009,0.005,0.048,0.928,-0.83,-2.622,0.001,0.019,-0.043,-0.062
Luis Urias,16622,0.25,0.322,0.481,16.949,10.169,5.085,0.25,0.345,0.299,-0.046,59,29,649966,0.221,0.315,0.343,17.084,9.424,3.343,0.246,0.296,0.302,0.006,616,0.029,0.007,0.137,-0.135,0.745,1.742,0.004,0.049,-0.003,-0.052,hitter,0.03,0.003,0.14,0.123,0.212,2.181,0.006,0.045,-0.002,-0.048
Luis Vazquez,23442,NA,NA,NA,NA,NA,NA,NA,NA,NA,NA,0,26,676679,0.15,0.199,0.22,28.664,4.886,6.515,0.194,0.189,0.263,0.074,67,NA,NA,NA,NA,NA,NA,NA,NA,NA,NA,hitter,NA,NA,NA,NA,NA,NA,NA,NA,NA,NA
Luisangel Acuna,26548,0.229,0.261,0.276,19.643,4.018,2.679,0.277,0.241,0.268,0.027,224,24,682668,0.243,0.297,0.318,18.71,6.267,1.751,0.296,0.274,0.275,0.001,233,-0.014,-0.035,-0.041,0.933,-2.249,0.927,-0.018,-0.033,-0.006,0.027,hitter,-0.013,-0.039,-0.038,1.191,-2.782,1.367,-0.017,-0.036,-0.005,0.031
Luke Keaschall,33321,0.282,0.374,0.407,14.032,9.516,2.742,0.317,0.348,0.321,-0.027,620,23,807712,0.302,0.382,0.445,14.01,9.179,3.865,0.34,0.363,0.324,-0.038,207,-0.02,-0.008,-0.038,0.023,0.337,-1.123,-0.023,-0.015,-0.003,0.012,hitter,-0.019,-0.012,-0.035,0.281,-0.196,-0.684,-0.022,-0.018,-0.002,0.016
Luke Maile,13355,0.159,0.229,0.273,29.167,8.333,2.083,0.207,0.228,0.195,-0.033,48,35,571912,0.209,0.299,0.311,30.612,9.452,3.545,0.298,0.277,0.286,0.009,407,-0.05,-0.07,-0.039,-1.446,-1.119,-1.461,-0.091,-0.049,-0.092,-0.042,hitter,-0.049,-0.073,-0.036,-1.187,-1.652,-1.022,-0.089,-0.053,-0.09,-0.038
Luke Raley,19354,0.225,0.284,0.439,32.404,5.226,9.408,0.284,0.313,0.342,0.029,287,31,670042,0.229,0.322,0.411,29.763,7.118,6.455,0.301,0.322,0.316,-0.007,1080,-0.003,-0.038,0.028,2.641,-1.891,2.953,-0.017,-0.01,0.026,0.036,hitter,-0.003,-0.041,0.031,2.9,-2.424,3.392,-0.015,-0.013,0.027,0.04
Luke Williams,19931,NA,1,NA,0,100,0,NA,0.698,0.698,0,1,29,663897,0.154,0.213,0.215,26.377,4.928,2.319,0.212,0.196,0.222,0.026,105,NA,0.787,NA,-26.377,95.072,-2.319,NA,0.502,0.476,-0.026,hitter,NA,0.783,NA,-26.119,94.539,-1.88,NA,0.499,0.477,-0.021
Luken Baker,21497,0.2,0.2,0.2,60,0,0,0.5,0.178,0.123,-0.055,5,29,663609,0.21,0.328,0.346,25.277,15.299,4.435,0.273,0.303,0.313,0.01,189,-0.01,-0.128,-0.146,34.723,-15.299,-4.435,0.227,-0.125,-0.19,-0.066,hitter,-0.009,-0.132,-0.143,34.981,-15.832,-3.995,0.229,-0.128,-0.189,-0.061
MJ Melendez,22197,0.192,0.315,0.35,34.722,11.806,5.556,0.284,0.302,0.28,-0.022,144,27,669004,0.196,0.267,0.366,27.368,7.982,5.789,0.242,0.277,0.304,0.027,1118,-0.004,0.047,-0.016,7.354,3.823,-0.234,0.042,0.025,-0.023,-0.048,hitter,-0.003,0.043,-0.013,7.612,3.29,0.205,0.043,0.022,-0.022,-0.044
Maikel Garcia,22715,0.268,0.334,0.381,14.535,9.302,3.198,0.309,0.318,0.318,0,344,26,672580,0.266,0.326,0.402,14.748,8.282,3.722,0.298,0.317,0.322,0.004,1807,0.001,0.008,-0.021,-0.213,1.02,-0.524,0.011,0,-0.004,-0.004,hitter,0.002,0.005,-0.018,0.046,0.487,-0.085,0.013,-0.003,-0.003,0.001
Manny Machado,11493,0.217,0.303,0.407,21.27,11.226,6.499,0.231,0.31,0.328,0.018,677,33,592518,0.273,0.33,0.464,19.189,7.77,8.733,0.302,0.34,0.347,0.007,1922,-0.056,-0.027,-0.057,2.081,3.456,-2.234,-0.071,-0.03,-0.019,0.011,hitter,-0.055,-0.031,-0.054,2.339,2.923,-1.795,-0.069,-0.034,-0.018,0.016
Marcell Ozuna,10324,0.203,0.286,0.327,28.571,9.643,4.643,0.264,0.276,0.304,0.028,280,35,542303,0.263,0.363,0.473,24.288,13.337,8.369,0.311,0.361,0.376,0.014,1872,-0.06,-0.077,-0.147,4.284,-3.694,-3.726,-0.047,-0.086,-0.072,0.014,hitter,-0.059,-0.081,-0.144,4.542,-4.227,-3.287,-0.046,-0.089,-0.071,0.018
Marcelo Mayer,29668,0.209,0.275,0.295,20.816,7.347,4.49,0.254,0.258,0.257,-0.001,245,23,691785,0.228,0.272,0.402,30.147,5.882,5.882,0.301,0.29,0.263,-0.027,136,-0.019,0.003,-0.106,-9.331,1.465,-1.393,-0.047,-0.032,-0.006,0.026,hitter,-0.018,-0.001,-0.103,-9.073,0.932,-0.953,-0.045,-0.036,-0.005,0.031
Marcus Semien,12533,0.215,0.28,0.34,19.013,8.227,4.205,0.239,0.276,0.3,0.023,547,35,543760,0.239,0.312,0.39,15.958,9.216,4.931,0.256,0.307,0.318,0.011,2005,-0.024,-0.032,-0.05,3.054,-0.99,-0.726,-0.017,-0.031,-0.018,0.012,hitter,-0.023,-0.036,-0.047,3.313,-1.523,-0.287,-0.015,-0.034,-0.017,0.017
Mark Vientos,22184,0.212,0.258,0.394,24.068,5.085,6.78,0.233,0.283,0.304,0.021,295,26,668901,0.244,0.298,0.446,26.88,6.624,8.082,0.291,0.32,0.323,0.003,1150,-0.032,-0.041,-0.051,-2.812,-1.539,-1.302,-0.058,-0.037,-0.019,0.018,hitter,-0.031,-0.045,-0.049,-2.554,-2.072,-0.863,-0.057,-0.04,-0.018,0.023
Masataka Yoshida,31837,0.274,0.347,0.399,11.111,9.428,2.694,0.294,0.33,0.318,-0.012,297,32,807799,0.277,0.332,0.412,12.448,5.753,4.847,0.297,0.325,0.32,-0.005,1206,-0.003,0.015,-0.012,-1.337,3.674,-2.153,-0.003,0.005,-0.002,-0.007,hitter,-0.002,0.011,-0.01,-1.078,3.141,-1.714,-0.001,0.001,-0.001,-0.002
Masyn Winn,27479,0.232,0.308,0.317,21.805,9.023,2.256,0.292,0.283,0.296,0.013,532,24,691026,0.256,0.309,0.381,18.234,6.402,3.19,0.299,0.302,0.288,-0.014,1311,-0.024,-0.001,-0.064,3.571,2.621,-0.935,-0.007,-0.019,0.009,0.028,hitter,-0.023,-0.005,-0.061,3.829,2.088,-0.496,-0.005,-0.023,0.01,0.032
Matt Chapman,16505,0.235,0.324,0.368,23.011,10.511,4.261,0.293,0.309,0.286,-0.023,352,33,656305,0.238,0.334,0.442,24.418,11.718,7.37,0.284,0.337,0.34,0.003,1763,-0.004,-0.011,-0.074,-1.407,-1.207,-3.108,0.008,-0.028,-0.054,-0.026,hitter,-0.003,-0.014,-0.071,-1.148,-1.74,-2.669,0.01,-0.032,-0.053,-0.021
Matt McLain,29695,0.185,0.274,0.334,28.024,9.677,5.444,0.232,0.272,0.293,0.02,496,26,680574,0.228,0.307,0.364,28.893,9.307,4.927,0.304,0.297,0.296,-0.001,980,-0.043,-0.033,-0.03,-0.869,0.371,0.517,-0.072,-0.024,-0.003,0.021,hitter,-0.042,-0.037,-0.027,-0.611,-0.162,0.956,-0.07,-0.028,-0.002,0.026
Matt Olson,14344,0.251,0.321,0.502,24.499,9.169,9.312,0.277,0.351,0.351,-0,698,32,621566,0.265,0.358,0.488,24.347,12.072,8.757,0.316,0.363,0.358,-0.005,2129,-0.014,-0.037,0.014,0.151,-2.903,0.555,-0.04,-0.012,-0.007,0.005,hitter,-0.013,-0.041,0.017,0.41,-3.436,0.995,-0.038,-0.015,-0.006,0.01
Matt Shaw,33322,0.237,0.327,0.41,17.327,10.396,2.97,0.267,0.325,0.303,-0.022,202,24,807713,0.226,0.295,0.394,21.51,8.696,4.805,0.262,0.3,0.302,0.002,437,0.011,0.031,0.016,-4.184,1.7,-1.835,0.005,0.025,0.001,-0.023,hitter,0.011,0.028,0.019,-3.925,1.167,-1.396,0.006,0.021,0.002,-0.019
Matt Vierling,21558,0.207,0.255,0.335,16.838,6.529,3.78,0.23,0.258,0.304,0.045,291,29,663837,0.254,0.315,0.395,21.787,7.397,5.383,0.307,0.31,0.317,0.007,1197,-0.048,-0.06,-0.061,-4.948,-0.867,-1.603,-0.077,-0.051,-0.013,0.038,hitter,-0.047,-0.064,-0.058,-4.69,-1.4,-1.163,-0.075,-0.055,-0.012,0.043
Matt Wallner,26466,0.167,0.259,0.292,39.259,7.407,5.185,0.254,0.253,0.281,0.028,135,28,670242,0.221,0.332,0.483,31.198,11.011,8.208,0.273,0.351,0.339,-0.012,907,-0.054,-0.073,-0.191,8.061,-3.604,-3.023,-0.019,-0.098,-0.058,0.04,hitter,-0.053,-0.076,-0.188,8.32,-4.137,-2.584,-0.018,-0.102,-0.057,0.045
Matthew Lugo,25980,0.143,0.2,0.143,40,6.667,0,0.25,0.165,0.125,-0.04,15,25,683090,0.232,0.243,0.464,34.286,0,8.571,0.293,0.299,0.26,-0.038,70,-0.089,-0.043,-0.321,5.714,6.667,-8.571,-0.043,-0.133,-0.135,-0.001,hitter,-0.088,-0.047,-0.318,5.972,6.134,-8.132,-0.041,-0.137,-0.134,0.003
Mauricio Dubon,16530,0.276,0.321,0.399,11.793,5.654,3.231,0.298,0.317,0.304,-0.013,619,31,643289,0.256,0.294,0.364,11.816,4.965,1.806,0.277,0.288,0.279,-0.008,1318,0.021,0.027,0.034,-0.023,0.689,1.425,0.021,0.029,0.025,-0.004,hitter,0.022,0.023,0.037,0.235,0.156,1.865,0.023,0.025,0.026,0.001
Maverick Handley,26106,0,0,0,100,0,0,NA,0,0,0,1,28,668974,0.073,0.133,0.073,38.298,4.255,0,0.125,0.106,0.177,0.072,47,-0.073,-0.133,-0.073,61.702,-4.255,0,NA,-0.106,-0.177,-0.072,hitter,-0.072,-0.137,-0.07,61.96,-4.788,0.439,NA,-0.109,-0.176,-0.067
Max Clark,33381,0.272,0.35,0.417,20.388,8.738,1.456,0.338,0.337,0.314,-0.023,206,21,703601,NA,NA,NA,NA,NA,NA,NA,NA,NA,NA,NA,NA,NA,NA,NA,NA,NA,NA,NA,NA,NA,hitter,NA,NA,NA,NA,NA,NA,NA,NA,NA,NA
Max Kepler,12144,0.205,0.262,0.303,22.069,7.586,5.517,0.25,0.25,0.27,0.02,145,33,596146,0.232,0.304,0.399,19.985,8.65,7.023,0.26,0.306,0.326,0.021,1364,-0.028,-0.042,-0.096,2.084,-1.063,-1.506,-0.01,-0.056,-0.056,-0,hitter,-0.027,-0.046,-0.093,2.342,-1.596,-1.067,-0.008,-0.06,-0.055,0.004
Max Muncy,13301,0.252,0.348,0.49,24.955,11.586,8.021,0.294,0.361,0.349,-0.013,561,35,571970,0.235,0.364,0.477,23.514,15.892,7.74,0.257,0.361,0.366,0.005,1260,0.017,-0.017,0.013,1.442,-4.305,0.282,0.037,-0,-0.017,-0.017,hitter,0.018,-0.02,0.016,1.7,-4.838,0.721,0.038,-0.004,-0.016,-0.013
Max Muncy,29779,0.23,0.296,0.387,32.042,7.394,6.338,0.314,0.3,0.288,-0.013,284,23,691777,0.214,0.259,0.379,30.909,4.545,6.364,0.269,0.277,0.267,-0.01,220,0.017,0.037,0.008,1.133,2.849,-0.026,0.045,0.024,0.021,-0.003,hitter,0.018,0.033,0.011,1.391,2.316,0.414,0.047,0.02,0.022,0.002
Max Schuemann,24488,0.194,0.333,0.361,24.138,13.793,5.747,0.245,0.317,0.312,-0.005,87,29,680474,0.21,0.304,0.293,21.785,10.278,2.785,0.263,0.273,0.297,0.024,672,-0.015,0.029,0.068,2.353,3.515,2.963,-0.018,0.044,0.015,-0.029,hitter,-0.014,0.026,0.071,2.611,2.982,3.402,-0.017,0.04,0.016,-0.024
Michael Arroyo,30384,0.371,0.439,0.514,14.634,12.195,2.439,0.414,0.414,0.375,-0.039,41,21,703197,NA,NA,NA,NA,NA,NA,NA,NA,NA,NA,NA,NA,NA,NA,NA,NA,NA,NA,NA,NA,NA,hitter,NA,NA,NA,NA,NA,NA,NA,NA,NA,NA
Michael Busch,26319,0.242,0.352,0.393,23.239,12.958,5.634,0.298,0.333,0.331,-0.002,710,28,683737,0.255,0.338,0.489,25.474,10.059,9.426,0.301,0.355,0.355,-0,1240,-0.013,0.014,-0.096,-2.235,2.899,-3.793,-0.003,-0.022,-0.024,-0.002,hitter,-0.012,0.01,-0.093,-1.977,2.366,-3.353,-0.002,-0.026,-0.023,0.003
Michael Conforto,16376,0.24,0.331,0.469,25.478,11.146,7.325,0.278,0.344,0.332,-0.011,314,33,624424,0.216,0.309,0.378,24.404,10.518,6.485,0.261,0.304,0.336,0.033,1444,0.024,0.022,0.09,1.073,0.629,0.84,0.017,0.04,-0.004,-0.044,hitter,0.025,0.018,0.093,1.332,0.096,1.279,0.018,0.036,-0.003,-0.039
Michael Harris II,25931,0.294,0.321,0.491,19.163,3.704,7.89,0.33,0.349,0.342,-0.008,621,25,671739,0.257,0.285,0.419,19.849,3.376,7.14,0.292,0.301,0.327,0.026,1650,0.037,0.037,0.072,-0.686,0.328,0.75,0.038,0.048,0.015,-0.034,hitter,0.038,0.033,0.075,-0.428,-0.205,1.19,0.04,0.045,0.016,-0.029
Michael Helman,24605,0.167,0.235,0.3,17.143,2.857,0,0.167,0.239,0.2,-0.039,35,30,680737,0.236,0.29,0.457,19.655,6.034,6.034,0.256,0.32,0.243,-0.078,120,-0.07,-0.055,-0.157,-2.512,-3.177,-6.034,-0.09,-0.081,-0.042,0.039,hitter,-0.069,-0.059,-0.154,-2.254,-3.71,-5.595,-0.088,-0.085,-0.041,0.044
Michael Massey,27684,0.274,0.305,0.43,16.593,4.646,4.867,0.303,0.316,0.307,-0.01,452,28,686681,0.247,0.278,0.373,16.541,3.912,4.496,0.273,0.282,0.29,0.008,1094,0.027,0.027,0.057,0.052,0.734,0.372,0.03,0.035,0.017,-0.018,hitter,0.028,0.023,0.06,0.31,0.201,0.811,0.032,0.031,0.018,-0.013
Michael Siani,22557,0,0,0,0,0,0,0,0,0.292,0.292,1,26,672279,0.228,0.287,0.279,28.286,6.709,1.36,0.326,0.256,0.249,-0.007,359,-0.228,-0.287,-0.279,-28.286,-6.709,-1.36,-0.326,-0.256,0.043,0.299,hitter,-0.227,-0.291,-0.277,-28.028,-7.242,-0.921,-0.324,-0.26,0.044,0.304
Michael Stefanic,25353,0.346,0.414,0.385,20.69,10.345,0,0.45,0.361,0.329,-0.032,29,30,683021,0.219,0.306,0.251,14.613,9.331,1.408,0.263,0.26,0.266,0.006,220,0.127,0.108,0.134,6.077,1.014,-1.408,0.187,0.102,0.063,-0.038,hitter,0.128,0.104,0.137,6.335,0.481,-0.969,0.189,0.098,0.065,-0.033
Michael Toglia,25845,0.115,0.179,0.192,42.857,7.143,0,0.214,0.172,0.222,0.05,28,27,669911,0.2,0.279,0.393,35.846,9.717,7.069,0.275,0.291,0.307,0.017,947,-0.085,-0.1,-0.2,7.012,-2.574,-7.069,-0.06,-0.119,-0.085,0.034,hitter,-0.084,-0.104,-0.197,7.27,-3.107,-6.63,-0.059,-0.123,-0.084,0.039
Mickey Gasper,24759,0.251,0.357,0.466,17.333,12,7.111,0.266,0.361,0.353,-0.008,225,30,681508,0.142,0.252,0.208,20.032,10.016,0.808,0.162,0.221,0.244,0.024,133,0.11,0.105,0.258,-2.699,1.984,6.303,0.103,0.14,0.109,-0.031,hitter,0.11,0.101,0.261,-2.441,1.451,6.743,0.105,0.137,0.11,-0.027
Mickey Moniak,19956,0.238,0.278,0.48,27.523,5.046,6.422,0.272,0.322,0.279,-0.043,436,28,666160,0.254,0.293,0.472,25.889,4.688,8.449,0.302,0.325,0.317,-0.008,1202,-0.017,-0.015,0.008,1.634,0.358,-2.027,-0.03,-0.004,-0.038,-0.035,hitter,-0.016,-0.019,0.011,1.892,-0.175,-1.588,-0.028,-0.007,-0.037,-0.03
Miguel Amaya,21693,0.237,0.34,0.377,26.378,9.055,4.724,0.315,0.324,0.295,-0.028,254,27,665804,0.245,0.299,0.4,19.091,5.739,4.148,0.279,0.304,0.301,-0.002,622,-0.008,0.041,-0.023,7.287,3.316,0.577,0.036,0.02,-0.006,-0.026,hitter,-0.007,0.037,-0.02,7.545,2.783,1.016,0.037,0.016,-0.005,-0.021
Miguel Andujar,15878,0.259,0.303,0.423,14.961,4.331,3.543,0.291,0.314,0.298,-0.016,254,31,609280,0.304,0.339,0.438,13.953,4.724,3.307,0.335,0.336,0.293,-0.043,750,-0.045,-0.036,-0.016,1.007,-0.393,0.237,-0.044,-0.023,0.005,0.027,hitter,-0.044,-0.04,-0.013,1.265,-0.926,0.676,-0.043,-0.026,0.006,0.032
Miguel Rojas,7802,0.267,0.312,0.391,10.714,6.349,3.968,0.279,0.306,0.31,0.003,252,37,500743,0.266,0.321,0.391,12.587,7.122,2.683,0.289,0.311,0.297,-0.015,1077,0.001,-0.009,0,-1.873,-0.772,1.285,-0.011,-0.005,0.013,0.018,hitter,0.002,-0.013,0.003,-1.615,-1.305,1.724,-0.009,-0.009,0.014,0.022
Miguel Vargas,20178,0.25,0.363,0.474,17.898,14.347,8.665,0.261,0.363,0.378,0.015,704,26,678246,0.216,0.303,0.372,18.964,10.181,5.777,0.244,0.298,0.307,0.009,1110,0.034,0.06,0.102,-1.066,4.165,2.888,0.018,0.065,0.072,0.006,hitter,0.035,0.056,0.105,-0.808,3.632,3.327,0.019,0.062,0.073,0.011
Mike Trout,10155,0.242,0.382,0.421,26.025,16.877,8.833,0.311,0.354,0.381,0.027,634,34,545361,0.234,0.356,0.456,30.54,15,8.523,0.298,0.348,0.367,0.019,1044,0.007,0.026,-0.035,-4.515,1.877,0.31,0.013,0.006,0.014,0.008,hitter,0.008,0.023,-0.032,-4.256,1.344,0.749,0.015,0.002,0.015,0.013
Mike Yastrzemski,14854,0.224,0.309,0.38,24.02,10.049,4.412,0.273,0.306,0.309,0.002,408,35,573262,0.232,0.323,0.417,22.012,11.3,6.074,0.271,0.321,0.32,-0.001,1413,-0.008,-0.014,-0.038,2.008,-1.251,-1.663,0.002,-0.015,-0.012,0.003,hitter,-0.007,-0.018,-0.035,2.266,-1.784,-1.224,0.004,-0.019,-0.01,0.008
Miles Mastrobuoni,20017,0.192,0.241,0.192,33.333,6.667,0,0.294,0.202,0.184,-0.018,30,30,670156,0.235,0.303,0.279,16.99,8.867,1.714,0.284,0.265,0.313,0.048,430,-0.043,-0.062,-0.087,16.344,-2.201,-1.714,0.01,-0.064,-0.129,-0.066,hitter,-0.042,-0.065,-0.084,16.602,-2.734,-1.275,0.012,-0.067,-0.128,-0.061
Mitch Garver,15161,0.175,0.302,0.294,32.886,14.765,4.698,0.247,0.278,0.301,0.023,149,35,641598,0.2,0.3,0.359,28.567,11.446,5.091,0.25,0.293,0.3,0.007,1064,-0.026,0.002,-0.066,4.319,3.319,-0.393,-0.003,-0.015,0.001,0.016,hitter,-0.025,-0.002,-0.063,4.577,2.786,0.046,-0.002,-0.018,0.002,0.02
Moises Ballesteros,28820,0.215,0.281,0.331,23.295,8.523,5.682,0.257,0.274,0.29,0.016,352,22,694208,0.298,0.394,0.474,18.182,13.636,4.545,0.349,0.374,0.339,-0.035,66,-0.084,-0.113,-0.142,5.114,-5.114,1.136,-0.092,-0.1,-0.049,0.051,hitter,-0.083,-0.116,-0.139,5.372,-5.647,1.576,-0.091,-0.104,-0.048,0.056
Mookie Betts,13611,0.257,0.326,0.454,10.985,8.902,6.25,0.251,0.338,0.339,0.001,528,33,605141,0.272,0.349,0.45,11.123,10.511,4.986,0.274,0.345,0.347,0.002,1872,-0.015,-0.023,0.004,-0.138,-1.61,1.264,-0.023,-0.007,-0.007,-0.001,hitter,-0.014,-0.027,0.007,0.12,-2.143,1.704,-0.021,-0.01,-0.006,0.004
Munetaka Murakami,37120,0.207,0.347,0.478,35.443,16.637,9.584,0.263,0.356,0.351,-0.005,553,26,808959,NA,NA,NA,NA,NA,NA,NA,NA,NA,NA,NA,NA,NA,NA,NA,NA,NA,NA,NA,NA,NA,hitter,NA,NA,NA,NA,NA,NA,NA,NA,NA,NA
Myles Straw,17620,0.241,0.304,0.342,13.333,8.182,2.121,0.271,0.288,0.292,0.004,330,31,664702,0.256,0.309,0.348,17.136,6.765,2.321,0.304,0.291,0.288,-0.002,821,-0.015,-0.005,-0.006,-3.802,1.416,-0.2,-0.033,-0.002,0.004,0.006,hitter,-0.014,-0.009,-0.003,-3.544,0.883,0.239,-0.032,-0.006,0.005,0.011
Nasim Nunez,25979,0.209,0.291,0.244,20.081,9.939,0.609,0.267,0.251,0.268,0.017,493,25,683083,0.236,0.32,0.359,20.893,10.951,2.161,0.277,0.302,0.285,-0.017,170,-0.027,-0.029,-0.116,-0.812,-1.012,-1.553,-0.01,-0.052,-0.018,0.034,hitter,-0.026,-0.033,-0.113,-0.554,-1.545,-1.114,-0.008,-0.056,-0.017,0.039
Nate Eaton,25055,0.16,0.3,0.26,26.667,13.333,3.333,0.212,0.268,0.29,0.022,60,29,681987,0.271,0.323,0.347,22.925,6.324,3.953,0.348,0.298,0.282,-0.015,146,-0.111,-0.023,-0.087,3.742,7.009,-0.619,-0.136,-0.03,0.007,0.037,hitter,-0.11,-0.027,-0.084,4,6.476,-0.18,-0.134,-0.034,0.008,0.042
Nate Furman,31988,0.125,0.243,0.125,25.641,12.821,0,0.182,0.191,0.227,0.037,39,24,801501,NA,NA,NA,NA,NA,NA,NA,NA,NA,NA,NA,NA,NA,NA,NA,NA,NA,NA,NA,NA,NA,hitter,NA,NA,NA,NA,NA,NA,NA,NA,NA,NA
Nathan Church,31357,0.247,0.29,0.364,17.234,5.319,4.043,0.278,0.288,0.283,-0.005,470,25,701675,0.179,0.254,0.25,27.692,4.615,1.538,0.237,0.232,0.247,0.016,65,0.068,0.036,0.114,-10.458,0.704,2.504,0.041,0.056,0.036,-0.021,hitter,0.069,0.032,0.117,-10.2,0.171,2.943,0.043,0.052,0.037,-0.016
Nathan Lukes,18123,0.277,0.327,0.387,14.222,5.556,2,0.306,0.317,0.293,-0.024,450,31,664770,0.259,0.327,0.41,13.472,8.982,3.569,0.278,0.32,0.315,-0.005,560,0.018,-0,-0.023,0.75,-3.426,-1.569,0.028,-0.003,-0.022,-0.019,hitter,0.019,-0.004,-0.02,1.008,-3.959,-1.129,0.029,-0.007,-0.021,-0.014
Nathaniel Lowe,19566,0.252,0.317,0.444,23.077,8.858,5.594,0.289,0.328,0.335,0.007,429,30,663993,0.244,0.331,0.392,24.433,11.274,4.173,0.303,0.318,0.316,-0.002,1898,0.008,-0.014,0.052,-1.356,-2.416,1.422,-0.014,0.011,0.019,0.009,hitter,0.009,-0.018,0.055,-1.098,-2.949,1.861,-0.012,0.007,0.021,0.013
Nelson Velazquez,23359,0.188,0.257,0.406,33.628,7.965,7.965,0.22,0.286,0.34,0.053,113,27,676369,0.207,0.28,0.412,26.928,8.17,7.25,0.234,0.298,0.318,0.02,409,-0.019,-0.023,-0.006,6.701,-0.206,0.715,-0.014,-0.012,0.021,0.033,hitter,-0.018,-0.027,-0.003,6.959,-0.739,1.154,-0.012,-0.016,0.022,0.038
Nick Allen,22277,0.283,0.327,0.393,19.753,6.173,1.235,0.336,0.316,0.246,-0.07,162,27,669397,0.216,0.274,0.255,22.283,6.865,0.22,0.281,0.241,0.248,0.008,850,0.067,0.053,0.138,-2.53,-0.692,1.014,0.055,0.076,-0.002,-0.078,hitter,0.068,0.049,0.141,-2.272,-1.225,1.453,0.057,0.072,-0.001,-0.073
Nick Castellanos,11737,0.191,0.221,0.339,27.869,4.098,5.738,0.228,0.239,0.285,0.047,122,34,592206,0.254,0.302,0.42,22.653,5.704,5.668,0.301,0.312,0.315,0.004,1919,-0.063,-0.081,-0.081,5.216,-1.605,0.07,-0.073,-0.073,-0.03,0.043,hitter,-0.062,-0.084,-0.078,5.474,-2.138,0.509,-0.071,-0.077,-0.029,0.048
Nick Fortes,21538,0.258,0.304,0.376,13.932,3.715,1.858,0.286,0.301,0.273,-0.028,323,29,663743,0.225,0.277,0.33,16.43,4.728,2.403,0.255,0.268,0.259,-0.009,900,0.033,0.027,0.046,-2.498,-1.013,-0.546,0.031,0.033,0.014,-0.019,hitter,0.034,0.023,0.049,-2.24,-1.546,-0.107,0.033,0.029,0.015,-0.014
Nick Gonzales,27490,0.303,0.367,0.388,16.283,7.072,2.303,0.36,0.338,0.327,-0.012,608,27,693304,0.262,0.302,0.374,18.714,4.956,4.266,0.31,0.294,0.299,0.005,923,0.042,0.065,0.014,-2.431,2.116,-1.963,0.05,0.044,0.028,-0.017,hitter,0.043,0.061,0.017,-2.173,1.583,-1.524,0.052,0.04,0.029,-0.012
Nick Kurtz,35110,0.256,0.396,0.483,32.488,18.203,8.756,0.363,0.381,0.374,-0.007,434,23,701762,0.29,0.383,0.619,30.879,12.883,10.225,0.364,0.419,0.372,-0.047,489,-0.035,0.013,-0.136,1.609,5.319,-1.469,-0.001,-0.038,0.002,0.04,hitter,-0.034,0.009,-0.133,1.867,4.786,-1.03,0,-0.042,0.003,0.045
Nick Loftin,27630,0.24,0.322,0.388,17.136,9.624,3.052,0.276,0.315,0.293,-0.022,426,27,679845,0.207,0.284,0.321,14.398,8.613,4.011,0.228,0.269,0.291,0.021,427,0.033,0.039,0.067,2.738,1.012,-0.959,0.047,0.046,0.002,-0.044,hitter,0.034,0.035,0.07,2.996,0.479,-0.52,0.049,0.042,0.003,-0.039
Nick Madrigal,20521,0.278,0.365,0.315,4.762,11.111,0,0.288,0.313,0.293,-0.02,63,29,663611,0.242,0.296,0.305,9.375,3.819,0.347,0.267,0.27,0.282,0.012,388,0.035,0.069,0.01,-4.613,7.292,-0.347,0.022,0.043,0.011,-0.032,hitter,0.036,0.066,0.013,-4.355,6.759,0.092,0.023,0.039,0.012,-0.028
Nick Morabito,32119,0.195,0.283,0.244,34.783,6.522,0,0.32,0.248,0.296,0.048,46,23,703492,NA,NA,NA,NA,NA,NA,NA,NA,NA,NA,NA,NA,NA,NA,NA,NA,NA,NA,NA,NA,NA,hitter,NA,NA,NA,NA,NA,NA,NA,NA,NA,NA
Nick Sogard,25483,0.255,0.342,0.385,20.217,11.191,3.249,0.313,0.325,0.311,-0.014,277,28,686765,0.264,0.32,0.338,25.064,5.913,2.956,0.36,0.293,0.305,0.012,190,-0.009,0.022,0.047,-4.848,5.279,0.293,-0.047,0.032,0.006,-0.026,hitter,-0.008,0.018,0.05,-4.59,4.746,0.732,-0.046,0.029,0.008,-0.021
Nick Solak,19294,0.143,0.3,0.143,0,10,10,0.125,0.232,0.373,0.141,10,31,669256,0.091,0.091,0.091,18.182,0,0,0.111,0.08,0.141,0.061,11,0.052,0.209,0.052,-18.182,10,10,0.014,0.151,0.232,0.081,hitter,0.053,0.205,0.055,-17.924,9.467,10.439,0.016,0.148,0.233,0.086
Nick Yorke,27504,0.212,0.284,0.279,22.222,7.692,3.419,0.269,0.258,0.289,0.03,117,24,694377,0.228,0.27,0.333,22.84,5.556,3.498,0.276,0.265,0.288,0.023,114,-0.017,0.015,-0.054,-0.617,2.137,-0.079,-0.007,-0.006,0,0.007,hitter,-0.016,0.011,-0.052,-0.359,1.604,0.36,-0.005,-0.01,0.001,0.012
Nicky Lopez,19339,0.27,0.322,0.312,16.296,4.444,0,0.325,0.286,0.27,-0.016,270,31,670032,0.224,0.303,0.276,15.026,9.039,0.979,0.267,0.265,0.269,0.004,735,0.046,0.018,0.036,1.27,-4.594,-0.979,0.057,0.02,0.001,-0.02,hitter,0.047,0.015,0.039,1.529,-5.127,-0.54,0.059,0.017,0.002,-0.015
Nico Hoerner,21479,0.263,0.316,0.35,8.418,6.241,1.161,0.275,0.297,0.322,0.025,689,29,663538,0.288,0.342,0.386,8.982,6.421,1.571,0.308,0.32,0.318,-0.002,1978,-0.025,-0.026,-0.036,-0.564,-0.18,-0.41,-0.032,-0.023,0.004,0.027,hitter,-0.024,-0.029,-0.033,-0.306,-0.713,0.029,-0.03,-0.027,0.005,0.032
Noelvi Marte,26517,0.189,0.229,0.321,25.871,4.975,3.483,0.226,0.242,0.237,-0.005,201,24,682622,0.25,0.289,0.408,25.481,4.341,5.738,0.309,0.301,0.296,-0.005,725,-0.061,-0.06,-0.087,0.389,0.634,-2.255,-0.083,-0.06,-0.059,0,hitter,-0.06,-0.064,-0.084,0.647,0.101,-1.816,-0.082,-0.063,-0.058,0.005
Nolan Arenado,9777,0.255,0.331,0.475,20.033,8.681,4.841,0.275,0.349,0.3,-0.049,599,35,571448,0.255,0.307,0.395,13.242,6.664,3.236,0.268,0.303,0.296,-0.007,1683,0,0.024,0.08,6.791,2.017,1.605,0.007,0.046,0.004,-0.042,hitter,0.001,0.02,0.083,7.049,1.484,2.044,0.009,0.042,0.005,-0.037
Nolan Gorman,22263,0.184,0.272,0.308,32.45,10.927,5.629,0.247,0.26,0.278,0.018,302,26,669357,0.208,0.292,0.394,34.81,10.598,6.821,0.283,0.298,0.307,0.009,1268,-0.024,-0.02,-0.085,-2.359,0.329,-1.192,-0.036,-0.038,-0.029,0.009,hitter,-0.023,-0.024,-0.083,-2.101,-0.204,-0.752,-0.035,-0.042,-0.028,0.014
Nolan Schanuel,33189,0.276,0.351,0.385,13.004,9.417,1.794,0.304,0.328,0.334,0.006,446,24,694384,0.259,0.351,0.377,14.31,10.874,2.975,0.287,0.323,0.324,0.002,1303,0.016,-0,0.008,-1.305,-1.457,-1.181,0.017,0.005,0.01,0.005,hitter,0.017,-0.004,0.011,-1.047,-1.99,-0.742,0.019,0.002,0.011,0.009
Oliver Dunn,26295,0.091,0.167,0.091,25,8.333,0,0.125,0.132,0.207,0.074,12,28,686554,0.2,0.252,0.28,33.849,5.416,1.741,0.308,0.236,0.252,0.016,145,-0.109,-0.085,-0.189,-8.849,2.917,-1.741,-0.183,-0.104,-0.045,0.058,hitter,-0.108,-0.089,-0.186,-8.591,2.384,-1.302,-0.182,-0.107,-0.044,0.063
Omar Martinez,25369,0.333,0.333,0.333,33.333,0,0,0.5,0.297,0.111,-0.185,3,24,683079,NA,NA,NA,NA,NA,NA,NA,NA,NA,NA,NA,NA,NA,NA,NA,NA,NA,NA,NA,NA,NA,hitter,NA,NA,NA,NA,NA,NA,NA,NA,NA,NA
Oneil Cruz,21711,0.28,0.368,0.486,33.174,11.217,8.353,0.397,0.371,0.352,-0.019,419,27,665833,0.224,0.309,0.407,31.183,10.533,9.699,0.298,0.309,0.33,0.021,1183,0.056,0.059,0.08,1.991,0.684,-1.346,0.099,0.062,0.022,-0.04,hitter,0.057,0.055,0.083,2.25,0.151,-0.907,0.101,0.058,0.023,-0.035
Orlando Arcia,13185,0.271,0.3,0.354,16,4,2,0.308,0.29,0.245,-0.045,50,31,606115,0.22,0.269,0.344,21.15,6.219,3.403,0.257,0.268,0.262,-0.006,1349,0.051,0.031,0.01,-5.15,-2.219,-1.403,0.051,0.022,-0.017,-0.039,hitter,0.052,0.028,0.013,-4.892,-2.752,-0.964,0.053,0.019,-0.016,-0.034
Osleivis Basabe,23985,0.202,0.268,0.341,20.28,6.294,4.895,0.219,0.271,0.283,0.012,143,25,678545,0.218,0.277,0.31,26.596,6.383,2.128,0.295,0.262,0.258,-0.004,94,-0.017,-0.009,0.031,-6.316,-0.089,2.767,-0.076,0.01,0.025,0.015,hitter,-0.016,-0.013,0.034,-6.058,-0.622,3.207,-0.075,0.006,0.026,0.02
Oswald Peraza,22823,0.226,0.282,0.334,30,4.595,3.784,0.312,0.276,0.272,-0.004,370,26,672724,0.168,0.23,0.258,29.632,6.52,4.067,0.223,0.22,0.254,0.034,467,0.058,0.052,0.076,0.368,-1.926,-0.283,0.09,0.055,0.018,-0.038,hitter,0.059,0.048,0.079,0.626,-2.459,0.156,0.092,0.052,0.019,-0.033
Oswaldo Cabrera,21707,0.182,0.217,0.273,36,4,0,0.308,0.217,0.183,-0.034,25,27,665828,0.24,0.301,0.336,20.125,7.456,1.825,0.287,0.283,0.28,-0.002,778,-0.058,-0.084,-0.063,15.875,-3.456,-1.825,0.02,-0.065,-0.097,-0.032,hitter,-0.057,-0.087,-0.06,16.133,-3.989,-1.386,0.022,-0.069,-0.096,-0.027
Otto Kemp,31792,0.08,0.148,0.08,37.037,3.704,0,0.133,0.119,0.205,0.087,27,26,805249,0.234,0.298,0.411,30.734,5.505,7.339,0.306,0.308,0.31,0.001,218,-0.154,-0.15,-0.331,6.303,-1.801,-7.339,-0.173,-0.19,-0.105,0.085,hitter,-0.153,-0.154,-0.328,6.561,-2.334,-6.9,-0.171,-0.193,-0.103,0.09
Otto Lopez,19608,0.305,0.349,0.437,12.955,5.822,4.803,0.335,0.342,0.327,-0.015,687,27,672640,0.254,0.307,0.371,14.864,6.905,5.056,0.281,0.297,0.325,0.028,1028,0.051,0.042,0.066,-1.909,-1.083,-0.253,0.054,0.045,0.002,-0.043,hitter,0.052,0.038,0.069,-1.651,-1.616,0.186,0.056,0.041,0.003,-0.038
Owen Caissie,27496,0.22,0.288,0.412,37.273,8.182,7.576,0.309,0.304,0.302,-0.001,330,23,683357,0.192,0.222,0.346,40.741,3.704,7.407,0.286,0.245,0.232,-0.013,27,0.028,0.066,0.066,-3.468,4.478,0.168,0.023,0.058,0.07,0.012,hitter,0.029,0.062,0.069,-3.21,3.945,0.608,0.025,0.054,0.071,0.017
Owen Miller,24655,NA,NA,NA,NA,NA,NA,NA,NA,NA,NA,0,29,680911,0.229,0.281,0.308,21.875,5.625,1.667,0.286,0.261,0.266,0.005,358,NA,NA,NA,NA,NA,NA,NA,NA,NA,NA,hitter,NA,NA,NA,NA,NA,NA,NA,NA,NA,NA
Ozzie Albies,16556,0.237,0.293,0.392,15.373,6.735,2.928,0.247,0.298,0.273,-0.025,683,29,645277,0.248,0.309,0.393,14.566,7.585,4.208,0.266,0.306,0.305,-0.001,1762,-0.011,-0.016,-0.001,0.807,-0.85,-1.279,-0.019,-0.007,-0.032,-0.025,hitter,-0.01,-0.02,0.002,1.065,-1.383,-0.84,-0.018,-0.011,-0.031,-0.02
P.J. Higgins,18433,0.231,0.276,0.269,25,6.25,0,0.316,0.245,0.287,0.042,32,33,664731,NA,NA,NA,NA,NA,NA,NA,NA,NA,NA,NA,NA,NA,NA,NA,NA,NA,NA,NA,NA,NA,hitter,NA,NA,NA,NA,NA,NA,NA,NA,NA,NA
Parker Meadows,23800,0.25,0.308,0.333,25.641,5.128,2.564,0.346,0.288,0.25,-0.038,39,26,678009,0.229,0.302,0.377,25.903,9.363,3.992,0.293,0.298,0.296,-0.001,656,0.021,0.006,-0.043,-0.262,-4.235,-1.428,0.053,-0.01,-0.047,-0.036,hitter,0.022,0.002,-0.04,-0.004,-4.768,-0.989,0.055,-0.014,-0.045,-0.032
Patrick Bailey,27478,0.206,0.272,0.335,26.667,8.116,4.928,0.256,0.27,0.307,0.036,345,27,672275,0.227,0.285,0.333,26.914,7.278,3.892,0.301,0.272,0.287,0.015,1253,-0.021,-0.013,0.003,-0.248,0.838,1.036,-0.045,-0.002,0.02,0.022,hitter,-0.02,-0.016,0.005,0.01,0.305,1.475,-0.043,-0.005,0.021,0.026
Patrick Wisdom,13602,0.106,0.16,0.191,42,6,10,0.16,0.151,0.236,0.085,50,34,621550,0.183,0.256,0.431,34.951,7.282,9.587,0.217,0.294,0.307,0.013,476,-0.077,-0.096,-0.24,7.049,-1.282,0.413,-0.057,-0.143,-0.071,0.073,hitter,-0.076,-0.1,-0.237,7.307,-1.815,0.852,-0.055,-0.147,-0.07,0.077
Paul Goldschmidt,9218,0.252,0.313,0.452,22.632,7.632,6.842,0.283,0.33,0.311,-0.019,380,38,502671,0.263,0.323,0.412,22.185,7.671,6.486,0.32,0.318,0.334,0.016,1875,-0.01,-0.009,0.04,0.447,-0.039,0.356,-0.037,0.012,-0.023,-0.035,hitter,-0.01,-0.013,0.043,0.705,-0.572,0.795,-0.035,0.009,-0.022,-0.031
Pavin Smith,19892,0.183,0.262,0.294,20.492,9.836,3.279,0.207,0.252,0.281,0.029,122,30,656976,0.254,0.354,0.448,27.918,13.725,6.956,0.332,0.349,0.337,-0.012,674,-0.07,-0.092,-0.155,-7.426,-3.889,-3.677,-0.125,-0.096,-0.056,0.04,hitter,-0.069,-0.096,-0.152,-7.168,-4.422,-3.238,-0.123,-0.1,-0.055,0.045
Pedro Pages,25782,0.217,0.275,0.312,26.54,6.635,2.844,0.282,0.264,0.273,0.009,211,27,686780,0.232,0.274,0.366,27.28,5.156,4.463,0.293,0.278,0.264,-0.014,607,-0.015,0.001,-0.054,-0.739,1.479,-1.62,-0.011,-0.014,0.009,0.023,hitter,-0.014,-0.003,-0.051,-0.481,0.946,-1.181,-0.009,-0.018,0.01,0.028
Pedro Ramirez,29218,0.261,0.321,0.402,18.421,7.519,3.008,0.303,0.315,0.284,-0.031,266,22,699393,NA,NA,NA,NA,NA,NA,NA,NA,NA,NA,NA,NA,NA,NA,NA,NA,NA,NA,NA,NA,NA,hitter,NA,NA,NA,NA,NA,NA,NA,NA,NA,NA
Pete Alonso,19251,0.267,0.363,0.522,24.143,11.571,9.571,0.299,0.379,0.402,0.023,700,31,624413,0.256,0.338,0.5,23.489,9.224,10.782,0.286,0.357,0.37,0.013,2062,0.011,0.025,0.021,0.654,2.348,-1.211,0.013,0.023,0.032,0.009,hitter,0.012,0.021,0.024,0.912,1.815,-0.772,0.015,0.019,0.033,0.014
Pete Crow-Armstrong,27769,0.28,0.372,0.57,25.758,11.433,8.127,0.327,0.4,0.374,-0.026,726,24,691718,0.243,0.286,0.453,23.996,4.706,8.006,0.28,0.313,0.31,-0.004,1076,0.036,0.086,0.118,1.761,6.727,0.12,0.047,0.086,0.064,-0.022,hitter,0.037,0.082,0.121,2.019,6.194,0.56,0.049,0.083,0.065,-0.017
Petey Halpin,27931,0.225,0.268,0.326,17.949,4.615,4.103,0.257,0.264,0.294,0.03,195,24,690984,0.333,0.5,0.333,25,25,0,0.5,0.393,0.279,-0.114,8,-0.109,-0.232,-0.007,-7.051,-20.385,4.103,-0.243,-0.129,0.016,0.145,hitter,-0.108,-0.235,-0.005,-6.793,-20.918,4.542,-0.241,-0.133,0.017,0.15
Rafael Devers,17350,0.258,0.34,0.525,25.434,10.9,7.899,0.294,0.367,0.342,-0.025,633,29,646240,0.26,0.364,0.493,25.016,13.483,8.896,0.31,0.364,0.367,0.003,1986,-0.002,-0.025,0.032,0.418,-2.582,-0.997,-0.016,0.003,-0.025,-0.029,hitter,-0.001,-0.028,0.035,0.676,-3.115,-0.558,-0.015,-0.001,-0.024,-0.024
Rafael Flores Jr.,31991,0.264,0.331,0.527,27.607,9.202,9.202,0.304,0.367,0.35,-0.017,163,25,804668,0.2,0.294,0.333,41.176,11.765,5.882,0.375,0.281,0.361,0.081,17,0.064,0.037,0.194,-13.569,-2.562,3.32,-0.071,0.087,-0.012,-0.098,hitter,0.064,0.033,0.197,-13.311,-3.095,3.759,-0.069,0.083,-0.011,-0.093
Rafael Marchan,21646,0.099,0.137,0.165,15.789,2.105,2.105,0.095,0.139,0.202,0.063,95,27,665561,0.229,0.296,0.36,14.38,7.784,2.507,0.245,0.29,0.29,0,174,-0.13,-0.159,-0.195,1.41,-5.678,-0.401,-0.15,-0.151,-0.088,0.063,hitter,-0.129,-0.163,-0.192,1.668,-6.211,0.038,-0.149,-0.155,-0.087,0.068
Ramon Laureano,17128,0.203,0.286,0.374,31.553,9.709,8.252,0.268,0.292,0.312,0.02,206,31,657656,0.27,0.33,0.479,26.439,6.709,8.433,0.332,0.347,0.344,-0.004,1201,-0.066,-0.044,-0.105,5.115,3,-0.18,-0.065,-0.056,-0.032,0.024,hitter,-0.065,-0.048,-0.102,5.373,2.467,0.259,-0.063,-0.059,-0.031,0.029
Ramon Urias,18795,0.151,0.26,0.326,18,9,7,0.138,0.265,0.302,0.037,100,32,602104,0.248,0.305,0.393,21.696,7.099,5.685,0.29,0.303,0.3,-0.004,1088,-0.096,-0.045,-0.068,-3.696,1.901,1.315,-0.151,-0.038,0.002,0.041,hitter,-0.095,-0.048,-0.065,-3.438,1.368,1.754,-0.15,-0.042,0.003,0.045
Randal Grichuk,10243,0.287,0.314,0.566,21.786,3.929,8.214,0.318,0.37,0.335,-0.035,280,34,545341,0.254,0.304,0.448,19.437,6.275,7.862,0.284,0.322,0.336,0.014,1043,0.033,0.011,0.118,2.348,-2.346,0.353,0.034,0.048,-0.001,-0.049,hitter,0.034,0.007,0.121,2.606,-2.879,0.792,0.036,0.044,0,-0.044
Randy Arozarena,19290,0.281,0.381,0.484,21.642,10.149,5.075,0.333,0.378,0.348,-0.03,670,31,668227,0.234,0.337,0.414,26.339,10.077,6.349,0.292,0.33,0.329,-0.001,2011,0.048,0.044,0.07,-4.697,0.073,-1.274,0.042,0.048,0.02,-0.029,hitter,0.049,0.04,0.073,-4.439,-0.46,-0.835,0.043,0.045,0.021,-0.024
Raynel Delgado,22272,0.243,0.3,0.351,17.073,7.317,2.439,0.276,0.291,0.265,-0.025,41,26,669384,NA,NA,NA,NA,NA,NA,NA,NA,NA,NA,NA,NA,NA,NA,NA,NA,NA,NA,NA,NA,NA,hitter,NA,NA,NA,NA,NA,NA,NA,NA,NA,NA
Rece Hinds,27493,0.143,0.211,0.222,45.07,7.042,0,0.273,0.198,0.184,-0.014,71,25,677956,0.173,0.217,0.45,41.019,4.558,10.188,0.206,0.282,0.306,0.024,95,-0.03,-0.006,-0.228,4.052,2.485,-10.188,0.067,-0.084,-0.122,-0.038,hitter,-0.029,-0.01,-0.225,4.31,1.952,-9.749,0.069,-0.087,-0.121,-0.034
Reese McGuire,15674,0.172,0.273,0.172,26.471,5.882,0,0.25,0.221,0.242,0.021,34,31,624512,0.226,0.266,0.382,22.101,5.072,5.435,0.25,0.28,0.263,-0.017,504,-0.054,0.006,-0.21,4.369,0.81,-5.435,0,-0.059,-0.02,0.038,hitter,-0.053,0.002,-0.207,4.627,0.277,-4.996,0.002,-0.062,-0.019,0.043
Rhys Hoskins,16472,0.179,0.306,0.376,31.546,14.826,6.625,0.221,0.305,0.297,-0.009,317,33,656555,0.225,0.318,0.417,28.267,10.937,6.8,0.274,0.319,0.308,-0.011,845,-0.047,-0.012,-0.041,3.279,3.889,-0.176,-0.054,-0.014,-0.011,0.003,hitter,-0.046,-0.016,-0.038,3.537,3.357,0.263,-0.052,-0.018,-0.01,0.008
Richie Palacios,24589,0.235,0.33,0.374,17.043,11.529,2.757,0.264,0.316,0.306,-0.01,399,29,680700,0.247,0.352,0.361,19.922,12.868,2.868,0.298,0.319,0.33,0.011,466,-0.013,-0.022,0.013,-2.88,-1.339,-0.111,-0.034,-0.003,-0.024,-0.021,hitter,-0.012,-0.026,0.016,-2.622,-1.872,0.328,-0.033,-0.007,-0.023,-0.016
Rikuu Nishida,33795,0.241,0.241,0.241,16.667,0,0,0.292,0.215,0.247,0.032,30,25,807747,NA,NA,NA,NA,NA,NA,NA,NA,NA,NA,NA,NA,NA,NA,NA,NA,NA,NA,NA,NA,NA,hitter,NA,NA,NA,NA,NA,NA,NA,NA,NA,NA
Riley Greene,25976,0.28,0.37,0.474,26.52,11.993,8.953,0.361,0.366,0.369,0.003,592,25,682985,0.262,0.327,0.485,29.157,8.396,9.535,0.33,0.347,0.343,-0.004,1655,0.018,0.043,-0.012,-2.636,3.597,-0.582,0.031,0.019,0.027,0.008,hitter,0.019,0.039,-0.009,-2.378,3.064,-0.143,0.032,0.015,0.028,0.012
Rob Refsnyder,13770,0.14,0.211,0.254,28.682,6.202,5.426,0.158,0.207,0.255,0.047,129,35,608701,0.273,0.358,0.461,24.943,10.729,6.474,0.341,0.354,0.333,-0.02,759,-0.132,-0.147,-0.206,3.739,-4.527,-1.047,-0.183,-0.147,-0.079,0.068,hitter,-0.132,-0.15,-0.203,3.997,-5.06,-0.608,-0.181,-0.15,-0.078,0.072
Rodolfo Duran,20958,0.146,0.222,0.305,26.374,7.692,5.495,0.164,0.236,0.257,0.02,91,28,660710,NA,NA,NA,NA,NA,NA,NA,NA,NA,NA,NA,NA,NA,NA,NA,NA,NA,NA,NA,NA,NA,hitter,NA,NA,NA,NA,NA,NA,NA,NA,NA,NA
Roman Anthony,31812,0.245,0.339,0.396,27.273,11.983,7.025,0.333,0.326,0.341,0.015,242,22,701350,0.292,0.396,0.463,27.723,13.201,8.911,0.404,0.376,0.372,-0.004,303,-0.047,-0.057,-0.067,-0.45,-1.218,-1.886,-0.07,-0.05,-0.031,0.019,hitter,-0.046,-0.061,-0.064,-0.192,-1.751,-1.447,-0.069,-0.054,-0.03,0.024
Romy Gonzalez,21562,0.185,0.264,0.308,28.767,6.849,2.74,0.256,0.258,0.289,0.03,73,29,663853,0.29,0.328,0.461,25.102,5.224,7.918,0.364,0.337,0.333,-0.004,654,-0.105,-0.064,-0.153,3.665,1.625,-5.179,-0.109,-0.078,-0.044,0.034,hitter,-0.104,-0.068,-0.15,3.923,1.092,-4.739,-0.107,-0.082,-0.043,0.039
Ronald Acuna Jr.,18401,0.255,0.345,0.451,21.962,11.301,8.529,0.292,0.348,0.366,0.018,469,28,660670,0.293,0.405,0.505,21.757,14.909,8.957,0.346,0.393,0.401,0.009,1369,-0.038,-0.059,-0.054,0.205,-3.608,-0.428,-0.055,-0.045,-0.035,0.01,hitter,-0.037,-0.063,-0.051,0.463,-4.141,0.011,-0.053,-0.048,-0.034,0.014
Ronny Mauricio,23698,0.22,0.258,0.441,32.258,3.226,9.677,0.257,0.302,0.289,-0.013,62,25,677595,0.228,0.294,0.367,29.28,7.977,5.253,0.301,0.289,0.286,-0.004,292,-0.008,-0.036,0.074,2.978,-4.751,4.425,-0.044,0.012,0.003,-0.009,hitter,-0.007,-0.039,0.077,3.236,-5.284,4.864,-0.042,0.009,0.004,-0.004
Ronny Simon,25346,0.254,0.299,0.349,16.176,5.882,2.941,0.294,0.288,0.298,0.009,68,26,682927,0.234,0.299,0.273,17.045,9.091,4.545,0.281,0.259,0.295,0.036,88,0.02,-0,0.076,-0.869,-3.209,-1.604,0.013,0.029,0.003,-0.027,hitter,0.021,-0.004,0.079,-0.611,-3.742,-1.165,0.015,0.026,0.004,-0.022
Rowdy Tellez,15679,0.2,0.273,0.5,27.273,9.091,18.182,0.167,0.331,0.506,0.176,11,31,642133,0.233,0.287,0.415,24.197,6.711,7.94,0.265,0.303,0.315,0.013,1084,-0.033,-0.014,0.085,3.076,2.38,10.242,-0.098,0.028,0.191,0.163,hitter,-0.032,-0.018,0.087,3.334,1.847,10.681,-0.097,0.024,0.192,0.168
Royce Lewis,20437,0.227,0.287,0.38,25.54,7.466,7.073,0.279,0.292,0.306,0.014,509,27,668904,0.241,0.293,0.419,20.966,7.092,6.937,0.268,0.307,0.307,0,967,-0.014,-0.006,-0.039,4.574,0.374,0.136,0.011,-0.015,-0.001,0.014,hitter,-0.013,-0.01,-0.036,4.832,-0.159,0.575,0.012,-0.018,0,0.019
Rudy Martin Jr.,18582,0,0.333,0,33.333,33.333,0,0,0.233,0.263,0.031,3,30,657675,NA,NA,NA,NA,NA,NA,NA,NA,NA,NA,NA,NA,NA,NA,NA,NA,NA,NA,NA,NA,NA,hitter,NA,NA,NA,NA,NA,NA,NA,NA,NA,NA
Ryan Bliss,29547,0.125,0.2,0.125,30,10,0,0.167,0.159,0.27,0.111,10,26,669208,0.212,0.286,0.357,29.657,8.578,6.618,0.284,0.285,0.304,0.019,110,-0.087,-0.086,-0.232,0.343,1.422,-6.618,-0.118,-0.126,-0.034,0.092,hitter,-0.086,-0.09,-0.229,0.601,0.889,-6.178,-0.116,-0.13,-0.033,0.097
Ryan Jeffers,24618,0.256,0.353,0.461,17.886,12.466,7.046,0.28,0.354,0.344,-0.01,369,29,680777,0.253,0.337,0.416,20.494,9.358,5.037,0.296,0.33,0.317,-0.013,1264,0.003,0.016,0.044,-2.608,3.108,2.009,-0.015,0.024,0.027,0.003,hitter,0.004,0.012,0.047,-2.35,2.575,2.448,-0.014,0.02,0.028,0.008
Ryan Kreidler,25867,0.218,0.286,0.379,22.846,7.865,5.618,0.259,0.293,0.295,0.002,267,28,668952,0.112,0.191,0.135,36.721,8.776,2.54,0.179,0.16,0.228,0.068,127,0.106,0.094,0.244,-13.874,-0.911,3.078,0.079,0.134,0.067,-0.066,hitter,0.107,0.09,0.246,-13.616,-1.444,3.517,0.081,0.13,0.068,-0.062
Ryan McMahon,15112,0.213,0.279,0.357,29.444,7.778,5.556,0.278,0.282,0.297,0.015,360,31,641857,0.227,0.318,0.392,30.918,11.38,6.591,0.307,0.312,0.324,0.013,1858,-0.013,-0.039,-0.036,-1.473,-3.602,-1.036,-0.029,-0.029,-0.027,0.002,hitter,-0.012,-0.043,-0.033,-1.215,-4.135,-0.597,-0.027,-0.033,-0.026,0.007
Ryan Mountcastle,18373,0.286,0.333,0.357,13.333,6.667,0,0.333,0.309,0.301,-0.008,15,29,663624,0.261,0.3,0.401,24.868,5.111,7.283,0.325,0.303,0.326,0.024,1334,0.025,0.034,-0.044,-11.534,1.555,-7.283,0.008,0.006,-0.026,-0.032,hitter,0.026,0.03,-0.041,-11.276,1.022,-6.844,0.01,0.002,-0.025,-0.027
Ryan O'Hearn,16442,0.265,0.33,0.44,21.951,7.761,4.656,0.307,0.336,0.314,-0.023,451,32,656811,0.276,0.352,0.437,18.249,9.694,5.361,0.314,0.342,0.344,0.002,1406,-0.011,-0.022,0.003,3.702,-1.933,-0.705,-0.006,-0.006,-0.03,-0.025,hitter,-0.01,-0.025,0.006,3.96,-2.466,-0.266,-0.005,-0.009,-0.029,-0.02
Ryan Ritter,31500,0.158,0.2,0.158,38.095,4.762,0,0.273,0.168,0.21,0.041,21,25,690022,0.241,0.296,0.337,29.469,4.831,0.966,0.349,0.28,0.248,-0.032,207,-0.083,-0.096,-0.179,8.627,-0.069,-0.966,-0.076,-0.112,-0.038,0.073,hitter,-0.082,-0.099,-0.176,8.885,-0.602,-0.527,-0.075,-0.115,-0.037,0.078
Ryan Vilade,22165,0.245,0.321,0.429,23.381,9.353,4.676,0.285,0.327,0.327,0,278,27,668723,0.145,0.205,0.19,27.477,7.207,4.955,0.187,0.183,0.262,0.079,64,0.1,0.116,0.239,-4.096,2.145,-0.279,0.098,0.143,0.065,-0.079,hitter,0.101,0.112,0.242,-3.838,1.612,0.16,0.099,0.14,0.066,-0.074
Ryan Waldschmidt,35061,0.256,0.325,0.368,29.93,7.746,3.873,0.37,0.309,0.297,-0.012,284,23,814439,NA,NA,NA,NA,NA,NA,NA,NA,NA,NA,NA,NA,NA,NA,NA,NA,NA,NA,NA,NA,NA,hitter,NA,NA,NA,NA,NA,NA,NA,NA,NA,NA
Ryan Ward,27449,0.218,0.283,0.455,28.333,8.333,6.667,0.257,0.319,0.316,-0.003,60,28,669899,NA,NA,NA,NA,NA,NA,NA,NA,NA,NA,NA,NA,NA,NA,NA,NA,NA,NA,NA,NA,NA,hitter,NA,NA,NA,NA,NA,NA,NA,NA,NA,NA
Sal Frelick,29622,0.23,0.295,0.319,9.896,8.073,1.823,0.246,0.275,0.281,0.006,384,26,686217,0.276,0.34,0.379,14.082,7.975,1.742,0.312,0.318,0.292,-0.026,1341,-0.046,-0.045,-0.061,-4.186,0.098,0.081,-0.066,-0.043,-0.011,0.032,hitter,-0.045,-0.049,-0.058,-3.928,-0.435,0.52,-0.065,-0.046,-0.01,0.036
Sal Stewart,31505,0.263,0.33,0.457,22.143,9,8.143,0.296,0.339,0.343,0.004,700,22,701398,0.255,0.293,0.545,25.862,5.172,12.069,0.257,0.355,0.398,0.044,58,0.009,0.037,-0.088,-3.719,3.828,-3.926,0.039,-0.016,-0.055,-0.04,hitter,0.01,0.033,-0.085,-3.461,3.295,-3.487,0.04,-0.019,-0.054,-0.035
Salvador Perez,7304,0.229,0.274,0.383,18.979,3.987,7.974,0.251,0.285,0.316,0.032,627,36,521692,0.25,0.3,0.447,19.979,5.069,9.702,0.272,0.318,0.355,0.037,1873,-0.02,-0.027,-0.064,-1,-1.082,-1.728,-0.022,-0.033,-0.039,-0.005,hitter,-0.019,-0.031,-0.061,-0.742,-1.615,-1.289,-0.02,-0.037,-0.037,-0.001
Sam Antonacci,35101,0.277,0.37,0.396,14.722,7.72,3.591,0.319,0.345,0.348,0.003,557,23,803011,NA,NA,NA,NA,NA,NA,NA,NA,NA,NA,NA,NA,NA,NA,NA,NA,NA,NA,NA,NA,NA,hitter,NA,NA,NA,NA,NA,NA,NA,NA,NA,NA
Sam Haggerty,18054,0.159,0.213,0.182,34.043,4.255,0,0.25,0.186,0.182,-0.004,47,32,664059,0.244,0.322,0.353,20.075,9.193,1.501,0.305,0.299,0.301,0.002,306,-0.085,-0.11,-0.171,13.968,-4.938,-1.501,-0.055,-0.114,-0.119,-0.005,hitter,-0.084,-0.113,-0.168,14.226,-5.471,-1.062,-0.053,-0.117,-0.118,-0.001
Sam Huff,22209,0.121,0.147,0.182,55.882,2.941,5.882,0.286,0.147,0.137,-0.01,34,28,669087,0.208,0.262,0.353,42.651,7.205,6.916,0.329,0.268,0.266,-0.002,107,-0.087,-0.115,-0.171,13.231,-4.263,-1.034,-0.043,-0.121,-0.129,-0.008,hitter,-0.086,-0.119,-0.169,13.489,-4.796,-0.595,-0.042,-0.125,-0.128,-0.003
Samad Taylor,22274,0.316,0.39,0.408,25.714,10.286,2.286,0.434,0.356,0.309,-0.047,175,27,669392,0.2,0.244,0.235,23.256,5.426,3.101,0.267,0.212,0.228,0.016,83,0.116,0.146,0.173,2.458,4.859,-0.815,0.167,0.144,0.081,-0.063,hitter,0.117,0.142,0.176,2.717,4.326,-0.376,0.168,0.14,0.082,-0.058
Samuel Basallo,28824,0.222,0.291,0.406,26.566,8.02,7.769,0.259,0.303,0.318,0.015,399,21,694212,0.165,0.229,0.33,25.424,5.085,5.932,0.187,0.246,0.286,0.04,118,0.057,0.062,0.075,1.143,2.935,1.837,0.073,0.057,0.032,-0.025,hitter,0.058,0.058,0.078,1.401,2.402,2.276,0.074,0.053,0.033,-0.02
Sandy Leon,5273,0.091,0.091,0.091,40.909,0,0,0.154,0.081,0.132,0.051,44,37,506702,0.109,0.126,0.277,38.462,0.962,0.962,0.107,0.171,0.163,-0.008,56,-0.018,-0.035,-0.186,2.448,-0.962,-0.962,0.047,-0.09,-0.031,0.06,hitter,-0.017,-0.039,-0.183,2.706,-1.495,-0.522,0.048,-0.094,-0.03,0.064
Santiago Espinal,19997,0.268,0.276,0.375,13.333,1.667,1.667,0.292,0.281,0.29,0.009,60,31,669289,0.244,0.295,0.315,12.651,6.358,0.978,0.272,0.271,0.27,-0.001,973,0.023,-0.019,0.06,0.683,-4.691,0.689,0.019,0.011,0.02,0.009,hitter,0.024,-0.022,0.063,0.941,-5.224,1.128,0.021,0.007,0.021,0.014
Scott Bandura,33398,0.207,0.233,0.241,56.667,3.333,0,0.5,0.214,0.136,-0.078,30,24,814154,NA,NA,NA,NA,NA,NA,NA,NA,NA,NA,NA,NA,NA,NA,NA,NA,NA,NA,NA,NA,NA,hitter,NA,NA,NA,NA,NA,NA,NA,NA,NA,NA
Scott Kingery,17975,0.25,0.25,0.25,0,0,0,0.25,0.222,0.156,-0.066,4,32,664068,0.148,0.207,0.185,37.931,6.897,3.448,0.25,0.182,0.196,0.014,29,0.102,0.043,0.065,-37.931,-6.897,-3.448,0,0.04,-0.04,-0.08,hitter,0.103,0.039,0.068,-37.673,-7.43,-3.009,0.002,0.037,-0.039,-0.075
Sean Keys,35094,0.197,0.242,0.328,34.328,4.478,5.97,0.27,0.251,0.262,0.011,67,23,815873,NA,NA,NA,NA,NA,NA,NA,NA,NA,NA,NA,NA,NA,NA,NA,NA,NA,NA,NA,NA,NA,hitter,NA,NA,NA,NA,NA,NA,NA,NA,NA,NA
Sean Murphy,19352,0.182,0.256,0.3,30.579,9.091,4.959,0.243,0.252,0.273,0.021,121,31,669221,0.205,0.305,0.403,28.268,10.463,7.41,0.244,0.31,0.325,0.015,1039,-0.023,-0.049,-0.103,2.311,-1.372,-2.451,-0.001,-0.058,-0.052,0.007,hitter,-0.022,-0.053,-0.1,2.569,-1.905,-2.012,0.001,-0.062,-0.051,0.011
Sebastian Rivero,21735,0.245,0.286,0.283,21.053,5.263,0,0.317,0.257,0.272,0.015,57,27,665861,0.182,0.206,0.242,26.471,2.941,5.882,0.25,0.198,0.204,0.007,34,0.063,0.08,0.041,-5.418,2.322,-5.882,0.067,0.06,0.068,0.008,hitter,0.064,0.076,0.044,-5.16,1.789,-5.443,0.069,0.056,0.069,0.013
Seiya Suzuki,30116,0.27,0.368,0.473,24.448,12.776,6.625,0.33,0.366,0.34,-0.026,634,31,673548,0.261,0.341,0.48,25.568,10.781,9.101,0.316,0.352,0.351,-0.001,1819,0.008,0.026,-0.007,-1.12,1.995,-2.476,0.014,0.014,-0.011,-0.025,hitter,0.009,0.022,-0.004,-0.862,1.462,-2.037,0.016,0.011,-0.01,-0.021
Shawn Ross,32054,0.2,0.2,0.8,40,0,20,0,0.41,0.428,0.018,5,26,676566,NA,NA,NA,NA,NA,NA,NA,NA,NA,NA,NA,NA,NA,NA,NA,NA,NA,NA,NA,NA,NA,hitter,NA,NA,NA,NA,NA,NA,NA,NA,NA,NA
Shay Whitcomb,27789,0.207,0.233,0.336,28.689,3.279,7.377,0.26,0.249,0.265,0.016,122,27,694376,0.166,0.208,0.251,24.832,5.034,3.691,0.206,0.204,0.264,0.06,78,0.041,0.025,0.085,3.856,-1.755,3.686,0.054,0.045,0,-0.044,hitter,0.042,0.022,0.088,4.114,-2.288,4.125,0.056,0.041,0.002,-0.04
Shea Langeliers,25816,0.262,0.328,0.474,23.34,7.923,8.994,0.3,0.347,0.352,0.005,467,28,669127,0.251,0.307,0.495,23.221,7.16,8.137,0.274,0.34,0.324,-0.015,1547,0.01,0.021,-0.02,0.12,0.763,0.857,0.027,0.007,0.027,0.02,hitter,0.011,0.017,-0.018,0.378,0.23,1.296,0.028,0.004,0.029,0.025
Shohei Ohtani,19755,0.275,0.377,0.512,24.595,13.107,9.871,0.329,0.376,0.397,0.021,618,31,660271,0.293,0.393,0.633,24.335,13.677,13.677,0.326,0.424,0.431,0.007,2057,-0.018,-0.016,-0.121,0.261,-0.57,-3.806,0.004,-0.047,-0.034,0.013,hitter,-0.017,-0.02,-0.118,0.519,-1.103,-3.367,0.006,-0.051,-0.033,0.018
Spencer Horwitz,26477,0.244,0.344,0.364,16.186,11.973,3.991,0.274,0.319,0.31,-0.009,451,28,687462,0.269,0.354,0.433,18.106,10.796,5.706,0.309,0.343,0.33,-0.014,836,-0.025,-0.01,-0.069,-1.92,1.178,-1.715,-0.035,-0.024,-0.02,0.004,hitter,-0.024,-0.014,-0.066,-1.662,0.645,-1.276,-0.034,-0.028,-0.019,0.009
Spencer Jones,31532,0.245,0.312,0.429,36.332,8.651,8.304,0.363,0.323,0.328,0.005,289,25,682987,NA,NA,NA,NA,NA,NA,NA,NA,NA,NA,NA,NA,NA,NA,NA,NA,NA,NA,NA,NA,NA,hitter,NA,NA,NA,NA,NA,NA,NA,NA,NA,NA
Spencer Steer,26323,0.238,0.319,0.421,22.396,9.115,7.812,0.271,0.326,0.342,0.016,384,28,668715,0.237,0.32,0.414,21.834,9.848,4.732,0.276,0.321,0.306,-0.015,1889,0.001,-0.001,0.006,0.561,-0.734,3.08,-0.005,0.005,0.036,0.031,hitter,0.002,-0.005,0.009,0.82,-1.267,3.519,-0.003,0.001,0.037,0.036
Spencer Torkelson,27465,0.23,0.331,0.435,31.699,11.601,6.699,0.306,0.337,0.314,-0.023,612,26,679529,0.234,0.322,0.436,26.242,10.371,7.492,0.281,0.327,0.324,-0.003,1714,-0.004,0.009,-0.001,5.457,1.231,-0.793,0.025,0.01,-0.01,-0.02,hitter,-0.003,0.005,0.002,5.715,0.698,-0.354,0.027,0.006,-0.009,-0.015
Starling Marte,9241,0.242,0.298,0.314,24.405,5.357,6.548,0.312,0.276,0.287,0.012,168,37,516782,0.267,0.329,0.392,21.059,6.686,5.103,0.322,0.316,0.325,0.008,1040,-0.025,-0.031,-0.078,3.345,-1.329,1.444,-0.009,-0.04,-0.037,0.003,hitter,-0.024,-0.035,-0.075,3.603,-1.862,1.883,-0.008,-0.044,-0.036,0.008
Sterlin Thompson,31443,0.232,0.312,0.377,27.273,6.494,3.896,0.304,0.308,0.295,-0.013,77,25,694514,NA,NA,NA,NA,NA,NA,NA,NA,NA,NA,NA,NA,NA,NA,NA,NA,NA,NA,NA,NA,NA,hitter,NA,NA,NA,NA,NA,NA,NA,NA,NA,NA
Steven Kwan,24610,0.282,0.382,0.349,9.733,13.344,0.314,0.312,0.334,0.329,-0.005,637,28,680757,0.277,0.342,0.388,9.099,8.685,1.62,0.29,0.321,0.317,-0.004,1951,0.005,0.04,-0.039,0.634,4.659,-1.306,0.022,0.013,0.011,-0.001,hitter,0.006,0.036,-0.036,0.893,4.126,-0.867,0.024,0.009,0.012,0.004
Steward Berroa,22766,0.143,0.143,0.143,57.143,0,0,0.333,0.127,0.211,0.084,7,27,672642,0.154,0.303,0.176,31.515,17.576,0,0.25,0.24,0.225,-0.015,51,-0.012,-0.16,-0.034,25.628,-17.576,0,0.083,-0.113,-0.014,0.099,hitter,-0.011,-0.164,-0.031,25.886,-18.109,0.439,0.085,-0.117,-0.013,0.103
Stuart Fairchild,20321,0.158,0.407,0.158,51.852,25.926,0,0.6,0.307,0.28,-0.027,27,30,656413,0.218,0.29,0.364,26.363,7.811,5.94,0.28,0.288,0.291,0.003,543,-0.06,0.117,-0.206,25.489,18.115,-5.94,0.32,0.019,-0.011,-0.029,hitter,-0.059,0.113,-0.203,25.747,17.582,-5.501,0.321,0.015,-0.01,-0.025
Sung-Mun Song,37122,0.191,0.291,0.244,20.13,12.338,2.597,0.24,0.25,0.253,0.003,154,29,823550,NA,NA,NA,NA,NA,NA,NA,NA,NA,NA,NA,NA,NA,NA,NA,NA,NA,NA,NA,NA,NA,hitter,NA,NA,NA,NA,NA,NA,NA,NA,NA,NA
TJ Friedl,19522,0.172,0.255,0.255,23.162,8.088,1.838,0.214,0.236,0.25,0.014,272,30,670770,0.255,0.352,0.389,16.407,10.592,2.038,0.287,0.329,0.299,-0.03,1582,-0.084,-0.097,-0.134,6.755,-2.503,-0.2,-0.073,-0.093,-0.049,0.044,hitter,-0.083,-0.101,-0.131,7.013,-3.036,0.239,-0.071,-0.097,-0.048,0.049
TJ Rumfield,29805,0.3,0.39,0.453,13.629,11.41,3.645,0.331,0.373,0.333,-0.04,631,26,681198,NA,NA,NA,NA,NA,NA,NA,NA,NA,NA,NA,NA,NA,NA,NA,NA,NA,NA,NA,NA,NA,hitter,NA,NA,NA,NA,NA,NA,NA,NA,NA,NA
Tanner Murray,28848,0.214,0.281,0.321,21.212,6.061,6.061,0.238,0.256,0.275,0.02,33,26,695020,NA,NA,NA,NA,NA,NA,NA,NA,NA,NA,NA,NA,NA,NA,NA,NA,NA,NA,NA,NA,NA,hitter,NA,NA,NA,NA,NA,NA,NA,NA,NA,NA
Taylor Trammell,19960,0.192,0.285,0.341,32.18,10.035,6.92,0.266,0.28,0.283,0.003,289,28,666211,0.19,0.294,0.327,31.258,12.848,4.503,0.263,0.279,0.27,-0.009,199,0.002,-0.009,0.014,0.922,-2.813,2.417,0.003,0.001,0.013,0.012,hitter,0.003,-0.013,0.017,1.18,-3.346,2.856,0.005,-0.003,0.014,0.017
Taylor Walls,22458,0.222,0.309,0.298,24.249,10.393,1.386,0.301,0.278,0.251,-0.027,433,29,670764,0.207,0.284,0.301,23.903,9.926,2.119,0.266,0.262,0.26,-0.002,918,0.015,0.025,-0.003,0.346,0.467,-0.733,0.035,0.016,-0.009,-0.025,hitter,0.016,0.021,-0,0.604,-0.066,-0.294,0.037,0.012,-0.008,-0.02
Taylor Ward,17548,0.225,0.359,0.311,21.417,16.31,3.13,0.288,0.312,0.334,0.022,607,32,621493,0.236,0.32,0.454,25.276,10.555,8.244,0.272,0.333,0.337,0.004,1735,-0.011,0.039,-0.143,-3.859,5.755,-5.114,0.016,-0.021,-0.004,0.018,hitter,-0.01,0.035,-0.14,-3.601,5.222,-4.675,0.018,-0.025,-0.003,0.023
Teoscar Hernandez,13066,0.267,0.334,0.425,27.495,8.554,6.721,0.347,0.332,0.332,-0,491,33,606192,0.257,0.307,0.468,26.939,6.096,8.538,0.311,0.331,0.333,0.002,1876,0.01,0.027,-0.043,0.556,2.458,-1.817,0.036,0.001,-0.001,-0.002,hitter,0.011,0.023,-0.04,0.814,1.925,-1.378,0.038,-0.003,-0,0.003
Thomas Saggese,27883,0.235,0.294,0.352,27.222,7.222,6.111,0.304,0.286,0.309,0.022,180,24,695336,0.253,0.295,0.338,28.02,5.273,3.556,0.35,0.279,0.278,-0.001,347,-0.018,-0,0.013,-0.797,1.949,2.555,-0.047,0.007,0.031,0.024,hitter,-0.017,-0.004,0.016,-0.539,1.416,2.994,-0.045,0.004,0.032,0.029
Tim Tawa,29571,0.24,0.297,0.393,23.932,7.692,7.123,0.288,0.302,0.315,0.013,351,27,694374,0.201,0.274,0.347,28.444,8.889,5.778,0.252,0.273,0.29,0.016,225,0.039,0.023,0.046,-4.513,-1.197,1.345,0.036,0.029,0.025,-0.003,hitter,0.04,0.019,0.049,-4.255,-1.73,1.784,0.038,0.025,0.027,0.001
Tommy Edman,19470,0.247,0.329,0.385,20.242,6.647,3.625,0.295,0.32,0.303,-0.016,331,31,669242,0.232,0.283,0.39,16.678,5.675,3.377,0.245,0.292,0.311,0.019,1058,0.016,0.046,-0.005,3.563,0.971,0.248,0.049,0.028,-0.007,-0.035,hitter,0.017,0.042,-0.002,3.822,0.438,0.687,0.051,0.024,-0.006,-0.03
Tommy Pham,2967,0.1,0.229,0.2,31.429,14.286,2.857,0.111,0.209,0.317,0.108,35,38,502054,0.247,0.321,0.378,21.49,9.663,4.976,0.299,0.307,0.323,0.017,1408,-0.147,-0.093,-0.178,9.938,4.622,-2.119,-0.188,-0.097,-0.006,0.091,hitter,-0.146,-0.096,-0.175,10.196,4.089,-1.68,-0.186,-0.101,-0.005,0.096
Tommy Troy,33279,0.217,0.289,0.349,23.776,9.091,6.294,0.264,0.285,0.304,0.02,143,24,694371,NA,NA,NA,NA,NA,NA,NA,NA,NA,NA,NA,NA,NA,NA,NA,NA,NA,NA,NA,NA,NA,hitter,NA,NA,NA,NA,NA,NA,NA,NA,NA,NA
Tommy White,35107,0.254,0.272,0.328,17.949,2.564,5.641,0.296,0.264,0.291,0.027,195,23,695720,NA,NA,NA,NA,NA,NA,NA,NA,NA,NA,NA,NA,NA,NA,NA,NA,NA,NA,NA,NA,NA,hitter,NA,NA,NA,NA,NA,NA,NA,NA,NA,NA
Travis Bazzana,34967,0.245,0.335,0.408,20.696,10.832,3.288,0.286,0.328,0.299,-0.029,517,23,683953,NA,NA,NA,NA,NA,NA,NA,NA,NA,NA,NA,NA,NA,NA,NA,NA,NA,NA,NA,NA,NA,hitter,NA,NA,NA,NA,NA,NA,NA,NA,NA,NA
Travis d'Arnaud,7739,0.158,0.238,0.237,28.571,7.143,5.952,0.216,0.222,0.234,0.012,84,37,518595,0.217,0.279,0.387,28.502,6.397,6.761,0.272,0.29,0.299,0.009,864,-0.059,-0.04,-0.151,0.069,0.746,-0.809,-0.056,-0.068,-0.065,0.004,hitter,-0.058,-0.044,-0.148,0.328,0.213,-0.37,-0.055,-0.072,-0.064,0.009
Trea Turner,16252,0.242,0.297,0.378,21,6.857,4.286,0.284,0.298,0.293,-0.005,700,33,607208,0.297,0.346,0.461,17.79,6.197,4.816,0.34,0.349,0.321,-0.027,1869,-0.055,-0.048,-0.082,3.21,0.661,-0.53,-0.055,-0.051,-0.028,0.023,hitter,-0.054,-0.052,-0.079,3.468,0.128,-0.091,-0.054,-0.054,-0.027,0.027
Trei Cruz,27569,0,0,0,60,0,0,0,0,0.097,0.097,5,27,669360,NA,NA,NA,NA,NA,NA,NA,NA,NA,NA,NA,NA,NA,NA,NA,NA,NA,NA,NA,NA,NA,hitter,NA,NA,NA,NA,NA,NA,NA,NA,NA,NA
Trent Grisham,18564,0.211,0.308,0.395,18.388,12.603,6.612,0.222,0.311,0.337,0.026,484,29,663757,0.223,0.334,0.436,24.713,13.482,8.27,0.249,0.337,0.353,0.016,1345,-0.012,-0.026,-0.042,-6.324,-0.878,-1.659,-0.027,-0.026,-0.016,0.01,hitter,-0.011,-0.03,-0.039,-6.066,-1.411,-1.219,-0.025,-0.03,-0.015,0.014
Trevor Larnach,21501,0.269,0.352,0.436,18.245,10.393,5.312,0.309,0.347,0.327,-0.02,433,29,663616,0.251,0.327,0.413,22.345,9.701,5.557,0.297,0.322,0.324,0.002,1179,0.018,0.025,0.023,-4.1,0.692,-0.245,0.012,0.025,0.003,-0.022,hitter,0.019,0.021,0.026,-3.842,0.159,0.194,0.014,0.022,0.004,-0.017
Trevor Story,12564,0.235,0.271,0.351,32.331,4.135,3.383,0.333,0.272,0.248,-0.023,266,33,596115,0.26,0.308,0.425,27.529,5.511,6.31,0.332,0.317,0.305,-0.012,928,-0.025,-0.037,-0.074,4.802,-1.376,-2.926,0.002,-0.045,-0.056,-0.011,hitter,-0.024,-0.041,-0.071,5.06,-1.909,-2.487,0.003,-0.049,-0.055,-0.006
Trey Mancini,15149,0.308,0.286,0.462,21.429,0,14.286,0.364,0.305,0.282,-0.023,14,34,641820,0.234,0.299,0.336,29.658,7.985,2.281,0.327,0.28,0.272,-0.008,263,0.074,-0.013,0.125,-8.229,-7.985,12.004,0.037,0.025,0.01,-0.015,hitter,0.075,-0.017,0.128,-7.971,-8.518,12.443,0.038,0.021,0.011,-0.011
Tristan Gray,19877,0.225,0.267,0.324,31.915,5.319,3.723,0.312,0.262,0.26,-0.001,188,30,656484,0.211,0.268,0.37,27.083,7.386,7.765,0.262,0.277,0.328,0.05,122,0.015,-0,-0.046,4.832,-2.067,-4.042,0.051,-0.016,-0.067,-0.051,hitter,0.016,-0.004,-0.043,5.09,-2.6,-3.603,0.053,-0.019,-0.066,-0.047
Tristan Peters,30063,0.265,0.337,0.437,18.33,7.536,3.87,0.309,0.34,0.314,-0.026,491,26,671976,0,0,0,58.333,0,0,0,0,0.146,0.146,12,0.265,0.337,0.437,-40.003,7.536,3.87,0.309,0.34,0.168,-0.172,hitter,0.266,0.333,0.44,-39.745,7.003,4.309,0.31,0.336,0.169,-0.167
Troy Johnston,26143,0.277,0.348,0.393,18.486,8.241,1.559,0.337,0.329,0.323,-0.007,449,29,687859,0.277,0.331,0.42,21.488,6.612,6.612,0.329,0.328,0.341,0.013,121,0,0.018,-0.027,-3.002,1.629,-5.053,0.007,0.001,-0.018,-0.019,hitter,0.001,0.014,-0.024,-2.744,1.096,-4.613,0.009,-0.002,-0.017,-0.015
Tsung-Che Cheng,28344,0.256,0.318,0.282,31.818,9.091,4.545,0.385,0.274,0.303,0.029,44,24,691907,0,0,0,42.857,0,0,0,0,0.165,0.165,7,0.256,0.318,0.282,-11.039,9.091,4.545,0.385,0.274,0.138,-0.136,hitter,0.257,0.314,0.285,-10.781,8.558,4.985,0.386,0.271,0.139,-0.131
Turner Hill,32053,0.219,0.306,0.314,16.935,10.484,3.226,0.253,0.28,0.316,0.036,124,27,806367,NA,NA,NA,NA,NA,NA,NA,NA,NA,NA,NA,NA,NA,NA,NA,NA,NA,NA,NA,NA,NA,hitter,NA,NA,NA,NA,NA,NA,NA,NA,NA,NA
Ty France,17982,0.295,0.363,0.502,21.6,7.4,6.2,0.342,0.373,0.327,-0.046,500,31,664034,0.248,0.317,0.363,18.517,5.657,5.36,0.292,0.302,0.321,0.02,1690,0.047,0.045,0.139,3.083,1.743,0.84,0.05,0.071,0.005,-0.066,hitter,0.048,0.042,0.142,3.341,1.21,1.279,0.052,0.067,0.007,-0.061
Tyler Black,29949,0.333,0.357,0.481,25,3.571,0,0.45,0.364,0.191,-0.173,28,25,672012,0.214,0.377,0.273,23.729,19.492,0,0.305,0.311,0.303,-0.007,70,0.119,-0.02,0.209,1.271,-15.92,0,0.145,0.054,-0.112,-0.166,hitter,0.12,-0.024,0.212,1.529,-16.453,0.439,0.146,0.05,-0.111,-0.161
Tyler Callihan,27497,0.211,0.283,0.389,35.514,8.411,3.738,0.309,0.294,0.252,-0.042,107,26,682997,0.167,0.167,0.167,16.667,0,0,0.2,0.147,0.194,0.047,6,0.044,0.116,0.223,18.847,8.411,3.738,0.109,0.147,0.058,-0.089,hitter,0.045,0.113,0.226,19.105,7.878,4.177,0.111,0.143,0.059,-0.085
Tyler Freeman,22532,0.247,0.317,0.314,11.806,3.819,1.042,0.275,0.289,0.309,0.02,288,27,671289,0.256,0.335,0.348,12.844,7.637,1.909,0.287,0.306,0.317,0.011,979,-0.009,-0.019,-0.034,-1.038,-3.817,-0.868,-0.011,-0.017,-0.008,0.009,hitter,-0.008,-0.022,-0.031,-0.78,-4.35,-0.428,-0.01,-0.021,-0.007,0.014
Tyler Heineman,13897,0.175,0.223,0.22,15,2.5,0.5,0.205,0.204,0.235,0.031,200,35,623168,0.277,0.36,0.397,18.756,7.979,2.073,0.335,0.335,0.273,-0.062,237,-0.102,-0.136,-0.176,-3.756,-5.479,-1.573,-0.129,-0.131,-0.038,0.093,hitter,-0.101,-0.14,-0.174,-3.498,-6.012,-1.133,-0.128,-0.134,-0.037,0.097
Tyler Locklear,31396,0.278,0.357,0.444,21.429,9.524,9.524,0.333,0.35,0.334,-0.016,42,25,682988,0.171,0.259,0.272,37.827,8.116,3.576,0.254,0.244,0.246,0.002,165,0.107,0.099,0.172,-16.398,1.408,5.947,0.079,0.106,0.088,-0.018,hitter,0.108,0.095,0.175,-16.14,0.875,6.387,0.081,0.103,0.089,-0.013
Tyler O'Neill,15711,0.212,0.3,0.377,27.692,10.385,5.385,0.262,0.302,0.307,0.005,260,31,641933,0.224,0.317,0.455,29.267,10.879,9.634,0.265,0.331,0.347,0.016,948,-0.012,-0.017,-0.078,-1.575,-0.495,-4.249,-0.004,-0.029,-0.04,-0.011,hitter,-0.011,-0.021,-0.075,-1.317,-1.027,-3.81,-0.002,-0.033,-0.039,-0.006
Tyler Soderstrom,27467,0.245,0.338,0.472,20.088,11.7,6.402,0.272,0.35,0.327,-0.022,453,24,691016,0.265,0.337,0.458,23.274,8.879,7.827,0.315,0.343,0.34,-0.003,975,-0.02,0.001,0.014,-3.186,2.821,-1.425,-0.043,0.006,-0.013,-0.019,hitter,-0.019,-0.003,0.017,-2.928,2.288,-0.986,-0.042,0.002,-0.012,-0.014
Tyler Stephenson,17988,0.241,0.323,0.404,27.35,10.47,7.479,0.308,0.32,0.326,0.006,468,29,663886,0.244,0.325,0.425,28.261,9.968,6.707,0.314,0.326,0.316,-0.01,1374,-0.003,-0.002,-0.021,-0.91,0.502,0.771,-0.006,-0.006,0.01,0.015,hitter,-0.002,-0.006,-0.018,-0.652,-0.031,1.21,-0.005,-0.009,0.011,0.02
Tyler Tolbert,25779,0.285,0.347,0.392,20.946,8.108,2.027,0.351,0.329,0.287,-0.042,148,28,686475,0.28,0.321,0.38,19.298,1.754,1.754,0.325,0.305,0.313,0.007,57,0.005,0.026,0.012,1.648,6.354,0.273,0.026,0.024,-0.026,-0.049,hitter,0.006,0.022,0.015,1.906,5.821,0.712,0.027,0.02,-0.025,-0.045
Tyrone Taylor,13675,0.279,0.325,0.502,17.012,5.809,6.639,0.296,0.355,0.309,-0.046,241,32,621438,0.232,0.285,0.359,22.628,4.861,3.621,0.292,0.281,0.3,0.018,929,0.046,0.04,0.144,-5.616,0.948,3.018,0.004,0.074,0.009,-0.065,hitter,0.047,0.036,0.147,-5.358,0.415,3.458,0.005,0.071,0.01,-0.06
Vaughn Grissom,26031,0.242,0.307,0.386,18.354,6.54,4.852,0.271,0.306,0.309,0.003,474,25,687093,0.208,0.258,0.244,20.616,5.45,3.791,0.264,0.228,0.29,0.063,194,0.034,0.049,0.143,-2.262,1.09,1.061,0.007,0.078,0.019,-0.06,hitter,0.035,0.045,0.146,-2.004,0.557,1.5,0.008,0.075,0.02,-0.055
Victor Bericoto,26468,0.241,0.267,0.42,27.586,3.448,9.483,0.293,0.297,0.299,0.002,116,24,682674,NA,NA,NA,NA,NA,NA,NA,NA,NA,NA,NA,NA,NA,NA,NA,NA,NA,NA,NA,NA,NA,hitter,NA,NA,NA,NA,NA,NA,NA,NA,NA,NA
Victor Caratini,14968,0.22,0.312,0.315,20.942,8.901,4.188,0.262,0.285,0.306,0.021,382,32,605170,0.262,0.327,0.404,17.764,6.817,5.071,0.291,0.32,0.326,0.006,886,-0.041,-0.016,-0.089,3.179,2.084,-0.882,-0.029,-0.035,-0.02,0.015,hitter,-0.041,-0.02,-0.086,3.437,1.551,-0.443,-0.027,-0.039,-0.019,0.02
Victor Mesa Jr.,25999,0.26,0.327,0.498,20.229,8.779,7.634,0.278,0.355,0.329,-0.026,262,24,683748,0.188,0.297,0.344,13.158,13.158,5.263,0.192,0.288,0.331,0.043,38,0.072,0.03,0.154,7.071,-4.379,2.37,0.086,0.068,-0.001,-0.069,hitter,0.073,0.026,0.157,7.329,-4.912,2.81,0.087,0.064,-0,-0.064
Victor Robles,18363,0.256,0.315,0.308,14.765,6.04,1.342,0.304,0.283,0.28,-0.002,149,29,645302,0.283,0.344,0.389,19.418,5.629,3.858,0.346,0.324,0.293,-0.03,535,-0.027,-0.029,-0.081,-4.653,0.411,-2.516,-0.043,-0.041,-0.013,0.028,hitter,-0.026,-0.033,-0.078,-4.395,-0.122,-2.077,-0.041,-0.045,-0.012,0.033
Victor Scott II,31349,0.193,0.27,0.253,23.59,8.205,1.026,0.252,0.243,0.271,0.028,195,25,687363,0.209,0.29,0.294,24.496,8.201,2.626,0.275,0.265,0.28,0.015,618,-0.017,-0.02,-0.041,-0.907,0.004,-1.6,-0.023,-0.022,-0.009,0.013,hitter,-0.016,-0.024,-0.038,-0.649,-0.529,-1.161,-0.021,-0.026,-0.008,0.018
Vidal Brujan,20536,0.091,0.167,0.091,7.692,7.692,0,0.1,0.132,0.213,0.081,13,28,660644,0.229,0.3,0.308,20.675,7.897,0.718,0.292,0.271,0.26,-0.011,457,-0.139,-0.134,-0.217,-12.982,-0.204,-0.718,-0.192,-0.139,-0.047,0.092,hitter,-0.138,-0.137,-0.214,-12.724,-0.737,-0.279,-0.19,-0.142,-0.046,0.097
Vimael Machin,17684,0.5,0.5,0.5,33.333,0,0,0.75,0.445,0.417,-0.028,6,32,605353,0.091,0.167,0.364,16.667,8.333,8.333,0,0.227,0.286,0.058,12,0.409,0.333,0.136,16.667,-8.333,-8.333,0.75,0.218,0.131,-0.086,hitter,0.41,0.33,0.139,16.925,-8.866,-7.894,0.752,0.214,0.132,-0.082
Vinnie Pasquantino,27676,0.249,0.333,0.428,15.8,10.603,6.861,0.264,0.332,0.338,0.007,481,28,686469,0.263,0.32,0.464,14.61,7.314,7.277,0.268,0.334,0.334,-0.001,1496,-0.013,0.012,-0.037,1.191,3.289,-0.416,-0.004,-0.003,0.005,0.008,hitter,-0.012,0.009,-0.034,1.449,2.756,0.023,-0.002,-0.007,0.006,0.013
Vladimir Guerrero Jr.,19611,0.26,0.332,0.356,13.3,9.195,5.255,0.288,0.305,0.331,0.025,609,27,665489,0.3,0.382,0.491,13.899,11.145,9.347,0.319,0.374,0.392,0.018,2059,-0.039,-0.05,-0.135,-0.599,-1.95,-4.093,-0.031,-0.068,-0.061,0.007,hitter,-0.038,-0.054,-0.132,-0.341,-2.483,-3.653,-0.029,-0.072,-0.06,0.012
Wade Meckler,31490,0.3,0.373,0.387,18.694,9.496,2.077,0.372,0.342,0.314,-0.027,337,26,685133,0.232,0.328,0.25,39.062,9.375,0,0.419,0.273,0.265,-0.008,64,0.068,0.045,0.137,-20.368,0.121,2.077,-0.048,0.069,0.049,-0.019,hitter,0.069,0.041,0.14,-20.11,-0.412,2.516,-0.046,0.065,0.05,-0.015
Walker Jenkins,33571,0.226,0.293,0.393,20.43,7.527,5.376,0.246,0.303,0.31,0.007,93,21,805805,NA,NA,NA,NA,NA,NA,NA,NA,NA,NA,NA,NA,NA,NA,NA,NA,NA,NA,NA,NA,NA,hitter,NA,NA,NA,NA,NA,NA,NA,NA,NA,NA
Wenceel Perez,22857,0.18,0.246,0.348,16.571,8,5.714,0.176,0.262,0.272,0.009,175,26,672761,0.243,0.305,0.411,22.288,7.868,4.828,0.289,0.31,0.302,-0.008,808,-0.063,-0.059,-0.063,-5.717,0.132,0.887,-0.113,-0.048,-0.03,0.018,hitter,-0.062,-0.063,-0.06,-5.459,-0.401,1.326,-0.111,-0.052,-0.029,0.022
Weston Wilson,19358,0.201,0.284,0.305,31.694,9.836,2.186,0.284,0.269,0.251,-0.018,183,31,642215,0.228,0.308,0.41,27.843,9.564,7.226,0.287,0.313,0.327,0.014,245,-0.026,-0.024,-0.105,3.851,0.272,-5.041,-0.002,-0.045,-0.076,-0.031,hitter,-0.025,-0.027,-0.102,4.109,-0.261,-4.601,-0.001,-0.048,-0.075,-0.026
Will Banfield,23790,0.15,0.143,0.2,33.333,0,0,0.214,0.145,0.151,0.006,21,26,677943,0.1,0.1,0.1,60,0,0,0.25,0.088,0.151,0.063,10,0.05,0.043,0.1,-26.667,0,0,-0.036,0.057,0,-0.056,hitter,0.051,0.039,0.103,-26.409,-0.533,0.439,-0.034,0.053,0.001,-0.052
Will Benson,21853,0.188,0.31,0.333,33.333,14.035,6.14,0.273,0.29,0.3,0.009,114,28,666181,0.215,0.284,0.418,32.632,8.702,7.796,0.281,0.301,0.308,0.007,970,-0.028,0.026,-0.084,0.701,5.333,-1.655,-0.008,-0.011,-0.009,0.002,hitter,-0.027,0.022,-0.081,0.959,4.8,-1.216,-0.006,-0.014,-0.008,0.007
Will Brennan,25660,0.087,0.087,0.087,13.043,0,0,0.1,0.077,0.178,0.1,23,28,686823,0.258,0.303,0.368,13.046,4.94,3.04,0.282,0.292,0.299,0.006,821,-0.171,-0.216,-0.281,-0.003,-4.94,-3.04,-0.182,-0.215,-0.121,0.094,hitter,-0.17,-0.22,-0.278,0.255,-5.473,-2.601,-0.181,-0.219,-0.12,0.099
Will Smith,19197,0.26,0.355,0.426,16.304,12.319,8.696,0.277,0.345,0.389,0.044,276,31,669257,0.273,0.369,0.465,19.446,12.277,7.306,0.308,0.36,0.357,-0.003,1534,-0.013,-0.014,-0.039,-3.141,0.042,1.389,-0.03,-0.015,0.032,0.047,hitter,-0.012,-0.018,-0.036,-2.883,-0.491,1.828,-0.029,-0.019,0.033,0.052
Will Wagner,29634,0.257,0.422,0.286,15.556,22.222,0,0.321,0.333,0.329,-0.004,45,27,695238,0.247,0.328,0.327,18.744,9.671,2.792,0.307,0.296,0.33,0.035,235,0.01,0.095,-0.041,-3.188,12.551,-2.792,0.014,0.038,-0.001,-0.039,hitter,0.011,0.091,-0.038,-2.93,12.018,-2.352,0.016,0.034,0,-0.034
Will Wilson,25434,0.2,0.333,0.8,16.667,16.667,16.667,0,0.458,0.451,-0.006,6,27,669717,0.192,0.267,0.244,37.363,7.692,1.099,0.341,0.236,0.219,-0.017,91,0.008,0.066,0.556,-20.696,8.974,15.568,-0.341,0.222,0.232,0.01,hitter,0.009,0.062,0.559,-20.438,8.441,16.007,-0.339,0.218,0.233,0.015
Willi Castro,17338,0.26,0.331,0.417,27.044,8.595,5.031,0.336,0.33,0.309,-0.021,477,29,650489,0.238,0.323,0.378,24.084,8.442,4.363,0.302,0.31,0.312,0.001,1498,0.022,0.008,0.039,2.96,0.153,0.668,0.034,0.019,-0.003,-0.022,hitter,0.023,0.004,0.042,3.218,-0.38,1.108,0.036,0.016,-0.002,-0.017
William Contreras,20503,0.27,0.341,0.417,14.688,9.531,6.406,0.292,0.33,0.334,0.005,640,28,661388,0.27,0.36,0.428,19.233,12.065,5.418,0.315,0.344,0.341,-0.003,1949,0,-0.019,-0.011,-4.545,-2.533,0.988,-0.023,-0.014,-0.006,0.007,hitter,0.001,-0.023,-0.008,-4.287,-3.066,1.427,-0.021,-0.017,-0.005,0.012
Willson Contreras,11609,0.275,0.386,0.516,25.234,11.028,7.85,0.332,0.391,0.376,-0.015,535,34,575929,0.259,0.354,0.454,25.297,9.261,8.052,0.322,0.352,0.362,0.009,1416,0.015,0.031,0.061,-0.063,1.767,-0.202,0.01,0.039,0.014,-0.025,hitter,0.016,0.028,0.064,0.195,1.234,0.238,0.012,0.035,0.015,-0.02
Willy Adames,15986,0.23,0.289,0.424,27.525,7.327,5.743,0.281,0.311,0.296,-0.015,505,30,642715,0.233,0.322,0.434,25.75,11.301,7.714,0.274,0.327,0.332,0.005,2012,-0.003,-0.033,-0.01,1.775,-3.975,-1.971,0.007,-0.016,-0.036,-0.02,hitter,-0.002,-0.036,-0.007,2.033,-4.508,-1.532,0.008,-0.02,-0.035,-0.015
Wilyer Abreu,23772,0.248,0.327,0.446,20.705,10.426,8.517,0.282,0.335,0.346,0.011,681,27,677800,0.251,0.321,0.465,25.719,9.371,7.548,0.299,0.335,0.329,-0.006,949,-0.003,0.007,-0.02,-5.014,1.055,0.969,-0.016,-0,0.018,0.018,hitter,-0.002,0.003,-0.017,-4.756,0.522,1.408,-0.015,-0.004,0.019,0.023
Wyatt Langford,33333,0.238,0.333,0.421,22.718,11.677,5.096,0.281,0.333,0.319,-0.014,471,24,694671,0.246,0.337,0.425,24.25,11.53,7.672,0.298,0.331,0.341,0.009,1130,-0.007,-0.004,-0.004,-1.533,0.147,-2.576,-0.017,0.002,-0.022,-0.023,hitter,-0.006,-0.007,-0.001,-1.275,-0.386,-2.137,-0.015,-0.002,-0.021,-0.019
Xander Bogaerts,12161,0.231,0.332,0.344,17.987,12.706,3.795,0.266,0.306,0.325,0.019,606,33,593428,0.266,0.325,0.395,16.971,7.894,4.653,0.301,0.313,0.32,0.006,1680,-0.035,0.006,-0.05,1.015,4.813,-0.858,-0.036,-0.008,0.005,0.013,hitter,-0.034,0.003,-0.048,1.274,4.28,-0.419,-0.034,-0.011,0.006,0.018
Xavier Edwards,22266,0.28,0.36,0.371,13.95,11.429,2.353,0.32,0.325,0.311,-0.015,595,26,669364,0.293,0.354,0.368,14.922,8.488,0.807,0.345,0.319,0.294,-0.025,1006,-0.013,0.005,0.003,-0.972,2.94,1.546,-0.025,0.006,0.016,0.01,hitter,-0.012,0.002,0.006,-0.714,2.407,1.985,-0.024,0.002,0.017,0.015
Yainer Diaz,23003,0.285,0.313,0.459,15.789,3.324,5.54,0.305,0.334,0.312,-0.022,361,27,673237,0.274,0.301,0.435,17.163,3.61,7.122,0.3,0.315,0.333,0.018,1563,0.011,0.012,0.025,-1.374,-0.286,-1.582,0.005,0.02,-0.021,-0.04,hitter,0.012,0.009,0.028,-1.116,-0.819,-1.142,0.007,0.016,-0.02,-0.036
Yandy Diaz,16578,0.293,0.359,0.446,14.286,8.163,5.394,0.316,0.35,0.346,-0.005,686,34,650490,0.297,0.362,0.464,14.673,8.744,6.191,0.322,0.357,0.351,-0.006,1872,-0.004,-0.004,-0.017,-0.387,-0.581,-0.797,-0.006,-0.007,-0.005,0.002,hitter,-0.003,-0.008,-0.014,-0.129,-1.114,-0.358,-0.004,-0.01,-0.004,0.007
Yoan Moncada,17232,0.189,0.308,0.297,34.615,13.077,3.846,0.286,0.281,0.269,-0.012,130,31,660162,0.242,0.331,0.44,26.588,10.067,7.641,0.303,0.334,0.322,-0.012,691,-0.053,-0.024,-0.142,8.028,3.01,-3.795,-0.017,-0.053,-0.053,-0,hitter,-0.052,-0.028,-0.14,8.286,2.477,-3.355,-0.016,-0.057,-0.052,0.005
Yohandy Morales,33361,0.255,0.255,0.596,31.915,0,10.638,0.286,0.358,0.317,-0.041,47,24,691002,NA,NA,NA,NA,NA,NA,NA,NA,NA,NA,NA,NA,NA,NA,NA,NA,NA,NA,NA,NA,NA,hitter,NA,NA,NA,NA,NA,NA,NA,NA,NA,NA
Yohel Pozo,18848,0.25,0.258,0.317,14.516,1.613,1.613,0.275,0.251,0.252,0.001,62,29,650968,0.231,0.262,0.375,13.095,4.167,1.786,0.239,0.275,0.276,0.001,168,0.019,-0.004,-0.058,1.421,-2.554,-0.173,0.036,-0.024,-0.024,-0,hitter,0.02,-0.008,-0.055,1.679,-3.087,0.266,0.037,-0.027,-0.023,0.004
Yohendrick Pinango,26664,0.26,0.306,0.396,24.444,6.111,5.556,0.325,0.309,0.309,-0,180,24,682818,NA,NA,NA,NA,NA,NA,NA,NA,NA,NA,NA,NA,NA,NA,NA,NA,NA,NA,NA,NA,NA,hitter,NA,NA,NA,NA,NA,NA,NA,NA,NA,NA
Yordan Alvarez,19556,0.316,0.432,0.601,17.341,15.751,10.405,0.334,0.429,0.442,0.013,692,29,670541,0.296,0.387,0.53,15.96,12.25,10.424,0.309,0.385,0.409,0.024,1330,0.02,0.045,0.071,1.381,3.502,-0.019,0.025,0.044,0.032,-0.011,hitter,0.021,0.041,0.074,1.639,2.969,0.42,0.027,0.04,0.033,-0.007
Zac Veen,27770,0.232,0.312,0.435,39.241,8.861,3.797,0.371,0.327,0.275,-0.051,79,24,691728,0.118,0.189,0.235,37.838,5.405,2.703,0.158,0.193,0.188,-0.005,37,0.114,0.122,0.199,1.403,3.455,1.095,0.214,0.133,0.087,-0.046,hitter,0.115,0.119,0.202,1.661,2.922,1.534,0.215,0.13,0.088,-0.041
Zach Cole,31583,0.157,0.189,0.353,39.623,1.887,9.434,0.185,0.234,0.289,0.055,53,25,805904,0.255,0.327,0.553,38.462,9.615,7.692,0.348,0.373,0.305,-0.068,52,-0.098,-0.138,-0.2,1.161,-7.729,1.742,-0.163,-0.139,-0.016,0.123,hitter,-0.097,-0.142,-0.197,1.419,-8.262,2.181,-0.161,-0.143,-0.015,0.128
Zach Dezenzo,31562,0.213,0.28,0.307,37.805,8.537,4.878,0.349,0.266,0.248,-0.017,82,26,701305,0.244,0.309,0.368,33.919,8.649,8.378,0.364,0.3,0.311,0.012,174,-0.031,-0.029,-0.062,3.886,-0.112,-3.5,-0.015,-0.034,-0.063,-0.029,hitter,-0.03,-0.033,-0.059,4.144,-0.645,-3.061,-0.014,-0.038,-0.062,-0.024
Zach McKinstry,19392,0.199,0.288,0.294,16.312,9.929,1.418,0.233,0.265,0.284,0.019,423,31,656716,0.245,0.316,0.402,21.616,8.547,4.002,0.298,0.312,0.303,-0.009,1354,-0.045,-0.028,-0.108,-5.304,1.382,-2.584,-0.065,-0.047,-0.019,0.028,hitter,-0.044,-0.031,-0.105,-5.045,0.849,-2.144,-0.063,-0.051,-0.018,0.033
Zach Neto,31347,0.239,0.33,0.436,30.54,9.943,6.818,0.32,0.336,0.318,-0.019,704,25,687263,0.252,0.318,0.456,25.321,6.157,7.564,0.303,0.332,0.332,-0,1485,-0.013,0.012,-0.02,5.219,3.786,-0.746,0.017,0.004,-0.014,-0.019,hitter,-0.012,0.008,-0.017,5.477,3.253,-0.306,0.019,0.001,-0.013,-0.014
Zack Gelof,29766,0.256,0.322,0.475,24.598,7.126,7.126,0.298,0.346,0.323,-0.023,435,26,680869,0.21,0.27,0.361,35.814,7.155,5.519,0.304,0.275,0.268,-0.008,948,0.046,0.052,0.114,-11.216,-0.028,1.607,-0.006,0.071,0.055,-0.016,hitter,0.047,0.048,0.117,-10.958,-0.561,2.046,-0.004,0.067,0.056,-0.011
Zack Short,19562,0.14,0.262,0.18,30.645,12.903,3.226,0.212,0.218,0.256,0.038,62,31,670097,0.186,0.288,0.302,28.607,11.292,3.137,0.252,0.269,0.269,0,397,-0.046,-0.026,-0.122,2.038,1.611,0.089,-0.04,-0.051,-0.013,0.038,hitter,-0.046,-0.03,-0.12,2.296,1.078,0.528,-0.038,-0.055,-0.012,0.043
